2026-09-12 14:58:30 - inicio del recorrido
2026-09-12 14:58:31      1/ 5507  10275           1.4 s  Freq=Q N.periodos=52
2026-09-12 14:58:32      2/ 5507  10277           0.8 s  Freq=Q N.periodos=52
2026-09-12 14:58:34      3/ 5507  10280           2.0 s  Freq=M N.periodos=168
2026-09-12 14:58:35      4/ 5507  10299           1.3 s  Freq=Y N.periodos=14
2026-09-12 14:58:36      5/ 5507  10278           0.6 s  Freq=Q N.periodos=52
2026-09-12 14:58:38      6/ 5507  10282           1.6 s  Freq=M N.periodos=168
2026-09-12 14:58:39      7/ 5507  10296           1.6 s  Freq=Y N.periodos=14
2026-09-12 14:58:40      8/ 5507  10279           0.6 s  Freq=Q N.periodos=52
2026-09-12 14:58:41      9/ 5507  10283           1.4 s  Freq=M N.periodos=168
2026-09-12 14:58:42     10/ 5507  10297           1.0 s  Freq=Y N.periodos=14
2026-09-12 14:58:44     11/ 5507  10284           1.6 s  Freq=M N.periodos=168
2026-09-12 14:58:45     12/ 5507  10298           1.1 s  Freq=Y N.periodos=14
2026-09-12 14:58:46     13/ 5507  59148           0.7 s  Freq=Q N.periodos=106
2026-09-12 14:58:46     14/ 5507  59156           0.7 s  Freq=Y N.periodos=26
2026-09-12 14:58:47     15/ 5507  79663           0.9 s  Freq=Q N.periodos=106
2026-09-12 14:58:48     16/ 5507  59149           1.1 s  Freq=Q N.periodos=106
2026-09-12 14:58:49     17/ 5507  79664           0.8 s  Freq=Q N.periodos=106
2026-09-12 14:58:50     18/ 5507  59150           0.7 s  Freq=Q N.periodos=106
2026-09-12 14:58:51     19/ 5507  79665           0.8 s  Freq=Q N.periodos=106
2026-09-12 14:58:52     20/ 5507  59151           0.9 s  Freq=Q N.periodos=106
2026-09-12 14:58:52     21/ 5507  79666           0.6 s  Freq=Q N.periodos=106
2026-09-12 14:58:53     22/ 5507  59152           0.9 s  Freq=Q N.periodos=106
2026-09-12 14:58:54     23/ 5507  79667           1.2 s  Freq=Q N.periodos=106
2026-09-12 14:58:57     24/ 5507  59153           2.5 s  Freq=Q N.periodos=106
2026-09-12 14:58:58     25/ 5507  6146            1.2 s  Freq=M N.periodos=234
2026-09-12 14:58:59     26/ 5507  6151            0.8 s  Freq=Y N.periodos=19
2026-09-12 14:59:00     27/ 5507  49276           0.9 s  Freq=Y N.periodos=19
2026-09-12 14:59:00     28/ 5507  50256           0.8 s  Freq=M N.periodos=234
2026-09-12 14:59:02     29/ 5507  6147            1.1 s  Freq=M N.periodos=234
2026-09-12 14:59:03     30/ 5507  6152            1.1 s  Freq=Y N.periodos=19
2026-09-12 14:59:03     31/ 5507  49277           0.7 s  Freq=Y N.periodos=19
2026-09-12 14:59:04     32/ 5507  50272           0.5 s  Freq=Y N.periodos=19
2026-09-12 14:59:06     33/ 5507  6148            1.6 s  Freq=M N.periodos=234
2026-09-12 14:59:06     34/ 5507  6153            0.7 s  Freq=Y N.periodos=19
2026-09-12 14:59:07     35/ 5507  49278           0.9 s  Freq=Y N.periodos=19
2026-09-12 14:59:09     36/ 5507  6149            1.7 s  Freq=M N.periodos=234
2026-09-12 14:59:10     37/ 5507  6154            0.8 s  Freq=Y N.periodos=19
2026-09-12 14:59:10     38/ 5507  49279           0.8 s  Freq=Y N.periodos=19
2026-09-12 14:59:11     39/ 5507  6150            0.9 s  Freq=M N.periodos=234
2026-09-12 14:59:12     40/ 5507  6155            0.7 s  Freq=Y N.periodos=19
2026-09-12 14:59:13     41/ 5507  49280           0.7 s  Freq=Y N.periodos=19
2026-09-12 14:59:14     42/ 5507  69301           0.9 s  Freq=Y N.periodos=15
2026-09-12 14:59:14     43/ 5507  69308           0.8 s  Freq=Y N.periodos=15
2026-09-12 14:59:15     44/ 5507  69315           1.0 s  Freq=Y N.periodos=15
2026-09-12 14:59:16     45/ 5507  69322           1.0 s  Freq=Y N.periodos=15
2026-09-12 14:59:18     46/ 5507  69329           2.0 s  Freq=Y N.periodos=15
2026-09-12 14:59:21     47/ 5507  69336           2.9 s  Freq=Y N.periodos=15
2026-09-12 14:59:23     48/ 5507  69302           1.8 s  Freq=Y N.periodos=15
2026-09-12 14:59:24     49/ 5507  69309           0.5 s  Freq=Y N.periodos=15
2026-09-12 14:59:25     50/ 5507  69316           1.2 s  Freq=Y N.periodos=15
2026-09-12 14:59:26     51/ 5507  69323           0.7 s  Freq=Y N.periodos=15
2026-09-12 14:59:27     52/ 5507  69330           1.8 s  Freq=Y N.periodos=15
2026-09-12 14:59:29     53/ 5507  69337           1.6 s  Freq=Y N.periodos=15
2026-09-12 14:59:30     54/ 5507  69303           0.8 s  Freq=Y N.periodos=15
2026-09-12 14:59:30     55/ 5507  69310           0.6 s  Freq=Y N.periodos=15
2026-09-12 14:59:31     56/ 5507  69317           0.6 s  Freq=Y N.periodos=15
2026-09-12 14:59:32     57/ 5507  69324           0.8 s  Freq=Y N.periodos=15
2026-09-12 14:59:33     58/ 5507  69331           1.3 s  Freq=Y N.periodos=15
2026-09-12 14:59:34     59/ 5507  69338           1.3 s  Freq=Y N.periodos=15
2026-09-12 14:59:35     60/ 5507  69304           0.6 s  Freq=Y N.periodos=14
2026-09-12 14:59:36     61/ 5507  69311           0.5 s  Freq=Y N.periodos=14
2026-09-12 14:59:36     62/ 5507  69318           0.7 s  Freq=Y N.periodos=14
2026-09-12 14:59:37     63/ 5507  69325           0.5 s  Freq=Y N.periodos=14
2026-09-12 14:59:37     64/ 5507  69332           0.7 s  Freq=Y N.periodos=14
2026-09-12 14:59:38     65/ 5507  69339           0.7 s  Freq=Y N.periodos=14
2026-09-12 14:59:39     66/ 5507  69305           0.8 s  Freq=Y N.periodos=15
2026-09-12 14:59:40     67/ 5507  69312           0.5 s  Freq=Y N.periodos=15
2026-09-12 14:59:40     68/ 5507  69319           0.6 s  Freq=Y N.periodos=15
2026-09-12 14:59:41     69/ 5507  69326           0.6 s  Freq=Y N.periodos=15
2026-09-12 14:59:42     70/ 5507  69333           1.0 s  Freq=Y N.periodos=15
2026-09-12 14:59:43     71/ 5507  69340           1.0 s  Freq=Y N.periodos=15
2026-09-12 14:59:43     72/ 5507  69306           0.7 s  Freq=Y N.periodos=2
2026-09-12 14:59:45     73/ 5507  69313           1.4 s  Freq=Y N.periodos=2
2026-09-12 14:59:45     74/ 5507  69320           0.6 s  Freq=Y N.periodos=2
2026-09-12 14:59:46     75/ 5507  69327           0.6 s  Freq=Y N.periodos=2
2026-09-12 14:59:47     76/ 5507  69334           1.2 s  Freq=Y N.periodos=2
2026-09-12 14:59:49     77/ 5507  69341           1.3 s  Freq=Y N.periodos=2
2026-09-12 14:59:49     78/ 5507  69307           0.6 s  Freq=Y N.periodos=15
2026-09-12 14:59:50     79/ 5507  69314           0.6 s  Freq=Y N.periodos=15
2026-09-12 14:59:50     80/ 5507  69321           0.8 s  Freq=Y N.periodos=15
2026-09-12 14:59:51     81/ 5507  69328           0.5 s  Freq=Y N.periodos=15
2026-09-12 14:59:52     82/ 5507  69335           0.6 s  Freq=Y N.periodos=15
2026-09-12 14:59:53     83/ 5507  69342           1.2 s  Freq=Y N.periodos=15
2026-09-12 14:59:53     84/ 5507  2992            0.6 s  Freq=Y N.periodos=17
2026-09-12 14:59:54     85/ 5507  3169            0.7 s  Freq=Y N.periodos=17
2026-09-12 14:59:55     86/ 5507  3173            1.1 s  Freq=Q N.periodos=64
2026-09-12 14:59:56     87/ 5507  3182            0.8 s  Freq=Q N.periodos=64
2026-09-12 14:59:57     88/ 5507  3163            0.6 s  Freq=Y N.periodos=17
2026-09-12 14:59:57     89/ 5507  3170            0.6 s  Freq=Y N.periodos=17
2026-09-12 14:59:59     90/ 5507  3178            1.3 s  Freq=Q N.periodos=64
2026-09-12 14:59:59     91/ 5507  3183            1.0 s  Freq=Q N.periodos=64
2026-09-12 15:00:01     92/ 5507  3164            1.9 s  Freq=Y N.periodos=17
2026-09-12 15:00:02     93/ 5507  3171            0.8 s  Freq=Y N.periodos=17
2026-09-12 15:00:03     94/ 5507  3179            0.7 s  Freq=Q N.periodos=64
2026-09-12 15:00:04     95/ 5507  3184            0.8 s  Freq=Q N.periodos=64
2026-09-12 15:00:05     96/ 5507  3165            1.4 s  Freq=Y N.periodos=17
2026-09-12 15:00:06     97/ 5507  3180            1.0 s  Freq=Q N.periodos=64
2026-09-12 15:00:07     98/ 5507  3450            1.0 s  Freq=Y N.periodos=9
2026-09-12 15:00:08     99/ 5507  3451            0.7 s  Freq=Q N.periodos=36
2026-09-12 15:00:08    100/ 5507  3166            0.6 s  Freq=Y N.periodos=17
2026-09-12 15:00:09    101/ 5507  3181            0.9 s  Freq=Q N.periodos=64
2026-09-12 15:00:10    102/ 5507  28481           0.8 s  Freq=Q N.periodos=68
2026-09-12 15:00:11    103/ 5507  28482           0.9 s  Freq=Y N.periodos=17
2026-09-12 15:00:12    104/ 5507  79673           1.0 s  Freq=Q N.periodos=77
2026-09-12 15:00:13    105/ 5507  3693            0.8 s  Freq=Q N.periodos=44
2026-09-12 15:00:13    106/ 5507  3700            0.9 s  Freq=Y N.periodos=11
2026-09-12 15:00:14    107/ 5507  59973           0.9 s  Freq=Q N.periodos=77
2026-09-12 15:00:15    108/ 5507  59974           0.8 s  Freq=Y N.periodos=19
2026-09-12 15:00:16    109/ 5507  67159           0.8 s  Freq=Q N.periodos=77
2026-09-12 15:00:17    110/ 5507  67840           1.1 s  Freq=Y N.periodos=6
2026-09-12 15:00:18    111/ 5507  79541           0.7 s  Freq=Y N.periodos=1
2026-09-12 15:00:18    112/ 5507  80270           0.6 s  Freq=Q N.periodos=78
2026-09-12 15:00:20    113/ 5507  79540           1.2 s  Freq=Y N.periodos=19
2026-09-12 15:00:21    114/ 5507  79563           1.0 s  Freq=Q N.periodos=78
2026-09-12 15:00:21    115/ 5507  80271           0.6 s  Freq=Y N.periodos=19
2026-09-12 15:00:22    116/ 5507  80272           1.1 s  Freq=Y N.periodos=1
2026-09-12 15:00:23    117/ 5507  23716           0.6 s  Freq=Y N.periodos=5
2026-09-12 15:00:24    118/ 5507  67256           0.6 s  Freq=M N.periodos=356
2026-09-12 15:00:24    119/ 5507  67261           0.6 s  Freq=M N.periodos=187
2026-09-12 15:00:25    120/ 5507  76102           0.6 s  Freq=M N.periodos=356
2026-09-12 15:00:26    121/ 5507  76107           0.8 s  Freq=M N.periodos=187
2026-09-12 15:00:26    122/ 5507  76111           0.7 s  Freq=Y N.periodos=29
2026-09-12 15:00:27    123/ 5507  76116           0.8 s  Freq=Y N.periodos=15
2026-09-12 15:00:28    124/ 5507  76120           0.6 s  Freq=Y N.periodos=1
2026-09-12 15:00:29    125/ 5507  79186           1.1 s  Freq=M N.periodos=187
2026-09-12 15:00:29    126/ 5507  23717           0.5 s  Freq=Y N.periodos=5
2026-09-12 15:00:30    127/ 5507  67257           1.1 s  Freq=M N.periodos=356
2026-09-12 15:00:31    128/ 5507  67262           0.9 s  Freq=M N.periodos=187
2026-09-12 15:00:32    129/ 5507  76103           0.8 s  Freq=M N.periodos=356
2026-09-12 15:00:33    130/ 5507  76108           1.0 s  Freq=M N.periodos=187
2026-09-12 15:00:34    131/ 5507  76112           0.5 s  Freq=Y N.periodos=29
2026-09-12 15:00:34    132/ 5507  76117           0.9 s  Freq=Y N.periodos=15
2026-09-12 15:00:35    133/ 5507  76121           0.6 s  Freq=Y N.periodos=1
2026-09-12 15:00:36    134/ 5507  79187           1.2 s  Freq=M N.periodos=356
2026-09-12 15:00:38    135/ 5507  23718           1.4 s  Freq=Y N.periodos=5
2026-09-12 15:00:39    136/ 5507  67258           1.8 s  Freq=M N.periodos=356
2026-09-12 15:00:41    137/ 5507  67263           1.9 s  Freq=M N.periodos=187
2026-09-12 15:00:43    138/ 5507  76104           1.4 s  Freq=M N.periodos=356
2026-09-12 15:00:45    139/ 5507  76109           1.7 s  Freq=M N.periodos=187
2026-09-12 15:00:45    140/ 5507  76113           0.6 s  Freq=Y N.periodos=29
2026-09-12 15:00:46    141/ 5507  76118           0.5 s  Freq=Y N.periodos=15
2026-09-12 15:00:47    142/ 5507  76122           1.0 s  Freq=Y N.periodos=1
2026-09-12 15:00:47    143/ 5507  79188           0.7 s  Freq=M N.periodos=356
2026-09-12 15:00:48    144/ 5507  23719           0.8 s  Freq=Y N.periodos=5
2026-09-12 15:00:50    145/ 5507  67259           1.7 s  Freq=M N.periodos=356
2026-09-12 15:00:51    146/ 5507  67264           1.4 s  Freq=M N.periodos=187
2026-09-12 15:00:53    147/ 5507  76105           1.7 s  Freq=M N.periodos=356
2026-09-12 15:00:54    148/ 5507  76110           1.5 s  Freq=M N.periodos=187
2026-09-12 15:00:55    149/ 5507  76114           0.9 s  Freq=Y N.periodos=29
2026-09-12 15:00:56    150/ 5507  76119           0.7 s  Freq=Y N.periodos=15
2026-09-12 15:00:57    151/ 5507  76123           0.6 s  Freq=Y N.periodos=1
2026-09-12 15:00:57    152/ 5507  79189           1.0 s  Freq=M N.periodos=356
2026-09-12 15:00:58    153/ 5507  76124           0.7 s  Freq=Y N.periodos=1
2026-09-12 15:01:00    154/ 5507  79190           1.5 s  Freq=M N.periodos=187
2026-09-12 15:01:00    155/ 5507  30131           0.7 s  Freq=Y N.periodos=5
2026-09-12 15:01:01    156/ 5507  67260           0.8 s  Freq=M N.periodos=356
2026-09-12 15:01:02    157/ 5507  76106           1.3 s  Freq=M N.periodos=356
2026-09-12 15:01:03    158/ 5507  76115           0.8 s  Freq=Y N.periodos=29
2026-09-12 15:01:04    159/ 5507  79191           1.0 s  Freq=M N.periodos=356
2026-09-12 15:01:05    160/ 5507  2852            0.7 s  Freq=Y N.periodos=25
2026-09-12 15:01:06    161/ 5507  2853            0.5 s  Freq=Y N.periodos=25
2026-09-12 15:01:07    162/ 5507  2855            1.2 s  Freq=Y N.periodos=29
2026-09-12 15:01:07    163/ 5507  2910            0.6 s  Freq=Y N.periodos=25
2026-09-12 15:01:08    164/ 5507  2911            1.0 s  Freq=Y N.periodos=25
2026-09-12 15:01:13    165/ 5507  29005           4.2 s  Freq=Y N.periodos=29
2026-09-12 15:01:13    166/ 5507  2851            0.8 s  Freq=Y N.periodos=25
2026-09-12 15:01:14    167/ 5507  2856            0.8 s  Freq=Y N.periodos=29
2026-09-12 15:01:15    168/ 5507  2913            0.6 s  Freq=Y N.periodos=25
2026-09-12 15:01:16    169/ 5507  2919            1.2 s  Freq=Y N.periodos=24
2026-09-12 15:01:17    170/ 5507  2921            0.6 s  Freq=Y N.periodos=24
2026-09-12 15:01:17    171/ 5507  2857            0.6 s  Freq=Y N.periodos=29
2026-09-12 15:01:18    172/ 5507  2915            0.7 s  Freq=Y N.periodos=25
2026-09-12 15:01:18    173/ 5507  2854            0.7 s  Freq=Y N.periodos=29
2026-09-12 15:01:19    174/ 5507  2917            0.6 s  Freq=Y N.periodos=25
2026-09-12 15:01:20    175/ 5507  2918            0.6 s  Freq=Y N.periodos=24
2026-09-12 15:01:20    176/ 5507  2920            0.8 s  Freq=Y N.periodos=24
2026-09-12 15:01:21    177/ 5507  2886            0.8 s  Freq=Y N.periodos=29
2026-09-12 15:01:22    178/ 5507  2858            0.9 s  Freq=Y N.periodos=29
2026-09-12 15:01:24    179/ 5507  2859            1.7 s  Freq=Y N.periodos=29
2026-09-12 15:01:24    180/ 5507  2860            0.6 s  Freq=Y N.periodos=29
2026-09-12 15:01:26    181/ 5507  2861            1.1 s  Freq=Y N.periodos=29
2026-09-12 15:01:27    182/ 5507  2905            1.0 s  Freq=Y N.periodos=29
2026-09-12 15:01:28    183/ 5507  2862            1.0 s  Freq=Y N.periodos=29
2026-09-12 15:01:28    184/ 5507  2863            0.6 s  Freq=Y N.periodos=29
2026-09-12 15:01:29    185/ 5507  2864            0.7 s  Freq=Y N.periodos=29
2026-09-12 15:01:30    186/ 5507  2893            0.7 s  Freq=Y N.periodos=29
2026-09-12 15:01:31    187/ 5507  2865            1.1 s  Freq=Y N.periodos=29
2026-09-12 15:01:32    188/ 5507  2866            1.4 s  Freq=Y N.periodos=29
2026-09-12 15:01:33    189/ 5507  2901            0.6 s  Freq=Y N.periodos=29
2026-09-12 15:01:34    190/ 5507  2868            1.0 s  Freq=Y N.periodos=29
2026-09-12 15:01:35    191/ 5507  2869            0.9 s  Freq=Y N.periodos=29
2026-09-12 15:01:36    192/ 5507  2873            1.2 s  Freq=Y N.periodos=29
2026-09-12 15:01:37    193/ 5507  2870            1.4 s  Freq=Y N.periodos=29
2026-09-12 15:01:38    194/ 5507  2871            1.2 s  Freq=Y N.periodos=29
2026-09-12 15:01:39    195/ 5507  2872            0.9 s  Freq=Y N.periodos=29
2026-09-12 15:01:41    196/ 5507  2874            1.5 s  Freq=Y N.periodos=29
2026-09-12 15:01:42    197/ 5507  2875            1.6 s  Freq=Y N.periodos=29
2026-09-12 15:01:44    198/ 5507  2876            1.3 s  Freq=Y N.periodos=29
2026-09-12 15:01:45    199/ 5507  2877            1.4 s  Freq=Y N.periodos=29
2026-09-12 15:01:46    200/ 5507  2878            0.7 s  Freq=Y N.periodos=29
2026-09-12 15:01:47    201/ 5507  2880            1.0 s  Freq=Y N.periodos=29
2026-09-12 15:01:48    202/ 5507  2881            1.0 s  Freq=Y N.periodos=29
2026-09-12 15:01:49    203/ 5507  2882            1.0 s  Freq=Y N.periodos=29
2026-09-12 15:01:51    204/ 5507  2883            2.0 s  Freq=Y N.periodos=29
2026-09-12 15:01:52    205/ 5507  2884            0.8 s  Freq=Y N.periodos=29
2026-09-12 15:01:52    206/ 5507  2885            0.9 s  Freq=Y N.periodos=29
2026-09-12 15:01:53    207/ 5507  2888            0.7 s  Freq=Y N.periodos=29
2026-09-12 15:01:54    208/ 5507  2889            0.8 s  Freq=Y N.periodos=29
2026-09-12 15:01:55    209/ 5507  2890            0.8 s  Freq=Y N.periodos=29
2026-09-12 15:01:56    210/ 5507  2879            1.2 s  Freq=Y N.periodos=29
2026-09-12 15:01:57    211/ 5507  2891            1.1 s  Freq=Y N.periodos=29
2026-09-12 15:01:58    212/ 5507  2892            0.9 s  Freq=Y N.periodos=29
2026-09-12 15:01:59    213/ 5507  2894            1.5 s  Freq=Y N.periodos=29
2026-09-12 15:02:00    214/ 5507  2895            1.1 s  Freq=Y N.periodos=29
2026-09-12 15:02:01    215/ 5507  2896            0.8 s  Freq=Y N.periodos=29
2026-09-12 15:02:02    216/ 5507  2900            0.7 s  Freq=Y N.periodos=29
2026-09-12 15:02:03    217/ 5507  2899            1.1 s  Freq=Y N.periodos=29
2026-09-12 15:02:04    218/ 5507  2902            0.8 s  Freq=Y N.periodos=29
2026-09-12 15:02:05    219/ 5507  2903            1.1 s  Freq=Y N.periodos=29
2026-09-12 15:02:06    220/ 5507  2904            1.1 s  Freq=Y N.periodos=29
2026-09-12 15:02:07    221/ 5507  2906            1.3 s  Freq=Y N.periodos=29
2026-09-12 15:02:08    222/ 5507  2907            1.0 s  Freq=Y N.periodos=29
2026-09-12 15:02:09    223/ 5507  2908            0.6 s  Freq=Y N.periodos=29
2026-09-12 15:02:10    224/ 5507  2909            0.8 s  Freq=Y N.periodos=29
2026-09-12 15:02:11    225/ 5507  6609            1.0 s  Freq=Y N.periodos=45
2026-09-12 15:02:15    226/ 5507  7036            4.4 s  Freq=Y N.periodos=45
2026-09-12 15:02:17    227/ 5507  9935            1.4 s  Freq=Y N.periodos=45
2026-09-12 15:02:17    228/ 5507  14511           0.8 s  Freq=M N.periodos=540
2026-09-12 15:02:18    229/ 5507  49075           0.7 s  Freq=Y N.periodos=16
2026-09-12 15:02:21    230/ 5507  7947            2.4 s  Freq=Y N.periodos=45
2026-09-12 15:02:25    231/ 5507  9936            4.0 s  Freq=Y N.periodos=45
2026-09-12 15:02:43    232/ 5507  10803          18.1 s  Freq=Y N.periodos=45
2026-09-12 15:02:44    233/ 5507  14819           1.3 s  Freq=M N.periodos=540
2026-09-12 15:02:49    234/ 5507  73036           5.0 s  Freq=Y N.periodos=46
2026-09-12 15:02:51    235/ 5507  73035           2.0 s  Freq=Y N.periodos=46
2026-09-12 15:02:52    236/ 5507  73037           1.3 s  Freq=M N.periodos=540
2026-09-12 15:02:53    237/ 5507  2532            0.9 s  Freq=Y N.periodos=7
2026-09-12 15:02:54    238/ 5507  2537            1.1 s  Freq=Y N.periodos=7
2026-09-12 15:02:56    239/ 5507  9591            1.1 s  Freq=Y N.periodos=2
2026-09-12 15:02:56    240/ 5507  24716           0.8 s  Freq=Y N.periodos=1
2026-09-12 15:02:57    241/ 5507  24739           0.6 s  Freq=Y N.periodos=1
2026-09-12 15:02:58    242/ 5507  24741           1.2 s  Freq=Y N.periodos=1
2026-09-12 15:02:59    243/ 5507  24742           0.9 s  Freq=Y N.periodos=1
2026-09-12 15:03:00    244/ 5507  24747           0.6 s  Freq=Y N.periodos=1
2026-09-12 15:03:00    245/ 5507  24749           0.8 s  Freq=Y N.periodos=1
2026-09-12 15:03:01    246/ 5507  24917           0.8 s  Freq=Y N.periodos=8
2026-09-12 15:03:03    247/ 5507  36167           1.3 s  Freq=Y N.periodos=7
2026-09-12 15:03:04    248/ 5507  36170           1.5 s  Freq=Y N.periodos=7
2026-09-12 15:03:06    249/ 5507  36172           1.6 s  Freq=Y N.periodos=7
2026-09-12 15:03:06    250/ 5507  36173           0.8 s  Freq=Y N.periodos=7
2026-09-12 15:03:08    251/ 5507  36174           1.2 s  Freq=Y N.periodos=7
2026-09-12 15:03:09    252/ 5507  36176           0.8 s  Freq=Y N.periodos=7
2026-09-12 15:03:09    253/ 5507  36177           0.6 s  Freq=Y N.periodos=7
2026-09-12 15:03:10    254/ 5507  2533            0.6 s  Freq=Y N.periodos=7
2026-09-12 15:03:11    255/ 5507  9592            0.8 s  Freq=Y N.periodos=2
2026-09-12 15:03:12    256/ 5507  24717           1.2 s  Freq=Y N.periodos=1
2026-09-12 15:03:12    257/ 5507  24740           0.6 s  Freq=Y N.periodos=1
2026-09-12 15:03:13    258/ 5507  24748           0.8 s  Freq=Y N.periodos=1
2026-09-12 15:03:14    259/ 5507  24751           0.9 s  Freq=Y N.periodos=1
2026-09-12 15:03:15    260/ 5507  36168           1.1 s  Freq=Y N.periodos=7
2026-09-12 15:03:17    261/ 5507  36171           1.3 s  Freq=Y N.periodos=7
2026-09-12 15:03:17    262/ 5507  36175           0.6 s  Freq=Y N.periodos=7
2026-09-12 15:03:18    263/ 5507  36178           1.3 s  Freq=Y N.periodos=7
2026-09-12 15:03:20    264/ 5507  2540            1.1 s  Freq=Y N.periodos=7
2026-09-12 15:03:20    265/ 5507  2539            0.5 s  Freq=Y N.periodos=7
2026-09-12 15:03:21    266/ 5507  76823           1.1 s  Freq=Y N.periodos=7
2026-09-12 15:03:23    267/ 5507  76824           1.4 s  Freq=Y N.periodos=7
2026-09-12 15:03:24    268/ 5507  76825           1.1 s  Freq=Y N.periodos=7
2026-09-12 15:03:24    269/ 5507  76826           0.8 s  Freq=Y N.periodos=7
2026-09-12 15:03:26    270/ 5507  76827           1.4 s  Freq=Y N.periodos=7
2026-09-12 15:03:27    271/ 5507  76828           1.0 s  Freq=Y N.periodos=7
2026-09-12 15:03:27    272/ 5507  24077           0.5 s  Freq=M N.periodos=295
2026-09-12 15:03:28    273/ 5507  24080           1.0 s  Freq=M N.periodos=288
2026-09-12 15:03:29    274/ 5507  35083           1.0 s  Freq=M N.periodos=60
2026-09-12 15:03:30    275/ 5507  53458           1.0 s  Freq=M N.periodos=139
2026-09-12 15:03:31    276/ 5507  76125           0.7 s  Freq=M N.periodos=296
2026-09-12 15:03:32    277/ 5507  76131           0.6 s  Freq=M N.periodos=187
2026-09-12 15:03:32    278/ 5507  76134           0.7 s  Freq=M N.periodos=787
2026-09-12 15:03:34    279/ 5507  76136           1.8 s  Freq=M N.periodos=296
2026-09-12 15:03:38    280/ 5507  76141           4.1 s  Freq=M N.periodos=296
2026-09-12 15:03:39    281/ 5507  76150           1.2 s  Freq=Y N.periodos=24
2026-09-12 15:03:40    282/ 5507  76154           1.1 s  Freq=Y N.periodos=24
2026-09-12 15:03:42    283/ 5507  76156           1.0 s  Freq=Y N.periodos=1
2026-09-12 15:03:42    284/ 5507  76162           0.6 s  Freq=Y N.periodos=1
2026-09-12 15:03:43    285/ 5507  76166           1.0 s  Freq=Y N.periodos=1
2026-09-12 15:03:44    286/ 5507  79181           1.0 s  Freq=M N.periodos=296
2026-09-12 15:03:45    287/ 5507  24078           1.0 s  Freq=M N.periodos=295
2026-09-12 15:03:46    288/ 5507  25331           1.1 s  Freq=Y N.periodos=1
2026-09-12 15:03:47    289/ 5507  53459           1.1 s  Freq=M N.periodos=139
2026-09-12 15:03:49    290/ 5507  76126           1.2 s  Freq=M N.periodos=296
2026-09-12 15:03:50    291/ 5507  76132           1.6 s  Freq=M N.periodos=187
2026-09-12 15:03:52    292/ 5507  76135           1.4 s  Freq=M N.periodos=296
2026-09-12 15:03:56    293/ 5507  76137           4.6 s  Freq=M N.periodos=296
2026-09-12 15:04:09    294/ 5507  76142          13.0 s  Freq=M N.periodos=296
2026-09-12 15:04:10    295/ 5507  76144           0.7 s  Freq=Y N.periodos=24
2026-09-12 15:04:11    296/ 5507  76151           1.2 s  Freq=Y N.periodos=24
2026-09-12 15:04:13    297/ 5507  76155           2.2 s  Freq=Y N.periodos=24
2026-09-12 15:04:14    298/ 5507  76157           1.1 s  Freq=Y N.periodos=1
2026-09-12 15:04:16    299/ 5507  76163           1.2 s  Freq=Y N.periodos=1
2026-09-12 15:04:16    300/ 5507  76167           1.0 s  Freq=Y N.periodos=1
2026-09-12 15:04:20    301/ 5507  79182           3.6 s  Freq=M N.periodos=296
2026-09-12 15:04:22    302/ 5507  24079           1.4 s  Freq=M N.periodos=295
2026-09-12 15:04:23    303/ 5507  25333           1.1 s  Freq=M N.periodos=8
2026-09-12 15:04:24    304/ 5507  76127           1.4 s  Freq=M N.periodos=296
2026-09-12 15:04:25    305/ 5507  76133           0.8 s  Freq=M N.periodos=187
2026-09-12 15:04:30    306/ 5507  76138           5.4 s  Freq=M N.periodos=296
2026-09-12 15:04:31    307/ 5507  76143           1.0 s  Freq=M N.periodos=404
2026-09-12 15:04:32    308/ 5507  76145           1.0 s  Freq=Y N.periodos=24
2026-09-12 15:04:33    309/ 5507  76152           1.0 s  Freq=Y N.periodos=24
2026-09-12 15:04:34    310/ 5507  76158           0.6 s  Freq=Y N.periodos=1
2026-09-12 15:04:35    311/ 5507  76164           1.0 s  Freq=Y N.periodos=1
2026-09-12 15:04:36    312/ 5507  79183           1.0 s  Freq=M N.periodos=296
2026-09-12 15:04:37    313/ 5507  76128           1.4 s  Freq=M N.periodos=296
2026-09-12 15:04:41    314/ 5507  76139           3.5 s  Freq=M N.periodos=296
2026-09-12 15:04:42    315/ 5507  76146           1.2 s  Freq=Y N.periodos=24
2026-09-12 15:04:43    316/ 5507  76153           0.7 s  Freq=Y N.periodos=24
2026-09-12 15:04:43    317/ 5507  76159           0.6 s  Freq=Y N.periodos=1
2026-09-12 15:04:44    318/ 5507  76165           0.9 s  Freq=Y N.periodos=1
2026-09-12 15:04:45    319/ 5507  78680           0.6 s  Freq=M N.periodos=295
2026-09-12 15:04:46    320/ 5507  79184           1.5 s  Freq=M N.periodos=296
2026-09-12 15:04:48    321/ 5507  24081           1.5 s  Freq=M N.periodos=295
2026-09-12 15:04:49    322/ 5507  76129           1.1 s  Freq=M N.periodos=296
2026-09-12 15:04:50    323/ 5507  76140           1.6 s  Freq=M N.periodos=584
2026-09-12 15:04:51    324/ 5507  76147           0.8 s  Freq=Y N.periodos=24
2026-09-12 15:04:52    325/ 5507  76160           0.8 s  Freq=Y N.periodos=1
2026-09-12 15:04:53    326/ 5507  79185           0.6 s  Freq=Y N.periodos=1
2026-09-12 15:04:54    327/ 5507  76130           1.6 s  Freq=M N.periodos=296
2026-09-12 15:04:55    328/ 5507  76148           0.8 s  Freq=Y N.periodos=24
2026-09-12 15:04:56    329/ 5507  76161           0.5 s  Freq=Y N.periodos=1
2026-09-12 15:04:56    330/ 5507  76149           0.5 s  Freq=Y N.periodos=24
2026-09-12 15:04:58    331/ 5507  60272           1.8 s  Freq=M N.periodos=619
2026-09-12 15:04:59    332/ 5507  60276           0.9 s  Freq=M N.periodos=415
2026-09-12 15:05:00    333/ 5507  60280           0.9 s  Freq=M N.periodos=415
2026-09-12 15:05:00    334/ 5507  60284           0.8 s  Freq=? N.periodos=0
2026-09-12 15:05:02    335/ 5507  60273           1.3 s  Freq=M N.periodos=619
2026-09-12 15:05:02    336/ 5507  60277           0.6 s  Freq=M N.periodos=415
2026-09-12 15:05:03    337/ 5507  60281           0.6 s  Freq=M N.periodos=415
2026-09-12 15:05:11    338/ 5507  60285           7.8 s  no se pudo leer el .px
2026-09-12 15:05:13    339/ 5507  70177           2.6 s  Freq=M N.periodos=619
2026-09-12 15:05:14    340/ 5507  75724           0.7 s  Freq=M N.periodos=415
2026-09-12 15:05:15    341/ 5507  60274           0.9 s  Freq=M N.periodos=619
2026-09-12 15:05:16    342/ 5507  60278           1.1 s  Freq=M N.periodos=415
2026-09-12 15:05:17    343/ 5507  60282           1.2 s  Freq=M N.periodos=415
2026-09-12 15:05:25    344/ 5507  60286           7.4 s  no se pudo leer el .px
2026-09-12 15:05:26    345/ 5507  70178           1.1 s  Freq=M N.periodos=619
2026-09-12 15:05:27    346/ 5507  75725           1.5 s  Freq=M N.periodos=415
2026-09-12 15:05:29    347/ 5507  60275           1.9 s  Freq=M N.periodos=619
2026-09-12 15:05:31    348/ 5507  60279           1.5 s  Freq=M N.periodos=415
2026-09-12 15:05:32    349/ 5507  60283           1.5 s  Freq=M N.periodos=415
2026-09-12 15:05:40    350/ 5507  60287           7.7 s  no se pudo leer el .px
2026-09-12 15:05:42    351/ 5507  75726           1.9 s  Freq=M N.periodos=619
2026-09-12 15:05:43    352/ 5507  1788            0.9 s  Freq=Y N.periodos=28
2026-09-12 15:05:45    353/ 5507  61521           1.9 s  Freq=M N.periodos=619
2026-09-12 15:05:45    354/ 5507  61526           0.8 s  Freq=Y N.periodos=51
2026-09-12 15:05:46    355/ 5507  61531           0.7 s  Freq=Y N.periodos=17
2026-09-12 15:05:49    356/ 5507  67152           2.5 s  Freq=M N.periodos=619
2026-09-12 15:05:50    357/ 5507  1796            1.1 s  Freq=M N.periodos=456
2026-09-12 15:05:57    358/ 5507  3381            7.8 s  no se pudo leer el .px
2026-09-12 15:05:59    359/ 5507  61522           1.6 s  Freq=M N.periodos=619
2026-09-12 15:06:00    360/ 5507  61527           1.0 s  Freq=Y N.periodos=51
2026-09-12 15:06:01    361/ 5507  61532           0.6 s  Freq=Y N.periodos=17
2026-09-12 15:06:02    362/ 5507  67155           1.4 s  Freq=M N.periodos=619
2026-09-12 15:06:03    363/ 5507  1789            1.1 s  Freq=M N.periodos=456
2026-09-12 15:06:10    364/ 5507  3392            7.2 s  no se pudo leer el .px
2026-09-12 15:06:16    365/ 5507  61523           5.8 s  Freq=M N.periodos=619
2026-09-12 15:06:18    366/ 5507  61528           1.6 s  Freq=Y N.periodos=51
2026-09-12 15:06:19    367/ 5507  61533           0.9 s  Freq=Y N.periodos=17
2026-09-12 15:06:24    368/ 5507  67158           5.2 s  Freq=M N.periodos=619
2026-09-12 15:06:26    369/ 5507  76655           2.5 s  Freq=M N.periodos=619
2026-09-12 15:06:27    370/ 5507  1800            1.0 s  Freq=M N.periodos=456
2026-09-12 15:06:35    371/ 5507  3393            7.7 s  no se pudo leer el .px
2026-09-12 15:06:37    372/ 5507  61524           1.7 s  Freq=M N.periodos=619
2026-09-12 15:06:38    373/ 5507  61529           0.8 s  Freq=Y N.periodos=51
2026-09-12 15:06:38    374/ 5507  61534           0.5 s  Freq=Y N.periodos=17
2026-09-12 15:06:40    375/ 5507  67162           1.7 s  Freq=M N.periodos=619
2026-09-12 15:06:42    376/ 5507  76656           2.2 s  Freq=M N.periodos=619
2026-09-12 15:06:44    377/ 5507  1807            1.5 s  Freq=M N.periodos=456
2026-09-12 15:06:51    378/ 5507  3395            7.1 s  no se pudo leer el .px
2026-09-12 15:06:54    379/ 5507  61525           3.6 s  Freq=M N.periodos=295
2026-09-12 15:06:55    380/ 5507  61530           1.0 s  Freq=Y N.periodos=24
2026-09-12 15:06:56    381/ 5507  61535           0.9 s  Freq=Y N.periodos=17
2026-09-12 15:06:59    382/ 5507  67165           2.7 s  Freq=M N.periodos=295
2026-09-12 15:07:04    383/ 5507  76657           5.6 s  Freq=M N.periodos=619
2026-09-12 15:07:06    384/ 5507  1786            1.7 s  Freq=M N.periodos=456
2026-09-12 15:07:10    385/ 5507  76658           3.3 s  Freq=M N.periodos=619
2026-09-12 15:07:12    386/ 5507  76659           2.8 s  Freq=M N.periodos=295
2026-09-12 15:07:13    387/ 5507  2544            0.9 s  Freq=M N.periodos=84
2026-09-12 15:07:14    388/ 5507  2547            0.5 s  Freq=M N.periodos=84
2026-09-12 15:07:15    389/ 5507  2545            1.1 s  Freq=M N.periodos=84
2026-09-12 15:07:16    390/ 5507  2546            1.1 s  Freq=Q N.periodos=26
2026-09-12 15:07:17    391/ 5507  60288           1.0 s  Freq=M N.periodos=318
2026-09-12 15:07:18    392/ 5507  60292           1.1 s  Freq=M N.periodos=294
2026-09-12 15:07:19    393/ 5507  60294           0.9 s  Freq=M N.periodos=258
2026-09-12 15:07:20    394/ 5507  60296           0.8 s  Freq=M N.periodos=258
2026-09-12 15:07:21    395/ 5507  60298           0.8 s  Freq=Y N.periodos=5
2026-09-12 15:07:22    396/ 5507  60289           1.0 s  Freq=M N.periodos=318
2026-09-12 15:07:22    397/ 5507  60293           0.8 s  Freq=M N.periodos=54
2026-09-12 15:07:23    398/ 5507  60295           0.6 s  Freq=M N.periodos=54
2026-09-12 15:07:24    399/ 5507  60297           1.1 s  Freq=M N.periodos=54
2026-09-12 15:07:25    400/ 5507  60299           1.2 s  Freq=Y N.periodos=5
2026-09-12 15:07:26    401/ 5507  60290           0.9 s  Freq=M N.periodos=318
2026-09-12 15:07:27    402/ 5507  60291           0.8 s  Freq=M N.periodos=54
2026-09-12 15:07:28    403/ 5507  2237            0.5 s  Freq=M N.periodos=132
2026-09-12 15:07:29    404/ 5507  2240            1.0 s  Freq=M N.periodos=108
2026-09-12 15:07:30    405/ 5507  2241            0.8 s  Freq=M N.periodos=36
2026-09-12 15:07:30    406/ 5507  2244            0.5 s  Freq=Q N.periodos=40
2026-09-12 15:07:31    407/ 5507  2249            0.5 s  Freq=M N.periodos=12
2026-09-12 15:07:32    408/ 5507  2251            1.2 s  Freq=M N.periodos=168
2026-09-12 15:07:32    409/ 5507  2255            0.6 s  Freq=M N.periodos=72
2026-09-12 15:07:34    410/ 5507  2259            1.2 s  Freq=M N.periodos=60
2026-09-12 15:07:35    411/ 5507  2261            1.0 s  Freq=Q N.periodos=40
2026-09-12 15:07:36    412/ 5507  2263            1.5 s  Freq=M N.periodos=216
2026-09-12 15:07:37    413/ 5507  2268            1.2 s  Freq=M N.periodos=120
2026-09-12 15:07:38    414/ 5507  2273            0.8 s  Freq=M N.periodos=108
2026-09-12 15:07:39    415/ 5507  2276            0.7 s  Freq=Q N.periodos=40
2026-09-12 15:07:40    416/ 5507  3482            1.0 s  Freq=Y N.periodos=1
2026-09-12 15:07:41    417/ 5507  59800           0.7 s  Freq=Y N.periodos=4
2026-09-12 15:07:42    418/ 5507  60094           1.2 s  Freq=M N.periodos=319
2026-09-12 15:07:43    419/ 5507  60096           1.1 s  Freq=M N.periodos=319
2026-09-12 15:07:44    420/ 5507  60110           0.9 s  Freq=M N.periodos=319
2026-09-12 15:07:45    421/ 5507  60113           0.9 s  Freq=M N.periodos=319
2026-09-12 15:07:46    422/ 5507  60114           1.1 s  Freq=M N.periodos=271
2026-09-12 15:07:47    423/ 5507  67167           1.0 s  Freq=M N.periodos=319
2026-09-12 15:07:48    424/ 5507  67169           0.8 s  Freq=M N.periodos=319
2026-09-12 15:07:49    425/ 5507  67173           1.2 s  Freq=M N.periodos=319
2026-09-12 15:07:50    426/ 5507  75807           0.9 s  Freq=M N.periodos=319
2026-09-12 15:07:51    427/ 5507  2235            0.9 s  Freq=Q N.periodos=16
2026-09-12 15:07:52    428/ 5507  2238            1.0 s  Freq=M N.periodos=132
2026-09-12 15:07:52    429/ 5507  2242            0.8 s  Freq=M N.periodos=36
2026-09-12 15:07:53    430/ 5507  2245            0.9 s  Freq=Q N.periodos=12
2026-09-12 15:07:54    431/ 5507  2246            0.8 s  Freq=Q N.periodos=36
2026-09-12 15:07:55    432/ 5507  2250            0.9 s  Freq=M N.periodos=12
2026-09-12 15:07:56    433/ 5507  2252            0.8 s  Freq=M N.periodos=168
2026-09-12 15:07:57    434/ 5507  2256            0.7 s  Freq=M N.periodos=72
2026-09-12 15:07:58    435/ 5507  2260            1.7 s  Freq=M N.periodos=60
2026-09-12 15:07:59    436/ 5507  2262            0.8 s  Freq=Q N.periodos=16
2026-09-12 15:08:00    437/ 5507  2264            1.3 s  Freq=M N.periodos=216
2026-09-12 15:08:01    438/ 5507  2269            1.1 s  Freq=M N.periodos=120
2026-09-12 15:08:02    439/ 5507  2274            0.6 s  Freq=M N.periodos=108
2026-09-12 15:08:11    440/ 5507  3483            8.6 s  no se pudo leer el .px
2026-09-12 15:08:12    441/ 5507  59787           1.0 s  Freq=M N.periodos=319
2026-09-12 15:08:13    442/ 5507  60095           1.1 s  Freq=M N.periodos=319
2026-09-12 15:08:14    443/ 5507  60097           1.2 s  Freq=M N.periodos=319
2026-09-12 15:08:15    444/ 5507  60098           1.0 s  Freq=M N.periodos=319
2026-09-12 15:08:16    445/ 5507  60100           1.2 s  Freq=M N.periodos=319
2026-09-12 15:08:17    446/ 5507  60101           0.9 s  Freq=M N.periodos=319
2026-09-12 15:08:18    447/ 5507  60102           1.3 s  Freq=M N.periodos=319
2026-09-12 15:08:19    448/ 5507  60103           0.9 s  Freq=M N.periodos=319
2026-09-12 15:08:20    449/ 5507  60104           1.2 s  Freq=M N.periodos=319
2026-09-12 15:08:21    450/ 5507  60111           1.1 s  Freq=M N.periodos=319
2026-09-12 15:08:22    451/ 5507  60115           0.8 s  Freq=M N.periodos=271
2026-09-12 15:08:24    452/ 5507  60120           1.5 s  Freq=M N.periodos=271
2026-09-12 15:08:25    453/ 5507  60271           0.9 s  Freq=Y N.periodos=4
2026-09-12 15:08:25    454/ 5507  67168           0.6 s  Freq=M N.periodos=319
2026-09-12 15:08:26    455/ 5507  67170           0.8 s  Freq=M N.periodos=319
2026-09-12 15:08:27    456/ 5507  67171           1.1 s  Freq=M N.periodos=319
2026-09-12 15:08:28    457/ 5507  67172           0.8 s  Freq=M N.periodos=319
2026-09-12 15:08:29    458/ 5507  67174           0.9 s  Freq=M N.periodos=319
2026-09-12 15:08:30    459/ 5507  67175           0.9 s  Freq=M N.periodos=319
2026-09-12 15:08:30    460/ 5507  67176           0.6 s  Freq=M N.periodos=319
2026-09-12 15:08:31    461/ 5507  67177           1.0 s  Freq=M N.periodos=319
2026-09-12 15:08:32    462/ 5507  67178           1.2 s  Freq=M N.periodos=319
2026-09-12 15:08:33    463/ 5507  74013           0.7 s  Freq=M N.periodos=319
2026-09-12 15:08:34    464/ 5507  2236            1.0 s  Freq=M N.periodos=48
2026-09-12 15:08:35    465/ 5507  2239            0.7 s  Freq=M N.periodos=48
2026-09-12 15:08:36    466/ 5507  2243            0.8 s  Freq=M N.periodos=36
2026-09-12 15:08:36    467/ 5507  2253            0.8 s  Freq=M N.periodos=84
2026-09-12 15:08:37    468/ 5507  2257            0.6 s  Freq=M N.periodos=60
2026-09-12 15:08:38    469/ 5507  2265            0.7 s  Freq=M N.periodos=144
2026-09-12 15:08:39    470/ 5507  2270            0.9 s  Freq=M N.periodos=120
2026-09-12 15:08:39    471/ 5507  2275            0.9 s  Freq=M N.periodos=96
2026-09-12 15:08:47    472/ 5507  3484            7.5 s  no se pudo leer el .px
2026-09-12 15:08:48    473/ 5507  59788           1.1 s  Freq=M N.periodos=319
2026-09-12 15:08:49    474/ 5507  60105           1.0 s  Freq=M N.periodos=319
2026-09-12 15:08:51    475/ 5507  60106           1.5 s  Freq=M N.periodos=319
2026-09-12 15:08:52    476/ 5507  60107           1.2 s  Freq=M N.periodos=319
2026-09-12 15:08:53    477/ 5507  60108           1.0 s  Freq=M N.periodos=319
2026-09-12 15:08:54    478/ 5507  60109           1.4 s  Freq=M N.periodos=319
2026-09-12 15:08:55    479/ 5507  60121           1.0 s  Freq=M N.periodos=55
2026-09-12 15:08:56    480/ 5507  60252           0.8 s  Freq=Y N.periodos=4
2026-09-12 15:08:58    481/ 5507  75808           1.7 s  Freq=M N.periodos=319
2026-09-12 15:08:58    482/ 5507  2247            0.8 s  Freq=M N.periodos=132
2026-09-12 15:08:59    483/ 5507  2248            0.8 s  Freq=M N.periodos=24
2026-09-12 15:09:00    484/ 5507  2254            0.7 s  Freq=M N.periodos=168
2026-09-12 15:09:01    485/ 5507  2258            1.5 s  Freq=M N.periodos=72
2026-09-12 15:09:02    486/ 5507  2266            0.8 s  Freq=M N.periodos=216
2026-09-12 15:09:04    487/ 5507  2271            1.3 s  Freq=M N.periodos=120
2026-09-12 15:09:04    488/ 5507  59802           0.7 s  Freq=Y N.periodos=4
2026-09-12 15:09:05    489/ 5507  60122           1.0 s  Freq=M N.periodos=55
2026-09-12 15:09:08    490/ 5507  2234            3.1 s  Freq=M N.periodos=72
2026-09-12 15:09:09    491/ 5507  2267            0.9 s  Freq=M N.periodos=216
2026-09-12 15:09:10    492/ 5507  2272            0.7 s  Freq=M N.periodos=120
2026-09-12 15:09:11    493/ 5507  2277            1.4 s  Freq=M N.periodos=72
2026-09-12 15:09:12    494/ 5507  60116           0.6 s  Freq=M N.periodos=55
2026-09-12 15:09:13    495/ 5507  75809           1.0 s  Freq=M N.periodos=319
2026-09-12 15:09:14    496/ 5507  60117           0.6 s  Freq=M N.periodos=55
2026-09-12 15:09:15    497/ 5507  74015           1.1 s  Freq=M N.periodos=319
2026-09-12 15:09:16    498/ 5507  60118           1.1 s  Freq=M N.periodos=55
2026-09-12 15:09:17    499/ 5507  60119           0.8 s  Freq=M N.periodos=55
2026-09-12 15:09:17    500/ 5507  1377            0.6 s  Freq=Y N.periodos=49
2026-09-12 15:09:19    501/ 5507  1381            1.6 s  Freq=Y N.periodos=50
2026-09-12 15:09:20    502/ 5507  1409            1.4 s  Freq=Y N.periodos=50
2026-09-12 15:09:21    503/ 5507  1411            0.8 s  Freq=Y N.periodos=50
2026-09-12 15:09:22    504/ 5507  1413            0.5 s  Freq=Y N.periodos=50
2026-09-12 15:09:23    505/ 5507  1422            1.7 s  Freq=Y N.periodos=49
2026-09-12 15:09:25    506/ 5507  1427            1.3 s  Freq=Y N.periodos=49
2026-09-12 15:09:25    507/ 5507  1432            0.6 s  Freq=Y N.periodos=50
2026-09-12 15:09:27    508/ 5507  1443            1.4 s  Freq=Y N.periodos=50
2026-09-12 15:09:27    509/ 5507  1445            0.7 s  Freq=Y N.periodos=50
2026-09-12 15:09:28    510/ 5507  1447            0.9 s  Freq=Y N.periodos=50
2026-09-12 15:09:29    511/ 5507  1456            1.2 s  Freq=Y N.periodos=49
2026-09-12 15:09:30    512/ 5507  1461            0.7 s  Freq=Y N.periodos=49
2026-09-12 15:09:31    513/ 5507  1470            0.8 s  Freq=Y N.periodos=50
2026-09-12 15:09:33    514/ 5507  1480            1.7 s  Freq=Y N.periodos=50
2026-09-12 15:09:33    515/ 5507  1482            0.7 s  Freq=Y N.periodos=50
2026-09-12 15:09:34    516/ 5507  1493            0.6 s  Freq=Y N.periodos=49
2026-09-12 15:09:34    517/ 5507  1722            0.5 s  Freq=Y N.periodos=51
2026-09-12 15:09:35    518/ 5507  1723            0.9 s  Freq=Y N.periodos=51
2026-09-12 15:09:36    519/ 5507  5224            0.5 s  Freq=Y N.periodos=50
2026-09-12 15:09:37    520/ 5507  5225            0.6 s  Freq=Y N.periodos=50
2026-09-12 15:09:37    521/ 5507  5226            1.0 s  Freq=Y N.periodos=50
2026-09-12 15:09:39    522/ 5507  5841            1.2 s  Freq=Y N.periodos=13
2026-09-12 15:09:39    523/ 5507  5842            0.7 s  Freq=Y N.periodos=13
2026-09-12 15:09:40    524/ 5507  5843            0.5 s  Freq=Y N.periodos=13
2026-09-12 15:09:40    525/ 5507  5951            0.5 s  Freq=Y N.periodos=13
2026-09-12 15:09:41    526/ 5507  5952            0.6 s  Freq=Y N.periodos=13
2026-09-12 15:09:42    527/ 5507  24719           0.5 s  Freq=Y N.periodos=20
2026-09-12 15:09:43    528/ 5507  25204           1.2 s  Freq=Y N.periodos=20
2026-09-12 15:09:43    529/ 5507  25212           0.6 s  Freq=Y N.periodos=20
2026-09-12 15:09:44    530/ 5507  30664           0.5 s  Freq=Y N.periodos=11
2026-09-12 15:09:45    531/ 5507  30665           0.8 s  Freq=Y N.periodos=11
2026-09-12 15:09:46    532/ 5507  30685           1.2 s  Freq=Y N.periodos=10
2026-09-12 15:09:47    533/ 5507  30689           0.8 s  Freq=Y N.periodos=11
2026-09-12 15:09:48    534/ 5507  30693           1.2 s  Freq=Y N.periodos=11
2026-09-12 15:09:49    535/ 5507  30695           0.7 s  Freq=Y N.periodos=11
2026-09-12 15:09:50    536/ 5507  30698           0.9 s  Freq=Y N.periodos=12
2026-09-12 15:09:50    537/ 5507  48882           0.6 s  Freq=Y N.periodos=50
2026-09-12 15:09:51    538/ 5507  48887           1.0 s  Freq=Y N.periodos=51
2026-09-12 15:09:52    539/ 5507  49429           0.9 s  Freq=Y N.periodos=23
2026-09-12 15:09:53    540/ 5507  67222           0.6 s  Freq=Y N.periodos=50
2026-09-12 15:09:53    541/ 5507  67223           0.6 s  Freq=Y N.periodos=50
2026-09-12 15:09:54    542/ 5507  67228           0.7 s  Freq=Y N.periodos=50
2026-09-12 15:09:55    543/ 5507  67229           0.6 s  Freq=Y N.periodos=50
2026-09-12 15:09:55    544/ 5507  67230           0.5 s  Freq=Y N.periodos=50
2026-09-12 15:09:56    545/ 5507  67231           0.6 s  Freq=Y N.periodos=50
2026-09-12 15:09:56    546/ 5507  77120           0.6 s  Freq=Y N.periodos=49
2026-09-12 15:09:57    547/ 5507  77122           0.6 s  Freq=Y N.periodos=50
2026-09-12 15:09:58    548/ 5507  1378            1.3 s  Freq=Y N.periodos=49
2026-09-12 15:09:59    549/ 5507  1382            0.6 s  Freq=Y N.periodos=23
2026-09-12 15:09:59    550/ 5507  1416            0.7 s  Freq=Y N.periodos=50
2026-09-12 15:10:00    551/ 5507  1423            0.8 s  Freq=Y N.periodos=49
2026-09-12 15:10:01    552/ 5507  1425            0.6 s  Freq=Y N.periodos=49
2026-09-12 15:10:04    553/ 5507  1428            3.3 s  Freq=Y N.periodos=49
2026-09-12 15:10:05    554/ 5507  1433            0.8 s  Freq=Y N.periodos=23
2026-09-12 15:10:05    555/ 5507  1450            0.5 s  Freq=Y N.periodos=50
2026-09-12 15:10:06    556/ 5507  1459            0.9 s  Freq=Y N.periodos=49
2026-09-12 15:10:07    557/ 5507  1484            0.9 s  Freq=Y N.periodos=50
2026-09-12 15:10:08    558/ 5507  1487            0.8 s  Freq=Y N.periodos=50
2026-09-12 15:10:09    559/ 5507  1678            0.6 s  Freq=Y N.periodos=50
2026-09-12 15:10:09    560/ 5507  1679            0.6 s  Freq=Y N.periodos=50
2026-09-12 15:10:10    561/ 5507  3197            0.6 s  Freq=Y N.periodos=51
2026-09-12 15:10:11    562/ 5507  3198            0.9 s  Freq=Y N.periodos=51
2026-09-12 15:10:11    563/ 5507  5845            0.7 s  Freq=Y N.periodos=13
2026-09-12 15:10:12    564/ 5507  25192           0.7 s  Freq=Y N.periodos=6
2026-09-12 15:10:13    565/ 5507  25205           0.7 s  Freq=Y N.periodos=6
2026-09-12 15:10:13    566/ 5507  25213           0.6 s  Freq=Y N.periodos=6
2026-09-12 15:10:15    567/ 5507  29286           1.2 s  Freq=Y N.periodos=50
2026-09-12 15:10:15    568/ 5507  29293           0.5 s  Freq=Y N.periodos=50
2026-09-12 15:10:16    569/ 5507  29294           0.8 s  Freq=Y N.periodos=50
2026-09-12 15:10:17    570/ 5507  29295           1.0 s  Freq=Y N.periodos=50
2026-09-12 15:10:18    571/ 5507  30666           1.1 s  Freq=Y N.periodos=11
2026-09-12 15:10:19    572/ 5507  30686           1.4 s  Freq=Y N.periodos=10
2026-09-12 15:10:21    573/ 5507  30690           1.1 s  Freq=Y N.periodos=11
2026-09-12 15:10:22    574/ 5507  30694           1.0 s  Freq=Y N.periodos=11
2026-09-12 15:10:23    575/ 5507  30696           1.4 s  Freq=Y N.periodos=11
2026-09-12 15:10:24    576/ 5507  30699           1.2 s  Freq=Y N.periodos=12
2026-09-12 15:10:26    577/ 5507  31307           1.3 s  Freq=Y N.periodos=13
2026-09-12 15:10:26    578/ 5507  61536           0.6 s  Freq=Y N.periodos=4
2026-09-12 15:10:27    579/ 5507  61547           0.7 s  Freq=Y N.periodos=4
2026-09-12 15:10:28    580/ 5507  61560           0.8 s  Freq=Y N.periodos=4
2026-09-12 15:10:28    581/ 5507  61573           0.8 s  Freq=Y N.periodos=4
2026-09-12 15:10:29    582/ 5507  61577           0.8 s  Freq=Y N.periodos=4
2026-09-12 15:10:30    583/ 5507  61588           0.8 s  Freq=Y N.periodos=4
2026-09-12 15:10:31    584/ 5507  67232           0.7 s  Freq=Y N.periodos=50
2026-09-12 15:10:31    585/ 5507  77115           0.6 s  Freq=Y N.periodos=11
2026-09-12 15:10:32    586/ 5507  77117           0.6 s  Freq=Y N.periodos=50
2026-09-12 15:10:33    587/ 5507  77121           1.0 s  Freq=Y N.periodos=49
2026-09-12 15:10:34    588/ 5507  77156           0.8 s  Freq=Y N.periodos=51
2026-09-12 15:10:35    589/ 5507  1374            0.9 s  Freq=Y N.periodos=49
2026-09-12 15:10:36    590/ 5507  1406            1.6 s  Freq=Y N.periodos=50
2026-09-12 15:10:39    591/ 5507  1424            3.1 s  Freq=Y N.periodos=49
2026-09-12 15:10:43    592/ 5507  1440            3.8 s  Freq=Y N.periodos=50
2026-09-12 15:10:44    593/ 5507  1680            1.3 s  Freq=Y N.periodos=50
2026-09-12 15:10:46    594/ 5507  1686            1.1 s  Freq=Y N.periodos=50
2026-09-12 15:10:46    595/ 5507  1687            0.6 s  Freq=Y N.periodos=50
2026-09-12 15:10:47    596/ 5507  1725            1.1 s  Freq=Y N.periodos=51
2026-09-12 15:10:48    597/ 5507  1726            0.6 s  Freq=Y N.periodos=51
2026-09-12 15:10:49    598/ 5507  5227            0.7 s  Freq=Y N.periodos=13
2026-09-12 15:10:49    599/ 5507  5228            0.8 s  Freq=Y N.periodos=13
2026-09-12 15:10:50    600/ 5507  5229            1.0 s  Freq=Y N.periodos=13
2026-09-12 15:10:51    601/ 5507  5942            0.9 s  Freq=Y N.periodos=13
2026-09-12 15:10:53    602/ 5507  25206           1.3 s  Freq=Y N.periodos=14
2026-09-12 15:10:54    603/ 5507  25214           1.2 s  Freq=Y N.periodos=14
2026-09-12 15:10:54    604/ 5507  29280           0.6 s  Freq=Y N.periodos=13
2026-09-12 15:10:55    605/ 5507  30667           0.5 s  Freq=Y N.periodos=11
2026-09-12 15:10:56    606/ 5507  30687           0.9 s  Freq=Y N.periodos=10
2026-09-12 15:10:58    607/ 5507  30691           1.7 s  Freq=Y N.periodos=11
2026-09-12 15:10:58    608/ 5507  30697           0.7 s  Freq=Y N.periodos=11
2026-09-12 15:10:59    609/ 5507  30700           0.5 s  Freq=Y N.periodos=12
2026-09-12 15:11:00    610/ 5507  31309           1.0 s  Freq=Y N.periodos=13
2026-09-12 15:11:01    611/ 5507  31314           1.0 s  Freq=Y N.periodos=13
2026-09-12 15:11:02    612/ 5507  61537           0.8 s  Freq=Y N.periodos=4
2026-09-12 15:11:03    613/ 5507  61574           1.2 s  Freq=Y N.periodos=4
2026-09-12 15:11:04    614/ 5507  61578           0.9 s  Freq=Y N.periodos=4
2026-09-12 15:11:08    615/ 5507  67224           4.0 s  Freq=Y N.periodos=50
2026-09-12 15:11:09    616/ 5507  77118           1.4 s  Freq=Y N.periodos=10
2026-09-12 15:11:10    617/ 5507  77157           0.8 s  Freq=Y N.periodos=51
2026-09-12 15:11:11    618/ 5507  1379            0.7 s  Freq=Y N.periodos=49
2026-09-12 15:11:11    619/ 5507  1407            0.6 s  Freq=Y N.periodos=50
2026-09-12 15:11:12    620/ 5507  1429            1.2 s  Freq=Y N.periodos=49
2026-09-12 15:11:13    621/ 5507  1441            0.7 s  Freq=Y N.periodos=50
2026-09-12 15:11:17    622/ 5507  1466            3.7 s  Freq=Y N.periodos=50
2026-09-12 15:11:20    623/ 5507  1469            3.2 s  Freq=Y N.periodos=49
2026-09-12 15:11:21    624/ 5507  1688            1.2 s  Freq=Y N.periodos=50
2026-09-12 15:11:22    625/ 5507  1689            0.5 s  Freq=Y N.periodos=50
2026-09-12 15:11:22    626/ 5507  1690            0.6 s  Freq=Y N.periodos=50
2026-09-12 15:11:23    627/ 5507  5230            0.7 s  Freq=Y N.periodos=24
2026-09-12 15:11:26    628/ 5507  5231            3.2 s  Freq=Y N.periodos=24
2026-09-12 15:11:27    629/ 5507  5943            0.9 s  Freq=Y N.periodos=13
2026-09-12 15:11:28    630/ 5507  14817           0.8 s  Freq=Y N.periodos=16
2026-09-12 15:11:28    631/ 5507  25202           0.5 s  Freq=Y N.periodos=14
2026-09-12 15:11:29    632/ 5507  25207           1.0 s  Freq=Y N.periodos=20
2026-09-12 15:11:30    633/ 5507  25215           0.7 s  Freq=Y N.periodos=20
2026-09-12 15:11:31    634/ 5507  29421           1.3 s  Freq=Y N.periodos=13
2026-09-12 15:11:32    635/ 5507  30668           0.6 s  Freq=Y N.periodos=11
2026-09-12 15:11:33    636/ 5507  30688           0.8 s  Freq=Y N.periodos=10
2026-09-12 15:11:34    637/ 5507  30692           0.8 s  Freq=Y N.periodos=11
2026-09-12 15:11:35    638/ 5507  30701           0.9 s  Freq=Y N.periodos=12
2026-09-12 15:11:36    639/ 5507  31313           1.1 s  Freq=Y N.periodos=13
2026-09-12 15:11:36    640/ 5507  46553           0.7 s  Freq=Y N.periodos=50
2026-09-12 15:11:37    641/ 5507  48879           0.9 s  Freq=Y N.periodos=50
2026-09-12 15:11:38    642/ 5507  48881           0.9 s  Freq=Y N.periodos=50
2026-09-12 15:11:39    643/ 5507  61538           0.5 s  Freq=Y N.periodos=4
2026-09-12 15:11:39    644/ 5507  61562           0.6 s  Freq=Y N.periodos=4
2026-09-12 15:11:40    645/ 5507  61575           0.6 s  Freq=Y N.periodos=4
2026-09-12 15:11:41    646/ 5507  61590           1.2 s  Freq=Y N.periodos=4
2026-09-12 15:11:42    647/ 5507  61769           0.6 s  Freq=Y N.periodos=4
2026-09-12 15:11:42    648/ 5507  61770           0.6 s  Freq=Y N.periodos=4
2026-09-12 15:11:43    649/ 5507  61771           1.1 s  Freq=Y N.periodos=4
2026-09-12 15:11:47    650/ 5507  67225           4.1 s  Freq=Y N.periodos=50
2026-09-12 15:11:49    651/ 5507  67226           1.2 s  Freq=Y N.periodos=50
2026-09-12 15:11:49    652/ 5507  1375            0.6 s  Freq=Y N.periodos=49
2026-09-12 15:11:50    653/ 5507  1380            0.5 s  Freq=Y N.periodos=49
2026-09-12 15:11:50    654/ 5507  1430            0.6 s  Freq=Y N.periodos=49
2026-09-12 15:11:51    655/ 5507  1431            0.9 s  Freq=Y N.periodos=34
2026-09-12 15:11:52    656/ 5507  1457            0.6 s  Freq=Y N.periodos=49
2026-09-12 15:11:53    657/ 5507  1467            1.4 s  Freq=Y N.periodos=34
2026-09-12 15:11:56    658/ 5507  1468            3.1 s  Freq=Y N.periodos=49
2026-09-12 15:11:57    659/ 5507  1478            0.8 s  Freq=Y N.periodos=50
2026-09-12 15:11:58    660/ 5507  1579            1.0 s  Freq=Y N.periodos=50
2026-09-12 15:11:59    661/ 5507  1580            1.0 s  Freq=Y N.periodos=50
2026-09-12 15:12:00    662/ 5507  1692            0.6 s  Freq=Y N.periodos=50
2026-09-12 15:12:00    663/ 5507  1693            0.7 s  Freq=Y N.periodos=50
2026-09-12 15:12:01    664/ 5507  1694            0.6 s  Freq=Y N.periodos=50
2026-09-12 15:12:01    665/ 5507  1721            0.5 s  Freq=Y N.periodos=50
2026-09-12 15:12:02    666/ 5507  1724            1.0 s  Freq=Y N.periodos=51
2026-09-12 15:12:03    667/ 5507  1728            0.9 s  Freq=Y N.periodos=50
2026-09-12 15:12:04    668/ 5507  5848            0.6 s  Freq=Y N.periodos=13
2026-09-12 15:12:05    669/ 5507  5944            0.8 s  Freq=Y N.periodos=13
2026-09-12 15:12:06    670/ 5507  5955            1.1 s  Freq=Y N.periodos=13
2026-09-12 15:12:06    671/ 5507  5956            0.5 s  Freq=Y N.periodos=13
2026-09-12 15:12:07    672/ 5507  14816           0.8 s  Freq=Y N.periodos=34
2026-09-12 15:12:08    673/ 5507  25197           1.0 s  Freq=Y N.periodos=20
2026-09-12 15:12:09    674/ 5507  25208           0.9 s  Freq=Y N.periodos=6
2026-09-12 15:12:10    675/ 5507  25216           0.9 s  Freq=Y N.periodos=6
2026-09-12 15:12:11    676/ 5507  30674           0.7 s  Freq=Y N.periodos=11
2026-09-12 15:12:11    677/ 5507  30702           0.5 s  Freq=Y N.periodos=12
2026-09-12 15:12:12    678/ 5507  48883           0.9 s  Freq=Y N.periodos=50
2026-09-12 15:12:13    679/ 5507  61550           0.7 s  Freq=Y N.periodos=4
2026-09-12 15:12:13    680/ 5507  61563           0.8 s  Freq=Y N.periodos=4
2026-09-12 15:12:14    681/ 5507  61576           0.5 s  Freq=Y N.periodos=4
2026-09-12 15:12:15    682/ 5507  67227           0.9 s  Freq=Y N.periodos=50
2026-09-12 15:12:15    683/ 5507  1376            0.5 s  Freq=Y N.periodos=49
2026-09-12 15:12:16    684/ 5507  1426            0.9 s  Freq=Y N.periodos=49
2026-09-12 15:12:17    685/ 5507  1463            0.6 s  Freq=Y N.periodos=49
2026-09-12 15:12:18    686/ 5507  1495            1.1 s  Freq=Y N.periodos=50
2026-09-12 15:12:19    687/ 5507  1496            1.0 s  Freq=Y N.periodos=50
2026-09-12 15:12:20    688/ 5507  1581            1.1 s  Freq=Y N.periodos=50
2026-09-12 15:12:21    689/ 5507  1691            1.2 s  Freq=Y N.periodos=50
2026-09-12 15:12:22    690/ 5507  1695            1.2 s  Freq=Y N.periodos=49
2026-09-12 15:12:23    691/ 5507  1696            0.6 s  Freq=Y N.periodos=49
2026-09-12 15:12:24    692/ 5507  1729            0.7 s  Freq=Y N.periodos=50
2026-09-12 15:12:25    693/ 5507  3199            1.2 s  Freq=Y N.periodos=51
2026-09-12 15:12:26    694/ 5507  5233            1.0 s  Freq=Y N.periodos=24
2026-09-12 15:12:28    695/ 5507  5234            1.7 s  Freq=Y N.periodos=24
2026-09-12 15:12:29    696/ 5507  5850            1.1 s  Freq=Y N.periodos=13
2026-09-12 15:12:30    697/ 5507  5851            1.0 s  Freq=Y N.periodos=13
2026-09-12 15:12:31    698/ 5507  5945            0.7 s  Freq=Y N.periodos=13
2026-09-12 15:12:31    699/ 5507  25196           0.9 s  Freq=Y N.periodos=6
2026-09-12 15:12:33    700/ 5507  25209           1.1 s  Freq=Y N.periodos=14
2026-09-12 15:12:33    701/ 5507  25217           0.7 s  Freq=Y N.periodos=14
2026-09-12 15:12:34    702/ 5507  29420           0.6 s  Freq=Y N.periodos=13
2026-09-12 15:12:35    703/ 5507  30673           0.5 s  Freq=Y N.periodos=11
2026-09-12 15:12:35    704/ 5507  30735           0.6 s  Freq=Y N.periodos=12
2026-09-12 15:12:36    705/ 5507  37660           0.7 s  Freq=Y N.periodos=8
2026-09-12 15:12:37    706/ 5507  37661           1.1 s  Freq=Y N.periodos=8
2026-09-12 15:12:39    707/ 5507  37662           1.8 s  Freq=Y N.periodos=8
2026-09-12 15:12:40    708/ 5507  61540           0.9 s  Freq=Y N.periodos=4
2026-09-12 15:12:41    709/ 5507  61551           1.1 s  Freq=Y N.periodos=4
2026-09-12 15:12:42    710/ 5507  61581           0.8 s  Freq=Y N.periodos=4
2026-09-12 15:12:42    711/ 5507  61592           0.8 s  Freq=Y N.periodos=4
2026-09-12 15:12:43    712/ 5507  77116           0.9 s  Freq=Y N.periodos=50
2026-09-12 15:12:44    713/ 5507  1464            1.0 s  Freq=Y N.periodos=49
2026-09-12 15:12:45    714/ 5507  1494            0.7 s  Freq=Y N.periodos=49
2026-09-12 15:12:46    715/ 5507  1497            1.1 s  Freq=Y N.periodos=50
2026-09-12 15:12:47    716/ 5507  1681            0.9 s  Freq=Y N.periodos=50
2026-09-12 15:12:48    717/ 5507  1682            0.8 s  Freq=Y N.periodos=50
2026-09-12 15:12:49    718/ 5507  1683            1.1 s  Freq=Y N.periodos=50
2026-09-12 15:12:50    719/ 5507  1697            0.9 s  Freq=Y N.periodos=49
2026-09-12 15:12:50    720/ 5507  1698            0.6 s  Freq=Y N.periodos=49
2026-09-12 15:12:51    721/ 5507  1699            0.7 s  Freq=Y N.periodos=49
2026-09-12 15:12:52    722/ 5507  1727            0.9 s  Freq=Y N.periodos=51
2026-09-12 15:12:53    723/ 5507  2776            0.8 s  Freq=Y N.periodos=23
2026-09-12 15:12:53    724/ 5507  2777            0.6 s  Freq=Y N.periodos=23
2026-09-12 15:12:54    725/ 5507  5849            0.8 s  Freq=Y N.periodos=13
2026-09-12 15:12:55    726/ 5507  25203           0.9 s  Freq=Y N.periodos=14
2026-09-12 15:12:56    727/ 5507  25210           1.1 s  Freq=Y N.periodos=20
2026-09-12 15:12:57    728/ 5507  25218           0.6 s  Freq=Y N.periodos=20
2026-09-12 15:12:58    729/ 5507  30675           1.0 s  Freq=Y N.periodos=11
2026-09-12 15:12:58    730/ 5507  30736           0.8 s  Freq=Y N.periodos=12
2026-09-12 15:13:00    731/ 5507  31308           1.4 s  Freq=Y N.periodos=13
2026-09-12 15:13:01    732/ 5507  31310           1.2 s  Freq=Y N.periodos=13
2026-09-12 15:13:02    733/ 5507  61541           0.9 s  Freq=Y N.periodos=4
2026-09-12 15:13:03    734/ 5507  61552           0.9 s  Freq=Y N.periodos=4
2026-09-12 15:13:04    735/ 5507  61565           1.2 s  Freq=Y N.periodos=4
2026-09-12 15:13:05    736/ 5507  67304           1.0 s  Freq=Y N.periodos=51
2026-09-12 15:13:06    737/ 5507  1410            0.6 s  Freq=Y N.periodos=50
2026-09-12 15:13:06    738/ 5507  1414            0.5 s  Freq=Y N.periodos=50
2026-09-12 15:13:07    739/ 5507  1417            0.9 s  Freq=Y N.periodos=51
2026-09-12 15:13:08    740/ 5507  1444            0.7 s  Freq=Y N.periodos=50
2026-09-12 15:13:09    741/ 5507  1448            0.9 s  Freq=Y N.periodos=50
2026-09-12 15:13:10    742/ 5507  1451            0.9 s  Freq=Y N.periodos=51
2026-09-12 15:13:11    743/ 5507  1460            1.0 s  Freq=Y N.periodos=49
2026-09-12 15:13:11    744/ 5507  1481            0.8 s  Freq=Y N.periodos=50
2026-09-12 15:13:12    745/ 5507  1485            0.9 s  Freq=Y N.periodos=50
2026-09-12 15:13:13    746/ 5507  1700            0.9 s  Freq=Y N.periodos=49
2026-09-12 15:13:14    747/ 5507  1701            0.7 s  Freq=Y N.periodos=50
2026-09-12 15:13:15    748/ 5507  1702            1.0 s  Freq=Y N.periodos=50
2026-09-12 15:13:16    749/ 5507  5854            0.8 s  Freq=Y N.periodos=13
2026-09-12 15:13:16    750/ 5507  24723           0.8 s  Freq=Y N.periodos=20
2026-09-12 15:13:17    751/ 5507  25211           0.6 s  Freq=Y N.periodos=20
2026-09-12 15:13:18    752/ 5507  25219           0.8 s  Freq=Y N.periodos=20
2026-09-12 15:13:19    753/ 5507  30676           1.1 s  Freq=Y N.periodos=11
2026-09-12 15:13:20    754/ 5507  30737           0.7 s  Freq=Y N.periodos=12
2026-09-12 15:13:21    755/ 5507  31315           1.4 s  Freq=Y N.periodos=13
2026-09-12 15:13:22    756/ 5507  61583           1.1 s  Freq=Y N.periodos=4
2026-09-12 15:13:23    757/ 5507  61594           1.0 s  Freq=Y N.periodos=4
2026-09-12 15:13:24    758/ 5507  1415            0.8 s  Freq=Y N.periodos=50
2026-09-12 15:13:25    759/ 5507  1418            0.9 s  Freq=Y N.periodos=51
2026-09-12 15:13:26    760/ 5507  1449            1.0 s  Freq=Y N.periodos=50
2026-09-12 15:13:26    761/ 5507  1452            0.6 s  Freq=Y N.periodos=51
2026-09-12 15:13:27    762/ 5507  1486            1.0 s  Freq=Y N.periodos=50
2026-09-12 15:13:28    763/ 5507  1522            0.9 s  Freq=Y N.periodos=50
2026-09-12 15:13:29    764/ 5507  1703            0.8 s  Freq=Y N.periodos=50
2026-09-12 15:13:30    765/ 5507  5959            0.9 s  Freq=Y N.periodos=13
2026-09-12 15:13:31    766/ 5507  5960            0.9 s  Freq=Y N.periodos=13
2026-09-12 15:13:31    767/ 5507  6587            0.7 s  Freq=Y N.periodos=50
2026-09-12 15:13:32    768/ 5507  6596            0.8 s  Freq=Y N.periodos=50
2026-09-12 15:13:33    769/ 5507  24724           0.6 s  Freq=Y N.periodos=20
2026-09-12 15:13:34    770/ 5507  29278           0.7 s  Freq=Y N.periodos=13
2026-09-12 15:13:35    771/ 5507  31312           1.5 s  Freq=Y N.periodos=13
2026-09-12 15:13:36    772/ 5507  34982           0.8 s  Freq=Y N.periodos=12
2026-09-12 15:13:37    773/ 5507  61543           1.1 s  Freq=Y N.periodos=4
2026-09-12 15:13:38    774/ 5507  61554           0.9 s  Freq=Y N.periodos=4
2026-09-12 15:13:39    775/ 5507  61567           1.2 s  Freq=Y N.periodos=4
2026-09-12 15:13:41    776/ 5507  66268           1.7 s  Freq=Y N.periodos=50
2026-09-12 15:13:42    777/ 5507  66269           0.9 s  Freq=Y N.periodos=50
2026-09-12 15:13:42    778/ 5507  1419            0.8 s  Freq=Y N.periodos=51
2026-09-12 15:13:44    779/ 5507  1453            1.3 s  Freq=Y N.periodos=51
2026-09-12 15:13:45    780/ 5507  1488            0.9 s  Freq=Y N.periodos=51
2026-09-12 15:13:46    781/ 5507  1499            0.9 s  Freq=Y N.periodos=50
2026-09-12 15:13:46    782/ 5507  1501            0.6 s  Freq=Y N.periodos=50
2026-09-12 15:13:48    783/ 5507  5856            1.4 s  Freq=Y N.periodos=13
2026-09-12 15:13:49    784/ 5507  5857            1.2 s  Freq=Y N.periodos=13
2026-09-12 15:13:49    785/ 5507  5946            0.6 s  Freq=Y N.periodos=13
2026-09-12 15:13:50    786/ 5507  5949            0.8 s  Freq=Y N.periodos=13
2026-09-12 15:13:51    787/ 5507  6588            1.1 s  Freq=Y N.periodos=50
2026-09-12 15:13:52    788/ 5507  6592            0.8 s  Freq=Y N.periodos=50
2026-09-12 15:13:53    789/ 5507  6597            1.0 s  Freq=Y N.periodos=50
2026-09-12 15:13:54    790/ 5507  37663           1.2 s  Freq=Y N.periodos=8
2026-09-12 15:13:55    791/ 5507  37664           1.1 s  Freq=Y N.periodos=8
2026-09-12 15:13:58    792/ 5507  37665           2.1 s  Freq=Y N.periodos=8
2026-09-12 15:13:58    793/ 5507  61544           0.9 s  Freq=Y N.periodos=4
2026-09-12 15:14:00    794/ 5507  61585           1.8 s  Freq=Y N.periodos=4
2026-09-12 15:14:01    795/ 5507  61596           0.8 s  Freq=Y N.periodos=4
2026-09-12 15:14:02    796/ 5507  1420            0.6 s  Freq=Y N.periodos=51
2026-09-12 15:14:03    797/ 5507  1454            1.6 s  Freq=Y N.periodos=51
2026-09-12 15:14:04    798/ 5507  1489            1.0 s  Freq=Y N.periodos=51
2026-09-12 15:14:05    799/ 5507  5855            0.6 s  Freq=Y N.periodos=13
2026-09-12 15:14:05    800/ 5507  5860            0.6 s  Freq=Y N.periodos=13
2026-09-12 15:14:07    801/ 5507  5948            1.4 s  Freq=Y N.periodos=13
2026-09-12 15:14:08    802/ 5507  5950            0.8 s  Freq=Y N.periodos=13
2026-09-12 15:14:09    803/ 5507  6589            1.2 s  Freq=Y N.periodos=50
2026-09-12 15:14:10    804/ 5507  6593            1.3 s  Freq=Y N.periodos=50
2026-09-12 15:14:11    805/ 5507  6598            0.8 s  Freq=Y N.periodos=50
2026-09-12 15:14:12    806/ 5507  29419           0.9 s  Freq=Y N.periodos=13
2026-09-12 15:14:13    807/ 5507  61545           0.8 s  Freq=Y N.periodos=4
2026-09-12 15:14:13    808/ 5507  61556           0.6 s  Freq=Y N.periodos=4
2026-09-12 15:14:14    809/ 5507  61569           0.7 s  Freq=Y N.periodos=4
2026-09-12 15:14:15    810/ 5507  61586           0.8 s  Freq=Y N.periodos=4
2026-09-12 15:14:15    811/ 5507  61597           0.5 s  Freq=Y N.periodos=4
2026-09-12 15:14:16    812/ 5507  1421            0.6 s  Freq=Y N.periodos=51
2026-09-12 15:14:17    813/ 5507  1455            1.3 s  Freq=Y N.periodos=51
2026-09-12 15:14:18    814/ 5507  1490            0.7 s  Freq=Y N.periodos=51
2026-09-12 15:14:19    815/ 5507  5859            0.7 s  Freq=Y N.periodos=13
2026-09-12 15:14:20    816/ 5507  6590            0.8 s  Freq=Y N.periodos=50
2026-09-12 15:14:20    817/ 5507  6594            0.8 s  Freq=Y N.periodos=50
2026-09-12 15:14:22    818/ 5507  6601            1.3 s  Freq=Y N.periodos=50
2026-09-12 15:14:22    819/ 5507  29418           0.5 s  Freq=Y N.periodos=13
2026-09-12 15:14:23    820/ 5507  61546           0.8 s  Freq=Y N.periodos=4
2026-09-12 15:14:24    821/ 5507  61557           1.0 s  Freq=Y N.periodos=4
2026-09-12 15:14:25    822/ 5507  61570           1.2 s  Freq=Y N.periodos=4
2026-09-12 15:14:26    823/ 5507  61587           0.5 s  Freq=Y N.periodos=4
2026-09-12 15:14:26    824/ 5507  61598           0.8 s  Freq=Y N.periodos=4
2026-09-12 15:14:27    825/ 5507  1491            1.0 s  Freq=Y N.periodos=51
2026-09-12 15:14:28    826/ 5507  5858            0.6 s  Freq=Y N.periodos=13
2026-09-12 15:14:29    827/ 5507  5862            0.6 s  Freq=Y N.periodos=13
2026-09-12 15:14:30    828/ 5507  6591            1.4 s  Freq=Y N.periodos=50
2026-09-12 15:14:31    829/ 5507  6595            1.0 s  Freq=Y N.periodos=50
2026-09-12 15:14:32    830/ 5507  6599            0.9 s  Freq=Y N.periodos=50
2026-09-12 15:14:33    831/ 5507  61558           0.8 s  Freq=Y N.periodos=4
2026-09-12 15:14:33    832/ 5507  61571           0.8 s  Freq=Y N.periodos=4
2026-09-12 15:14:34    833/ 5507  1492            0.8 s  Freq=Y N.periodos=51
2026-09-12 15:14:35    834/ 5507  5861            1.1 s  Freq=Y N.periodos=13
2026-09-12 15:14:36    835/ 5507  6600            0.6 s  Freq=Y N.periodos=50
2026-09-12 15:14:37    836/ 5507  29292           1.0 s  Freq=Y N.periodos=50
2026-09-12 15:14:38    837/ 5507  29474           0.9 s  Freq=Y N.periodos=50
2026-09-12 15:14:38    838/ 5507  61559           0.6 s  Freq=Y N.periodos=4
2026-09-12 15:14:40    839/ 5507  61572           1.2 s  Freq=Y N.periodos=4
2026-09-12 15:14:40    840/ 5507  67305           0.6 s  Freq=Y N.periodos=51
2026-09-12 15:14:41    841/ 5507  29475           0.6 s  Freq=Y N.periodos=50
2026-09-12 15:14:41    842/ 5507  3035            0.6 s  Freq=Y N.periodos=10
2026-09-12 15:14:42    843/ 5507  3086            0.5 s  Freq=Y N.periodos=10
2026-09-12 15:14:42    844/ 5507  3085            0.7 s  Freq=Y N.periodos=10
2026-09-12 15:14:43    845/ 5507  3036            0.7 s  Freq=Y N.periodos=10
2026-09-12 15:14:44    846/ 5507  3037            0.5 s  Freq=Y N.periodos=10
2026-09-12 15:14:44    847/ 5507  3038            0.6 s  Freq=Y N.periodos=10
2026-09-12 15:14:45    848/ 5507  3039            0.7 s  Freq=Y N.periodos=10
2026-09-12 15:14:46    849/ 5507  3040            0.7 s  Freq=Y N.periodos=10
2026-09-12 15:14:46    850/ 5507  3041            0.7 s  Freq=Y N.periodos=10
2026-09-12 15:14:47    851/ 5507  3042            1.1 s  Freq=Y N.periodos=10
2026-09-12 15:14:48    852/ 5507  3043            0.5 s  Freq=Y N.periodos=10
2026-09-12 15:14:49    853/ 5507  3044            0.5 s  Freq=Y N.periodos=10
2026-09-12 15:14:49    854/ 5507  3045            0.5 s  Freq=Y N.periodos=10
2026-09-12 15:14:50    855/ 5507  3046            0.8 s  Freq=Y N.periodos=10
2026-09-12 15:14:50    856/ 5507  3047            0.5 s  Freq=Y N.periodos=10
2026-09-12 15:14:51    857/ 5507  3048            0.7 s  Freq=Y N.periodos=10
2026-09-12 15:14:52    858/ 5507  3049            0.6 s  Freq=Y N.periodos=10
2026-09-12 15:14:52    859/ 5507  3050            0.6 s  Freq=Y N.periodos=10
2026-09-12 15:14:53    860/ 5507  3051            0.8 s  Freq=Y N.periodos=10
2026-09-12 15:14:54    861/ 5507  3052            0.6 s  Freq=Y N.periodos=10
2026-09-12 15:14:54    862/ 5507  3053            0.5 s  Freq=Y N.periodos=10
2026-09-12 15:14:55    863/ 5507  3054            1.0 s  Freq=Y N.periodos=10
2026-09-12 15:14:56    864/ 5507  3055            0.7 s  Freq=Y N.periodos=10
2026-09-12 15:14:57    865/ 5507  3056            0.6 s  Freq=Y N.periodos=10
2026-09-12 15:14:57    866/ 5507  3057            0.6 s  Freq=Y N.periodos=10
2026-09-12 15:14:58    867/ 5507  3087            1.1 s  Freq=Y N.periodos=10
2026-09-12 15:15:00    868/ 5507  3059            1.6 s  Freq=Y N.periodos=10
2026-09-12 15:15:01    869/ 5507  3060            1.4 s  Freq=Y N.periodos=10
2026-09-12 15:15:03    870/ 5507  3061            1.4 s  Freq=Y N.periodos=10
2026-09-12 15:15:03    871/ 5507  3062            0.6 s  Freq=Y N.periodos=10
2026-09-12 15:15:04    872/ 5507  3063            0.6 s  Freq=Y N.periodos=10
2026-09-12 15:15:05    873/ 5507  3064            1.0 s  Freq=Y N.periodos=10
2026-09-12 15:15:06    874/ 5507  3065            1.0 s  Freq=Y N.periodos=10
2026-09-12 15:15:07    875/ 5507  3066            0.8 s  Freq=Y N.periodos=10
2026-09-12 15:15:07    876/ 5507  3067            0.9 s  Freq=Y N.periodos=10
2026-09-12 15:15:08    877/ 5507  3068            0.6 s  Freq=Y N.periodos=10
2026-09-12 15:15:09    878/ 5507  3069            0.8 s  Freq=Y N.periodos=10
2026-09-12 15:15:10    879/ 5507  3070            1.3 s  Freq=Y N.periodos=10
2026-09-12 15:15:11    880/ 5507  3071            0.6 s  Freq=Y N.periodos=10
2026-09-12 15:15:12    881/ 5507  3072            0.8 s  Freq=Y N.periodos=10
2026-09-12 15:15:13    882/ 5507  3073            1.1 s  Freq=Y N.periodos=10
2026-09-12 15:15:13    883/ 5507  3074            0.7 s  Freq=Y N.periodos=10
2026-09-12 15:15:14    884/ 5507  3075            1.0 s  Freq=Y N.periodos=10
2026-09-12 15:15:15    885/ 5507  3076            0.8 s  Freq=Y N.periodos=10
2026-09-12 15:15:16    886/ 5507  3077            0.6 s  Freq=Y N.periodos=10
2026-09-12 15:15:16    887/ 5507  3078            0.5 s  Freq=Y N.periodos=10
2026-09-12 15:15:17    888/ 5507  3079            0.6 s  Freq=Y N.periodos=10
2026-09-12 15:15:17    889/ 5507  3080            0.6 s  Freq=Y N.periodos=10
2026-09-12 15:15:18    890/ 5507  3081            0.9 s  Freq=Y N.periodos=10
2026-09-12 15:15:20    891/ 5507  3082            1.3 s  Freq=Y N.periodos=10
2026-09-12 15:15:20    892/ 5507  3083            0.7 s  Freq=Y N.periodos=10
2026-09-12 15:15:21    893/ 5507  3084            0.5 s  Freq=Y N.periodos=7
2026-09-12 15:15:22    894/ 5507  3058            0.8 s  Freq=Y N.periodos=10
2026-09-12 15:15:22    895/ 5507  3091            0.6 s  Freq=Y N.periodos=10
2026-09-12 15:15:23    896/ 5507  3092            0.8 s  Freq=Y N.periodos=10
2026-09-12 15:15:24    897/ 5507  3093            0.6 s  Freq=Y N.periodos=10
2026-09-12 15:15:25    898/ 5507  3094            1.0 s  Freq=Y N.periodos=10
2026-09-12 15:15:25    899/ 5507  3095            0.5 s  Freq=Y N.periodos=10
2026-09-12 15:15:26    900/ 5507  3096            0.6 s  Freq=Y N.periodos=10
2026-09-12 15:15:27    901/ 5507  3097            0.6 s  Freq=Y N.periodos=10
2026-09-12 15:15:27    902/ 5507  3098            0.6 s  Freq=Y N.periodos=10
2026-09-12 15:15:28    903/ 5507  3099            0.7 s  Freq=Y N.periodos=10
2026-09-12 15:15:29    904/ 5507  3100            0.7 s  Freq=Y N.periodos=10
2026-09-12 15:15:30    905/ 5507  3101            0.7 s  Freq=Y N.periodos=10
2026-09-12 15:15:30    906/ 5507  3102            0.6 s  Freq=Y N.periodos=10
2026-09-12 15:15:31    907/ 5507  3103            0.9 s  Freq=Y N.periodos=10
2026-09-12 15:15:32    908/ 5507  3104            0.7 s  Freq=Y N.periodos=10
2026-09-12 15:15:32    909/ 5507  3105            0.6 s  Freq=Y N.periodos=10
2026-09-12 15:15:33    910/ 5507  3106            1.1 s  Freq=Y N.periodos=10
2026-09-12 15:15:34    911/ 5507  3107            0.7 s  Freq=Y N.periodos=10
2026-09-12 15:15:35    912/ 5507  3108            0.9 s  Freq=Y N.periodos=10
2026-09-12 15:15:36    913/ 5507  3109            0.7 s  Freq=Y N.periodos=10
2026-09-12 15:15:36    914/ 5507  3110            0.7 s  Freq=Y N.periodos=10
2026-09-12 15:15:37    915/ 5507  3111            1.0 s  Freq=Y N.periodos=10
2026-09-12 15:15:38    916/ 5507  3112            0.6 s  Freq=Y N.periodos=10
2026-09-12 15:15:39    917/ 5507  3113            1.0 s  Freq=Y N.periodos=10
2026-09-12 15:15:40    918/ 5507  3143            0.9 s  Freq=Y N.periodos=10
2026-09-12 15:15:41    919/ 5507  3115            0.8 s  Freq=Y N.periodos=10
2026-09-12 15:15:42    920/ 5507  3116            1.1 s  Freq=Y N.periodos=10
2026-09-12 15:15:43    921/ 5507  3117            0.8 s  Freq=Y N.periodos=10
2026-09-12 15:15:43    922/ 5507  3118            0.8 s  Freq=Y N.periodos=10
2026-09-12 15:15:44    923/ 5507  3119            0.8 s  Freq=Y N.periodos=10
2026-09-12 15:15:45    924/ 5507  3120            0.6 s  Freq=Y N.periodos=10
2026-09-12 15:15:46    925/ 5507  3121            0.8 s  Freq=Y N.periodos=10
2026-09-12 15:15:47    926/ 5507  3122            1.1 s  Freq=Y N.periodos=10
2026-09-12 15:15:47    927/ 5507  3123            0.6 s  Freq=Y N.periodos=10
2026-09-12 15:15:48    928/ 5507  3124            0.5 s  Freq=Y N.periodos=10
2026-09-12 15:15:49    929/ 5507  3125            1.5 s  Freq=Y N.periodos=10
2026-09-12 15:15:50    930/ 5507  3126            0.7 s  Freq=Y N.periodos=10
2026-09-12 15:15:51    931/ 5507  3127            0.6 s  Freq=Y N.periodos=10
2026-09-12 15:15:52    932/ 5507  3128            1.0 s  Freq=Y N.periodos=10
2026-09-12 15:15:53    933/ 5507  3129            0.9 s  Freq=Y N.periodos=10
2026-09-12 15:15:54    934/ 5507  3130            1.0 s  Freq=Y N.periodos=10
2026-09-12 15:15:54    935/ 5507  3131            0.9 s  Freq=Y N.periodos=10
2026-09-12 15:15:55    936/ 5507  3132            1.0 s  Freq=Y N.periodos=10
2026-09-12 15:15:56    937/ 5507  3133            0.9 s  Freq=Y N.periodos=10
2026-09-12 15:15:57    938/ 5507  3134            1.0 s  Freq=Y N.periodos=10
2026-09-12 15:15:58    939/ 5507  3135            0.6 s  Freq=Y N.periodos=10
2026-09-12 15:15:59    940/ 5507  3136            0.9 s  Freq=Y N.periodos=10
2026-09-12 15:16:00    941/ 5507  3137            0.7 s  Freq=Y N.periodos=10
2026-09-12 15:16:01    942/ 5507  3138            1.4 s  Freq=Y N.periodos=10
2026-09-12 15:16:02    943/ 5507  3139            1.2 s  Freq=Y N.periodos=10
2026-09-12 15:16:03    944/ 5507  3140            0.9 s  Freq=Y N.periodos=10
2026-09-12 15:16:04    945/ 5507  3114            0.6 s  Freq=Y N.periodos=10
2026-09-12 15:16:05    946/ 5507  3200            1.7 s  Freq=M N.periodos=282
2026-09-12 15:16:06    947/ 5507  3243            1.0 s  Freq=Y N.periodos=10
2026-09-12 15:16:08    948/ 5507  13896           1.9 s  Freq=M N.periodos=282
2026-09-12 15:16:09    949/ 5507  24456           0.5 s  Freq=M N.periodos=210
2026-09-12 15:16:10    950/ 5507  24459           1.0 s  Freq=Y N.periodos=23
2026-09-12 15:16:12    951/ 5507  3201            2.0 s  Freq=M N.periodos=108
2026-09-12 15:16:13    952/ 5507  3202            1.7 s  Freq=M N.periodos=282
2026-09-12 15:16:14    953/ 5507  3244            0.9 s  Freq=Y N.periodos=10
2026-09-12 15:16:16    954/ 5507  13897           1.2 s  Freq=M N.periodos=282
2026-09-12 15:16:16    955/ 5507  24457           0.7 s  Freq=M N.periodos=210
2026-09-12 15:16:17    956/ 5507  24460           0.8 s  Freq=Y N.periodos=23
2026-09-12 15:16:19    957/ 5507  3203            1.5 s  Freq=M N.periodos=282
2026-09-12 15:16:21    958/ 5507  3230            2.1 s  Freq=M N.periodos=108
2026-09-12 15:16:22    959/ 5507  13898           1.2 s  Freq=M N.periodos=282
2026-09-12 15:16:23    960/ 5507  24458           0.8 s  Freq=M N.periodos=210
2026-09-12 15:16:24    961/ 5507  24461           0.8 s  Freq=Y N.periodos=23
2026-09-12 15:16:25    962/ 5507  3204            1.4 s  Freq=M N.periodos=282
2026-09-12 15:16:27    963/ 5507  3229            1.6 s  Freq=M N.periodos=108
2026-09-12 15:16:28    964/ 5507  13899           1.5 s  Freq=M N.periodos=282
2026-09-12 15:16:29    965/ 5507  76315           0.6 s  Freq=M N.periodos=210
2026-09-12 15:16:30    966/ 5507  3205            1.3 s  Freq=M N.periodos=246
2026-09-12 15:16:32    967/ 5507  3231            1.7 s  Freq=M N.periodos=108
2026-09-12 15:16:33    968/ 5507  13900           1.1 s  Freq=M N.periodos=246
2026-09-12 15:16:34    969/ 5507  76316           1.1 s  Freq=M N.periodos=282
2026-09-12 15:16:35    970/ 5507  3206            1.4 s  Freq=M N.periodos=246
2026-09-12 15:16:37    971/ 5507  3232            1.3 s  Freq=M N.periodos=120
2026-09-12 15:16:37    972/ 5507  13901           0.9 s  Freq=M N.periodos=246
2026-09-12 15:16:39    973/ 5507  76317           1.9 s  Freq=M N.periodos=282
2026-09-12 15:16:41    974/ 5507  3208            1.7 s  Freq=M N.periodos=246
2026-09-12 15:16:42    975/ 5507  3233            0.7 s  Freq=M N.periodos=120
2026-09-12 15:16:43    976/ 5507  13902           1.1 s  Freq=M N.periodos=246
2026-09-12 15:16:45    977/ 5507  76318           1.6 s  Freq=M N.periodos=282
2026-09-12 15:16:46    978/ 5507  3209            1.8 s  Freq=M N.periodos=246
2026-09-12 15:16:47    979/ 5507  3234            0.6 s  Freq=M N.periodos=118
2026-09-12 15:16:48    980/ 5507  13903           1.0 s  Freq=M N.periodos=246
2026-09-12 15:16:49    981/ 5507  76319           0.6 s  Freq=M N.periodos=210
2026-09-12 15:16:50    982/ 5507  3235            1.2 s  Freq=Y N.periodos=10
2026-09-12 15:16:51    983/ 5507  3236            1.0 s  Freq=Y N.periodos=10
2026-09-12 15:16:52    984/ 5507  3237            1.3 s  Freq=Y N.periodos=10
2026-09-12 15:16:53    985/ 5507  3238            0.8 s  Freq=Y N.periodos=10
2026-09-12 15:16:54    986/ 5507  3239            0.9 s  Freq=Y N.periodos=10
2026-09-12 15:16:56    987/ 5507  3240            1.8 s  Freq=Y N.periodos=10
2026-09-12 15:16:56    988/ 5507  3241            0.7 s  Freq=Y N.periodos=10
2026-09-12 15:16:57    989/ 5507  3242            0.8 s  Freq=Y N.periodos=10
2026-09-12 15:16:58    990/ 5507  3216            0.7 s  Freq=Y N.periodos=23
2026-09-12 15:16:59    991/ 5507  3217            0.9 s  Freq=Y N.periodos=23
2026-09-12 15:17:00    992/ 5507  3218            1.1 s  Freq=Y N.periodos=23
2026-09-12 15:17:01    993/ 5507  3219            0.8 s  Freq=Y N.periodos=20
2026-09-12 15:17:01    994/ 5507  3220            0.8 s  Freq=Y N.periodos=20
2026-09-12 15:17:02    995/ 5507  3221            1.0 s  Freq=Y N.periodos=20
2026-09-12 15:17:03    996/ 5507  3222            1.0 s  Freq=Y N.periodos=20
2026-09-12 15:17:05    997/ 5507  3223            1.2 s  Freq=Y N.periodos=23
2026-09-12 15:17:06    998/ 5507  3224            1.5 s  Freq=Y N.periodos=23
2026-09-12 15:17:07    999/ 5507  3225            1.0 s  Freq=Y N.periodos=20
2026-09-12 15:17:08   1000/ 5507  3226            0.6 s  Freq=Y N.periodos=20
2026-09-12 15:17:09   1001/ 5507  3227            0.7 s  Freq=Y N.periodos=20
2026-09-12 15:17:09   1002/ 5507  3228            0.6 s  Freq=Y N.periodos=20
2026-09-12 15:17:11   1003/ 5507  26088           1.5 s  Freq=M N.periodos=216
2026-09-12 15:17:12   1004/ 5507  26093           1.5 s  Freq=M N.periodos=216
2026-09-12 15:17:13   1005/ 5507  26096           1.1 s  Freq=M N.periodos=216
2026-09-12 15:17:20   1006/ 5507  26099           7.2 s  no se pudo leer el .px
2026-09-12 15:17:21   1007/ 5507  26089           0.6 s  Freq=M N.periodos=216
2026-09-12 15:17:22   1008/ 5507  26094           0.7 s  Freq=M N.periodos=216
2026-09-12 15:17:22   1009/ 5507  26097           0.7 s  Freq=M N.periodos=216
2026-09-12 15:17:29   1010/ 5507  26100           7.0 s  no se pudo leer el .px
2026-09-12 15:17:30   1011/ 5507  26090           1.0 s  Freq=M N.periodos=216
2026-09-12 15:17:31   1012/ 5507  26095           0.8 s  Freq=M N.periodos=216
2026-09-12 15:17:32   1013/ 5507  26098           0.7 s  Freq=M N.periodos=216
2026-09-12 15:17:39   1014/ 5507  26101           7.3 s  no se pudo leer el .px
2026-09-12 15:17:40   1015/ 5507  26091           0.7 s  Freq=M N.periodos=216
2026-09-12 15:17:40   1016/ 5507  26092           0.5 s  Freq=M N.periodos=216
2026-09-12 15:17:41   1017/ 5507  61701           1.0 s  Freq=M N.periodos=294
2026-09-12 15:17:43   1018/ 5507  61706           1.1 s  Freq=M N.periodos=294
2026-09-12 15:17:44   1019/ 5507  61709           1.0 s  Freq=M N.periodos=294
2026-09-12 15:17:51   1020/ 5507  61712           7.4 s  no se pudo leer el .px
2026-09-12 15:17:52   1021/ 5507  70181           1.3 s  Freq=M N.periodos=294
2026-09-12 15:17:53   1022/ 5507  61702           0.7 s  Freq=M N.periodos=294
2026-09-12 15:17:54   1023/ 5507  61707           0.7 s  Freq=M N.periodos=294
2026-09-12 15:17:54   1024/ 5507  61710           0.7 s  Freq=M N.periodos=294
2026-09-12 15:18:02   1025/ 5507  61713           7.5 s  no se pudo leer el .px
2026-09-12 15:18:03   1026/ 5507  70182           1.2 s  Freq=M N.periodos=294
2026-09-12 15:18:04   1027/ 5507  61703           0.9 s  Freq=M N.periodos=294
2026-09-12 15:18:05   1028/ 5507  61708           0.8 s  Freq=M N.periodos=294
2026-09-12 15:18:06   1029/ 5507  61711           1.3 s  Freq=M N.periodos=294
2026-09-12 15:18:14   1030/ 5507  61714           7.6 s  no se pudo leer el .px
2026-09-12 15:18:15   1031/ 5507  75729           1.3 s  Freq=M N.periodos=294
2026-09-12 15:18:16   1032/ 5507  61704           0.8 s  Freq=M N.periodos=294
2026-09-12 15:18:17   1033/ 5507  61705           0.8 s  Freq=M N.periodos=294
2026-09-12 15:18:18   1034/ 5507  289             1.1 s  Freq=Y N.periodos=18
2026-09-12 15:18:23   1035/ 5507  294             5.2 s  Freq=Y N.periodos=16
2026-09-12 15:18:24   1036/ 5507  295             0.8 s  Freq=Y N.periodos=27
2026-09-12 15:18:25   1037/ 5507  302             0.8 s  Freq=Y N.periodos=27
2026-09-12 15:18:25   1038/ 5507  306             0.9 s  Freq=Y N.periodos=27
2026-09-12 15:18:27   1039/ 5507  32955           1.2 s  Freq=Y N.periodos=1
2026-09-12 15:18:27   1040/ 5507  39375           0.5 s  Freq=Y N.periodos=6
2026-09-12 15:18:28   1041/ 5507  73018           0.6 s  Freq=Y N.periodos=6
2026-09-12 15:18:29   1042/ 5507  291             1.3 s  Freq=Y N.periodos=18
2026-09-12 15:18:30   1043/ 5507  303             0.8 s  Freq=Y N.periodos=27
2026-09-12 15:18:31   1044/ 5507  32956           1.3 s  Freq=Y N.periodos=1
2026-09-12 15:18:34   1045/ 5507  39372           2.6 s  Freq=Y N.periodos=6
2026-09-12 15:18:34   1046/ 5507  39374           0.8 s  Freq=Y N.periodos=6
2026-09-12 15:18:35   1047/ 5507  290             0.7 s  Freq=Y N.periodos=18
2026-09-12 15:18:39   1048/ 5507  301             3.9 s  Freq=Y N.periodos=16
2026-09-12 15:18:45   1049/ 5507  4721            5.9 s  Freq=Y N.periodos=14
2026-09-12 15:18:47   1050/ 5507  39371           1.6 s  Freq=Y N.periodos=6
2026-09-12 15:18:48   1051/ 5507  73019           1.6 s  Freq=Y N.periodos=6
2026-09-12 15:18:49   1052/ 5507  292             1.0 s  Freq=Y N.periodos=11
2026-09-12 15:18:51   1053/ 5507  304             1.8 s  Freq=Y N.periodos=11
2026-09-12 15:18:52   1054/ 5507  288             1.1 s  Freq=Y N.periodos=11
2026-09-12 15:18:53   1055/ 5507  3954            0.9 s  Freq=Y N.periodos=13
2026-09-12 15:18:55   1056/ 5507  73020           2.5 s  Freq=Y N.periodos=6
2026-09-12 15:18:56   1057/ 5507  287             0.9 s  Freq=Y N.periodos=11
2026-09-12 15:18:57   1058/ 5507  3953            0.5 s  Freq=Y N.periodos=13
2026-09-12 15:18:58   1059/ 5507  73021           0.8 s  Freq=Y N.periodos=27
2026-09-12 15:18:58   1060/ 5507  30156           0.7 s  Freq=Y N.periodos=7
2026-09-12 15:18:59   1061/ 5507  30157           0.9 s  Freq=Y N.periodos=7
2026-09-12 15:19:00   1062/ 5507  73022           0.6 s  Freq=Y N.periodos=6
2026-09-12 15:19:01   1063/ 5507  73023           0.8 s  Freq=Y N.periodos=27
2026-09-12 15:19:02   1064/ 5507  10874           1.1 s  Freq=Q N.periodos=36
2026-09-12 15:19:02   1065/ 5507  10875           0.6 s  Freq=Q N.periodos=36
2026-09-12 15:19:03   1066/ 5507  36640           0.8 s  Freq=Q N.periodos=12
2026-09-12 15:19:04   1067/ 5507  36641           0.7 s  Freq=Q N.periodos=12
2026-09-12 15:19:05   1068/ 5507  61662           1.1 s  Freq=M N.periodos=259
2026-09-12 15:19:07   1069/ 5507  61667           1.9 s  Freq=M N.periodos=259
2026-09-12 15:19:08   1070/ 5507  61672           0.8 s  Freq=M N.periodos=259
2026-09-12 15:19:08   1071/ 5507  61675           0.5 s  Freq=Y N.periodos=21
2026-09-12 15:19:09   1072/ 5507  61680           0.5 s  Freq=Y N.periodos=21
2026-09-12 15:19:10   1073/ 5507  61685           0.9 s  Freq=Y N.periodos=21
2026-09-12 15:19:10   1074/ 5507  61688           0.6 s  Freq=Y N.periodos=17
2026-09-12 15:19:11   1075/ 5507  61693           0.8 s  Freq=Y N.periodos=17
2026-09-12 15:19:12   1076/ 5507  61698           0.9 s  Freq=Y N.periodos=17
2026-09-12 15:19:13   1077/ 5507  67151           0.8 s  Freq=M N.periodos=259
2026-09-12 15:19:14   1078/ 5507  67153           1.2 s  Freq=M N.periodos=259
2026-09-12 15:19:15   1079/ 5507  61663           1.0 s  Freq=M N.periodos=259
2026-09-12 15:19:16   1080/ 5507  61668           0.8 s  Freq=M N.periodos=259
2026-09-12 15:19:17   1081/ 5507  61673           0.7 s  Freq=M N.periodos=259
2026-09-12 15:19:17   1082/ 5507  61676           0.5 s  Freq=Y N.periodos=21
2026-09-12 15:19:18   1083/ 5507  61681           0.5 s  Freq=Y N.periodos=21
2026-09-12 15:19:18   1084/ 5507  61686           0.5 s  Freq=Y N.periodos=21
2026-09-12 15:19:20   1085/ 5507  61689           1.6 s  Freq=Y N.periodos=17
2026-09-12 15:19:21   1086/ 5507  61694           1.0 s  Freq=Y N.periodos=17
2026-09-12 15:19:21   1087/ 5507  61699           0.7 s  Freq=Y N.periodos=17
2026-09-12 15:19:22   1088/ 5507  67154           0.6 s  Freq=M N.periodos=259
2026-09-12 15:19:23   1089/ 5507  67156           0.6 s  Freq=M N.periodos=259
2026-09-12 15:19:24   1090/ 5507  61664           1.1 s  Freq=M N.periodos=259
2026-09-12 15:19:25   1091/ 5507  61669           1.1 s  Freq=M N.periodos=259
2026-09-12 15:19:26   1092/ 5507  61674           1.1 s  Freq=M N.periodos=259
2026-09-12 15:19:27   1093/ 5507  61677           0.8 s  Freq=Y N.periodos=21
2026-09-12 15:19:28   1094/ 5507  61682           0.9 s  Freq=Y N.periodos=21
2026-09-12 15:19:28   1095/ 5507  61687           0.6 s  Freq=Y N.periodos=21
2026-09-12 15:19:29   1096/ 5507  61690           0.8 s  Freq=Y N.periodos=17
2026-09-12 15:19:30   1097/ 5507  61695           0.6 s  Freq=Y N.periodos=17
2026-09-12 15:19:30   1098/ 5507  61700           0.8 s  Freq=Y N.periodos=17
2026-09-12 15:19:32   1099/ 5507  67157           1.8 s  Freq=M N.periodos=259
2026-09-12 15:19:34   1100/ 5507  67160           1.5 s  Freq=M N.periodos=259
2026-09-12 15:19:35   1101/ 5507  61665           1.5 s  Freq=M N.periodos=259
2026-09-12 15:19:37   1102/ 5507  61670           1.5 s  Freq=M N.periodos=259
2026-09-12 15:19:38   1103/ 5507  61678           1.4 s  Freq=Y N.periodos=21
2026-09-12 15:19:40   1104/ 5507  61683           2.0 s  Freq=Y N.periodos=21
2026-09-12 15:19:42   1105/ 5507  61691           1.5 s  Freq=Y N.periodos=17
2026-09-12 15:19:42   1106/ 5507  61696           0.7 s  Freq=Y N.periodos=17
2026-09-12 15:19:44   1107/ 5507  67161           1.2 s  Freq=M N.periodos=259
2026-09-12 15:19:45   1108/ 5507  67163           1.3 s  Freq=M N.periodos=259
2026-09-12 15:19:47   1109/ 5507  61666           1.6 s  Freq=M N.periodos=259
2026-09-12 15:19:49   1110/ 5507  61671           2.3 s  Freq=M N.periodos=259
2026-09-12 15:19:50   1111/ 5507  61679           0.9 s  Freq=Y N.periodos=21
2026-09-12 15:19:51   1112/ 5507  61684           0.7 s  Freq=Y N.periodos=21
2026-09-12 15:19:51   1113/ 5507  61692           0.7 s  Freq=Y N.periodos=17
2026-09-12 15:19:52   1114/ 5507  61697           1.0 s  Freq=Y N.periodos=17
2026-09-12 15:19:55   1115/ 5507  67164           2.3 s  Freq=M N.periodos=259
2026-09-12 15:19:56   1116/ 5507  67166           1.7 s  Freq=M N.periodos=259
2026-09-12 15:19:59   1117/ 5507  76203           2.4 s  Freq=M N.periodos=259
2026-09-12 15:19:59   1118/ 5507  76204           0.7 s  Freq=M N.periodos=259
2026-09-12 15:20:01   1119/ 5507  76205           1.4 s  Freq=M N.periodos=259
2026-09-12 15:20:02   1120/ 5507  76206           0.8 s  Freq=M N.periodos=259
2026-09-12 15:20:03   1121/ 5507  76207           0.9 s  Freq=M N.periodos=259
2026-09-12 15:20:04   1122/ 5507  1989            1.5 s  Freq=M N.periodos=282
2026-09-12 15:20:05   1123/ 5507  2050            0.8 s  Freq=M N.periodos=282
2026-09-12 15:20:06   1124/ 5507  8317            1.3 s  Freq=M N.periodos=149
2026-09-12 15:20:07   1125/ 5507  1990            0.9 s  Freq=M N.periodos=282
2026-09-12 15:20:08   1126/ 5507  1991            0.6 s  Freq=M N.periodos=282
2026-09-12 15:20:08   1127/ 5507  2060            0.8 s  Freq=M N.periodos=186
2026-09-12 15:20:09   1128/ 5507  2007            0.8 s  Freq=M N.periodos=282
2026-09-12 15:20:10   1129/ 5507  2008            0.7 s  Freq=M N.periodos=282
2026-09-12 15:20:10   1130/ 5507  8318            0.5 s  Freq=M N.periodos=149
2026-09-12 15:20:11   1131/ 5507  20170           0.9 s  Freq=Y N.periodos=21
2026-09-12 15:20:12   1132/ 5507  20254           0.7 s  Freq=Y N.periodos=11
2026-09-12 15:20:13   1133/ 5507  20273           0.8 s  Freq=Y N.periodos=11
2026-09-12 15:20:14   1134/ 5507  20493           0.8 s  Freq=Y N.periodos=13
2026-09-12 15:20:14   1135/ 5507  20508           0.8 s  Freq=Y N.periodos=13
2026-09-12 15:20:15   1136/ 5507  20511           0.7 s  Freq=Y N.periodos=13
2026-09-12 15:20:16   1137/ 5507  20521           0.8 s  Freq=Y N.periodos=13
2026-09-12 15:20:16   1138/ 5507  20534           0.6 s  Freq=Y N.periodos=13
2026-09-12 15:20:17   1139/ 5507  20678           0.8 s  Freq=Y N.periodos=13
2026-09-12 15:20:18   1140/ 5507  20693           0.5 s  Freq=Y N.periodos=13
2026-09-12 15:20:18   1141/ 5507  21475           0.7 s  Freq=Y N.periodos=13
2026-09-12 15:20:19   1142/ 5507  21540           0.8 s  Freq=Y N.periodos=13
2026-09-12 15:20:20   1143/ 5507  21550           0.8 s  Freq=Y N.periodos=13
2026-09-12 15:20:21   1144/ 5507  21554           1.1 s  Freq=Y N.periodos=13
2026-09-12 15:20:22   1145/ 5507  49097           0.9 s  Freq=Y N.periodos=21
2026-09-12 15:20:23   1146/ 5507  20171           1.1 s  Freq=Y N.periodos=21
2026-09-12 15:20:24   1147/ 5507  20255           0.7 s  Freq=Y N.periodos=11
2026-09-12 15:20:25   1148/ 5507  20274           0.9 s  Freq=Y N.periodos=11
2026-09-12 15:20:25   1149/ 5507  20478           0.8 s  Freq=Y N.periodos=13
2026-09-12 15:20:26   1150/ 5507  20479           0.7 s  Freq=Y N.periodos=13
2026-09-12 15:20:27   1151/ 5507  20494           1.0 s  Freq=Y N.periodos=13
2026-09-12 15:20:28   1152/ 5507  20509           1.1 s  Freq=Y N.periodos=13
2026-09-12 15:20:29   1153/ 5507  20512           0.8 s  Freq=Y N.periodos=13
2026-09-12 15:20:30   1154/ 5507  20522           0.9 s  Freq=Y N.periodos=13
2026-09-12 15:20:31   1155/ 5507  20536           0.8 s  Freq=Y N.periodos=13
2026-09-12 15:20:32   1156/ 5507  20679           0.8 s  Freq=Y N.periodos=13
2026-09-12 15:20:32   1157/ 5507  20753           0.5 s  Freq=Y N.periodos=13
2026-09-12 15:20:33   1158/ 5507  21477           0.6 s  Freq=Y N.periodos=13
2026-09-12 15:20:33   1159/ 5507  21541           0.8 s  Freq=Y N.periodos=13
2026-09-12 15:20:34   1160/ 5507  21551           0.9 s  Freq=Y N.periodos=13
2026-09-12 15:20:35   1161/ 5507  21555           0.8 s  Freq=Y N.periodos=13
2026-09-12 15:20:36   1162/ 5507  20172           0.5 s  Freq=Y N.periodos=20
2026-09-12 15:20:37   1163/ 5507  20257           0.9 s  Freq=Y N.periodos=11
2026-09-12 15:20:37   1164/ 5507  20275           0.7 s  Freq=Y N.periodos=11
2026-09-12 15:20:38   1165/ 5507  20480           0.9 s  Freq=Y N.periodos=13
2026-09-12 15:20:39   1166/ 5507  20495           1.0 s  Freq=Y N.periodos=13
2026-09-12 15:20:40   1167/ 5507  20510           0.9 s  Freq=Y N.periodos=13
2026-09-12 15:20:41   1168/ 5507  20513           0.7 s  Freq=Y N.periodos=13
2026-09-12 15:20:41   1169/ 5507  20523           0.7 s  Freq=Y N.periodos=13
2026-09-12 15:20:42   1170/ 5507  20537           0.9 s  Freq=Y N.periodos=13
2026-09-12 15:20:43   1171/ 5507  20680           0.7 s  Freq=Y N.periodos=13
2026-09-12 15:20:44   1172/ 5507  20754           0.5 s  Freq=Y N.periodos=13
2026-09-12 15:20:44   1173/ 5507  21478           0.9 s  Freq=Y N.periodos=13
2026-09-12 15:20:45   1174/ 5507  21542           0.7 s  Freq=Y N.periodos=13
2026-09-12 15:20:46   1175/ 5507  21552           0.8 s  Freq=Y N.periodos=13
2026-09-12 15:20:47   1176/ 5507  21556           0.9 s  Freq=Y N.periodos=13
2026-09-12 15:20:48   1177/ 5507  20264           0.9 s  Freq=Y N.periodos=11
2026-09-12 15:20:48   1178/ 5507  20276           0.7 s  Freq=Y N.periodos=11
2026-09-12 15:20:49   1179/ 5507  20481           0.6 s  Freq=Y N.periodos=13
2026-09-12 15:20:49   1180/ 5507  20496           0.5 s  Freq=Y N.periodos=13
2026-09-12 15:20:50   1181/ 5507  20514           0.7 s  Freq=Y N.periodos=13
2026-09-12 15:20:51   1182/ 5507  20673           0.5 s  Freq=Y N.periodos=13
2026-09-12 15:20:51   1183/ 5507  20681           0.8 s  Freq=Y N.periodos=13
2026-09-12 15:20:52   1184/ 5507  20755           0.5 s  Freq=Y N.periodos=13
2026-09-12 15:20:53   1185/ 5507  21479           0.8 s  Freq=Y N.periodos=13
2026-09-12 15:20:53   1186/ 5507  21543           0.7 s  Freq=Y N.periodos=13
2026-09-12 15:20:54   1187/ 5507  21553           1.0 s  Freq=Y N.periodos=13
2026-09-12 15:20:55   1188/ 5507  21557           0.6 s  Freq=Y N.periodos=13
2026-09-12 15:20:56   1189/ 5507  24257           0.7 s  Freq=Y N.periodos=8
2026-09-12 15:20:56   1190/ 5507  49100           0.7 s  Freq=Y N.periodos=13
2026-09-12 15:20:59   1191/ 5507  20173           2.1 s  Freq=Y N.periodos=13
2026-09-12 15:21:00   1192/ 5507  20271           1.7 s  Freq=Y N.periodos=11
2026-09-12 15:21:01   1193/ 5507  20277           0.8 s  Freq=Y N.periodos=11
2026-09-12 15:21:02   1194/ 5507  20482           1.0 s  Freq=Y N.periodos=13
2026-09-12 15:21:03   1195/ 5507  20497           0.5 s  Freq=Y N.periodos=13
2026-09-12 15:21:03   1196/ 5507  20515           0.7 s  Freq=Y N.periodos=13
2026-09-12 15:21:04   1197/ 5507  20538           0.6 s  Freq=Y N.periodos=13
2026-09-12 15:21:04   1198/ 5507  20674           0.5 s  Freq=Y N.periodos=13
2026-09-12 15:21:05   1199/ 5507  20682           0.5 s  Freq=Y N.periodos=13
2026-09-12 15:21:06   1200/ 5507  21544           1.5 s  Freq=Y N.periodos=13
2026-09-12 15:21:07   1201/ 5507  21558           0.9 s  Freq=Y N.periodos=13
2026-09-12 15:21:08   1202/ 5507  49101           0.8 s  Freq=Y N.periodos=13
2026-09-12 15:21:09   1203/ 5507  20272           0.7 s  Freq=Y N.periodos=11
2026-09-12 15:21:09   1204/ 5507  20278           0.5 s  Freq=Y N.periodos=11
2026-09-12 15:21:10   1205/ 5507  20483           0.5 s  Freq=Y N.periodos=2
2026-09-12 15:21:11   1206/ 5507  20498           0.8 s  Freq=Y N.periodos=13
2026-09-12 15:21:12   1207/ 5507  20516           1.0 s  Freq=Y N.periodos=13
2026-09-12 15:21:12   1208/ 5507  20539           0.6 s  Freq=Y N.periodos=13
2026-09-12 15:21:13   1209/ 5507  20675           0.5 s  Freq=Y N.periodos=2
2026-09-12 15:21:14   1210/ 5507  20683           1.0 s  Freq=Y N.periodos=13
2026-09-12 15:21:15   1211/ 5507  21545           0.8 s  Freq=Y N.periodos=13
2026-09-12 15:21:15   1212/ 5507  21559           0.6 s  Freq=Y N.periodos=13
2026-09-12 15:21:16   1213/ 5507  82018           0.6 s  Freq=Y N.periodos=13
2026-09-12 15:21:16   1214/ 5507  20252           0.6 s  Freq=Y N.periodos=11
2026-09-12 15:21:17   1215/ 5507  20484           0.7 s  Freq=Y N.periodos=11
2026-09-12 15:21:18   1216/ 5507  20499           0.5 s  Freq=Y N.periodos=13
2026-09-12 15:21:18   1217/ 5507  20517           0.7 s  Freq=Y N.periodos=13
2026-09-12 15:21:19   1218/ 5507  20540           0.6 s  Freq=Y N.periodos=13
2026-09-12 15:21:20   1219/ 5507  20676           0.7 s  Freq=Y N.periodos=11
2026-09-12 15:21:20   1220/ 5507  20684           0.5 s  Freq=Y N.periodos=13
2026-09-12 15:21:21   1221/ 5507  21546           0.6 s  Freq=Y N.periodos=13
2026-09-12 15:21:21   1222/ 5507  21560           0.6 s  Freq=Y N.periodos=13
2026-09-12 15:21:22   1223/ 5507  20485           0.5 s  Freq=Y N.periodos=13
2026-09-12 15:21:22   1224/ 5507  20500           0.5 s  Freq=Y N.periodos=13
2026-09-12 15:21:23   1225/ 5507  20518           0.5 s  Freq=Y N.periodos=13
2026-09-12 15:21:23   1226/ 5507  20541           0.6 s  Freq=Y N.periodos=13
2026-09-12 15:21:25   1227/ 5507  20677           1.0 s  Freq=Y N.periodos=13
2026-09-12 15:21:25   1228/ 5507  20685           0.6 s  Freq=Y N.periodos=13
2026-09-12 15:21:26   1229/ 5507  21547           0.6 s  Freq=Y N.periodos=13
2026-09-12 15:21:27   1230/ 5507  21561           0.8 s  Freq=Y N.periodos=13
2026-09-12 15:21:27   1231/ 5507  75708           0.5 s  Freq=Y N.periodos=13
2026-09-12 15:21:28   1232/ 5507  20501           0.7 s  Freq=Y N.periodos=13
2026-09-12 15:21:29   1233/ 5507  20519           0.8 s  Freq=Y N.periodos=13
2026-09-12 15:21:29   1234/ 5507  20542           0.8 s  Freq=Y N.periodos=13
2026-09-12 15:21:30   1235/ 5507  20686           0.6 s  Freq=Y N.periodos=13
2026-09-12 15:21:31   1236/ 5507  21548           0.6 s  Freq=Y N.periodos=13
2026-09-12 15:21:31   1237/ 5507  21562           0.6 s  Freq=Y N.periodos=13
2026-09-12 15:21:32   1238/ 5507  20502           0.5 s  Freq=Y N.periodos=13
2026-09-12 15:21:32   1239/ 5507  20520           0.5 s  Freq=Y N.periodos=13
2026-09-12 15:21:33   1240/ 5507  20543           0.6 s  Freq=Y N.periodos=13
2026-09-12 15:21:34   1241/ 5507  20687           1.4 s  Freq=Y N.periodos=13
2026-09-12 15:21:35   1242/ 5507  21549           0.8 s  Freq=Y N.periodos=13
2026-09-12 15:21:36   1243/ 5507  21563           0.8 s  Freq=Y N.periodos=13
2026-09-12 15:21:36   1244/ 5507  20503           0.5 s  Freq=Y N.periodos=13
2026-09-12 15:21:38   1245/ 5507  20530           1.4 s  Freq=Y N.periodos=13
2026-09-12 15:21:39   1246/ 5507  20688           0.8 s  Freq=Y N.periodos=13
2026-09-12 15:21:39   1247/ 5507  20504           0.6 s  Freq=Y N.periodos=13
2026-09-12 15:21:40   1248/ 5507  20531           0.9 s  Freq=Y N.periodos=13
2026-09-12 15:21:41   1249/ 5507  20689           0.6 s  Freq=Y N.periodos=13
2026-09-12 15:21:41   1250/ 5507  20505           0.7 s  Freq=Y N.periodos=13
2026-09-12 15:21:42   1251/ 5507  20532           0.5 s  Freq=Y N.periodos=13
2026-09-12 15:21:42   1252/ 5507  20690           0.5 s  Freq=Y N.periodos=13
2026-09-12 15:21:43   1253/ 5507  20506           0.8 s  Freq=Y N.periodos=13
2026-09-12 15:21:44   1254/ 5507  20533           0.7 s  Freq=Y N.periodos=13
2026-09-12 15:21:45   1255/ 5507  20691           0.9 s  Freq=Y N.periodos=13
2026-09-12 15:21:45   1256/ 5507  20507           0.7 s  Freq=Y N.periodos=13
2026-09-12 15:21:46   1257/ 5507  20692           0.8 s  Freq=Y N.periodos=13
2026-09-12 15:21:47   1258/ 5507  24282           0.9 s  Freq=Y N.periodos=14
2026-09-12 15:21:48   1259/ 5507  24312           1.4 s  Freq=Y N.periodos=14
2026-09-12 15:21:50   1260/ 5507  24322           1.5 s  Freq=Y N.periodos=14
2026-09-12 15:21:51   1261/ 5507  24331           1.4 s  Freq=Y N.periodos=14
2026-09-12 15:21:52   1262/ 5507  24369           1.0 s  Freq=Y N.periodos=14
2026-09-12 15:21:54   1263/ 5507  24379           1.5 s  Freq=Y N.periodos=14
2026-09-12 15:21:54   1264/ 5507  24387           0.7 s  Freq=S N.periodos=29
2026-09-12 15:21:56   1265/ 5507  24411           1.9 s  Freq=S N.periodos=29
2026-09-12 15:21:59   1266/ 5507  24420           2.5 s  Freq=S N.periodos=29
2026-09-12 15:22:00   1267/ 5507  24429           0.8 s  Freq=S N.periodos=29
2026-09-12 15:22:01   1268/ 5507  24439           1.3 s  Freq=S N.periodos=29
2026-09-12 15:22:03   1269/ 5507  24447           2.3 s  Freq=S N.periodos=29
2026-09-12 15:22:05   1270/ 5507  10304           1.4 s  Freq=Y N.periodos=14
2026-09-12 15:22:05   1271/ 5507  24332           0.7 s  Freq=Y N.periodos=14
2026-09-12 15:22:07   1272/ 5507  24370           1.6 s  Freq=Y N.periodos=14
2026-09-12 15:22:09   1273/ 5507  24380           1.9 s  Freq=Y N.periodos=14
2026-09-12 15:22:10   1274/ 5507  24388           1.1 s  Freq=S N.periodos=29
2026-09-12 15:22:11   1275/ 5507  24430           0.8 s  Freq=S N.periodos=29
2026-09-12 15:22:12   1276/ 5507  24440           1.5 s  Freq=S N.periodos=29
2026-09-12 15:22:16   1277/ 5507  24448           3.8 s  Freq=S N.periodos=29
2026-09-12 15:22:19   1278/ 5507  33532           2.4 s  Freq=S N.periodos=29
2026-09-12 15:22:22   1279/ 5507  33536           3.2 s  Freq=S N.periodos=29
2026-09-12 15:22:23   1280/ 5507  33545           1.2 s  Freq=Y N.periodos=14
2026-09-12 15:22:24   1281/ 5507  33548           1.3 s  Freq=Y N.periodos=14
2026-09-12 15:22:26   1282/ 5507  24287           1.3 s  Freq=Y N.periodos=14
2026-09-12 15:22:26   1283/ 5507  24313           0.8 s  Freq=Y N.periodos=14
2026-09-12 15:22:28   1284/ 5507  24323           1.3 s  Freq=Y N.periodos=14
2026-09-12 15:22:29   1285/ 5507  24333           1.5 s  Freq=Y N.periodos=14
2026-09-12 15:22:30   1286/ 5507  24371           1.3 s  Freq=Y N.periodos=14
2026-09-12 15:22:33   1287/ 5507  24381           2.9 s  Freq=Y N.periodos=14
2026-09-12 15:22:36   1288/ 5507  24389           2.4 s  Freq=S N.periodos=29
2026-09-12 15:22:37   1289/ 5507  24412           1.3 s  Freq=S N.periodos=29
2026-09-12 15:22:39   1290/ 5507  24421           1.5 s  Freq=S N.periodos=29
2026-09-12 15:22:40   1291/ 5507  24431           1.7 s  Freq=S N.periodos=29
2026-09-12 15:22:42   1292/ 5507  24441           1.6 s  Freq=S N.periodos=29
2026-09-12 15:22:45   1293/ 5507  24449           3.0 s  Freq=S N.periodos=29
2026-09-12 15:22:46   1294/ 5507  24289           1.3 s  Freq=Y N.periodos=14
2026-09-12 15:22:47   1295/ 5507  24314           0.8 s  Freq=Y N.periodos=14
2026-09-12 15:22:48   1296/ 5507  24324           1.5 s  Freq=Y N.periodos=14
2026-09-12 15:22:50   1297/ 5507  24334           1.4 s  Freq=Y N.periodos=14
2026-09-12 15:22:53   1298/ 5507  24373           2.9 s  Freq=Y N.periodos=14
2026-09-12 15:22:57   1299/ 5507  24382           4.0 s  Freq=Y N.periodos=14
2026-09-12 15:22:58   1300/ 5507  24390           1.4 s  Freq=S N.periodos=29
2026-09-12 15:22:59   1301/ 5507  24413           0.8 s  Freq=S N.periodos=29
2026-09-12 15:23:00   1302/ 5507  24422           1.4 s  Freq=S N.periodos=29
2026-09-12 15:23:02   1303/ 5507  24432           1.7 s  Freq=S N.periodos=29
2026-09-12 15:23:06   1304/ 5507  24442           3.6 s  Freq=S N.periodos=29
2026-09-12 15:23:12   1305/ 5507  24450           5.9 s  Freq=S N.periodos=29
2026-09-12 15:23:18   1306/ 5507  24290           6.1 s  Freq=Y N.periodos=14
2026-09-12 15:23:19   1307/ 5507  24316           1.1 s  Freq=Y N.periodos=14
2026-09-12 15:23:21   1308/ 5507  24325           2.3 s  Freq=Y N.periodos=14
2026-09-12 15:23:22   1309/ 5507  24335           0.7 s  Freq=Y N.periodos=14
2026-09-12 15:23:24   1310/ 5507  24374           1.9 s  Freq=Y N.periodos=14
2026-09-12 15:23:28   1311/ 5507  24383           4.0 s  Freq=Y N.periodos=14
2026-09-12 15:23:36   1312/ 5507  24391           8.2 s  Freq=S N.periodos=29
2026-09-12 15:23:37   1313/ 5507  24414           1.4 s  Freq=S N.periodos=29
2026-09-12 15:23:40   1314/ 5507  24423           2.4 s  Freq=S N.periodos=29
2026-09-12 15:23:41   1315/ 5507  24433           1.2 s  Freq=S N.periodos=29
2026-09-12 15:23:44   1316/ 5507  24443           2.8 s  Freq=S N.periodos=29
2026-09-12 15:23:50   1317/ 5507  24451           6.4 s  Freq=S N.periodos=29
2026-09-12 15:23:52   1318/ 5507  24293           1.6 s  Freq=Y N.periodos=14
2026-09-12 15:23:54   1319/ 5507  24375           2.1 s  Freq=Y N.periodos=14
2026-09-12 15:23:56   1320/ 5507  24384           2.5 s  Freq=Y N.periodos=14
2026-09-12 15:23:57   1321/ 5507  24392           1.0 s  Freq=S N.periodos=29
2026-09-12 15:23:58   1322/ 5507  24434           0.8 s  Freq=S N.periodos=29
2026-09-12 15:24:00   1323/ 5507  24444           2.2 s  Freq=S N.periodos=29
2026-09-12 15:24:05   1324/ 5507  24452           4.8 s  Freq=S N.periodos=29
2026-09-12 15:24:07   1325/ 5507  33534           1.8 s  Freq=S N.periodos=29
2026-09-12 15:24:09   1326/ 5507  33537           2.3 s  Freq=S N.periodos=29
2026-09-12 15:24:10   1327/ 5507  33546           1.0 s  Freq=Y N.periodos=14
2026-09-12 15:24:12   1328/ 5507  33549           1.5 s  Freq=Y N.periodos=14
2026-09-12 15:24:13   1329/ 5507  24294           1.3 s  Freq=Y N.periodos=14
2026-09-12 15:24:14   1330/ 5507  24317           1.0 s  Freq=Y N.periodos=14
2026-09-12 15:24:16   1331/ 5507  24326           2.1 s  Freq=Y N.periodos=14
2026-09-12 15:24:17   1332/ 5507  24377           1.2 s  Freq=Y N.periodos=14
2026-09-12 15:24:19   1333/ 5507  24385           2.0 s  Freq=Y N.periodos=14
2026-09-12 15:24:21   1334/ 5507  24393           1.4 s  Freq=S N.periodos=29
2026-09-12 15:24:22   1335/ 5507  24415           1.6 s  Freq=S N.periodos=29
2026-09-12 15:24:24   1336/ 5507  24424           1.4 s  Freq=S N.periodos=29
2026-09-12 15:24:25   1337/ 5507  24435           1.3 s  Freq=S N.periodos=29
2026-09-12 15:24:26   1338/ 5507  24445           1.0 s  Freq=S N.periodos=29
2026-09-12 15:24:28   1339/ 5507  24453           1.7 s  Freq=S N.periodos=29
2026-09-12 15:24:28   1340/ 5507  24295           0.6 s  Freq=Y N.periodos=14
2026-09-12 15:24:30   1341/ 5507  24318           1.4 s  Freq=Y N.periodos=14
2026-09-12 15:24:31   1342/ 5507  24327           1.1 s  Freq=Y N.periodos=14
2026-09-12 15:24:33   1343/ 5507  24378           2.2 s  Freq=Y N.periodos=14
2026-09-12 15:24:35   1344/ 5507  24386           1.4 s  Freq=Y N.periodos=14
2026-09-12 15:24:36   1345/ 5507  24394           1.1 s  Freq=S N.periodos=29
2026-09-12 15:24:38   1346/ 5507  24416           2.0 s  Freq=S N.periodos=29
2026-09-12 15:24:39   1347/ 5507  24425           1.4 s  Freq=S N.periodos=29
2026-09-12 15:24:40   1348/ 5507  24436           1.4 s  Freq=S N.periodos=29
2026-09-12 15:24:41   1349/ 5507  24446           1.0 s  Freq=S N.periodos=29
2026-09-12 15:24:43   1350/ 5507  24454           1.4 s  Freq=S N.periodos=29
2026-09-12 15:24:44   1351/ 5507  24296           0.7 s  Freq=Y N.periodos=14
2026-09-12 15:24:44   1352/ 5507  24339           0.7 s  Freq=Y N.periodos=14
2026-09-12 15:24:45   1353/ 5507  24395           0.7 s  Freq=S N.periodos=29
2026-09-12 15:24:47   1354/ 5507  24437           1.9 s  Freq=S N.periodos=29
2026-09-12 15:24:47   1355/ 5507  30641           0.6 s  Freq=S N.periodos=9
2026-09-12 15:24:48   1356/ 5507  30642           0.6 s  Freq=S N.periodos=9
2026-09-12 15:24:49   1357/ 5507  30645           1.1 s  Freq=Y N.periodos=4
2026-09-12 15:24:50   1358/ 5507  30646           0.9 s  Freq=Y N.periodos=4
2026-09-12 15:24:51   1359/ 5507  24297           0.6 s  Freq=Y N.periodos=14
2026-09-12 15:24:51   1360/ 5507  24340           0.8 s  Freq=Y N.periodos=14
2026-09-12 15:24:52   1361/ 5507  24396           0.7 s  Freq=S N.periodos=29
2026-09-12 15:24:54   1362/ 5507  24417           1.5 s  Freq=S N.periodos=29
2026-09-12 15:24:57   1363/ 5507  24426           3.2 s  Freq=S N.periodos=29
2026-09-12 15:24:58   1364/ 5507  24438           1.4 s  Freq=S N.periodos=29
2026-09-12 15:24:59   1365/ 5507  49993           0.8 s  Freq=Y N.periodos=3
2026-09-12 15:25:00   1366/ 5507  49996           0.9 s  Freq=Y N.periodos=3
2026-09-12 15:25:01   1367/ 5507  24298           1.5 s  Freq=Y N.periodos=14
2026-09-12 15:25:03   1368/ 5507  24341           1.8 s  Freq=Y N.periodos=14
2026-09-12 15:25:05   1369/ 5507  24397           1.6 s  Freq=S N.periodos=29
2026-09-12 15:25:07   1370/ 5507  33535           2.0 s  Freq=S N.periodos=29
2026-09-12 15:25:09   1371/ 5507  33538           2.6 s  Freq=S N.periodos=29
2026-09-12 15:25:10   1372/ 5507  49994           1.1 s  Freq=Y N.periodos=3
2026-09-12 15:25:11   1373/ 5507  49997           0.8 s  Freq=Y N.periodos=3
2026-09-12 15:25:13   1374/ 5507  24299           1.4 s  Freq=Y N.periodos=14
2026-09-12 15:25:14   1375/ 5507  24342           1.6 s  Freq=Y N.periodos=14
2026-09-12 15:25:16   1376/ 5507  24398           1.8 s  Freq=S N.periodos=29
2026-09-12 15:25:17   1377/ 5507  24418           1.1 s  Freq=S N.periodos=29
2026-09-12 15:25:19   1378/ 5507  24427           2.0 s  Freq=S N.periodos=29
2026-09-12 15:25:20   1379/ 5507  49995           0.9 s  Freq=Y N.periodos=3
2026-09-12 15:25:21   1380/ 5507  49998           1.0 s  Freq=Y N.periodos=3
2026-09-12 15:25:25   1381/ 5507  24300           4.3 s  Freq=Y N.periodos=14
2026-09-12 15:25:26   1382/ 5507  24319           1.2 s  Freq=Y N.periodos=14
2026-09-12 15:25:28   1383/ 5507  24328           1.4 s  Freq=Y N.periodos=14
2026-09-12 15:25:29   1384/ 5507  24343           1.1 s  Freq=Y N.periodos=14
2026-09-12 15:25:37   1385/ 5507  24399           8.2 s  Freq=S N.periodos=29
2026-09-12 15:25:39   1386/ 5507  24419           1.7 s  Freq=S N.periodos=29
2026-09-12 15:25:41   1387/ 5507  24428           1.7 s  Freq=S N.periodos=29
2026-09-12 15:25:42   1388/ 5507  24301           1.3 s  Freq=Y N.periodos=14
2026-09-12 15:25:43   1389/ 5507  24400           1.2 s  Freq=S N.periodos=29
2026-09-12 15:25:44   1390/ 5507  33547           1.4 s  Freq=Y N.periodos=14
2026-09-12 15:25:46   1391/ 5507  33550           1.7 s  Freq=Y N.periodos=14
2026-09-12 15:25:47   1392/ 5507  24302           0.9 s  Freq=Y N.periodos=14
2026-09-12 15:25:48   1393/ 5507  24320           0.7 s  Freq=Y N.periodos=14
2026-09-12 15:25:49   1394/ 5507  24329           1.6 s  Freq=Y N.periodos=14
2026-09-12 15:25:51   1395/ 5507  24401           1.5 s  Freq=S N.periodos=29
2026-09-12 15:25:51   1396/ 5507  24303           0.7 s  Freq=Y N.periodos=14
2026-09-12 15:25:52   1397/ 5507  24321           0.7 s  Freq=Y N.periodos=14
2026-09-12 15:25:54   1398/ 5507  24330           1.9 s  Freq=Y N.periodos=14
2026-09-12 15:25:55   1399/ 5507  24402           1.0 s  Freq=S N.periodos=29
2026-09-12 15:25:56   1400/ 5507  30639           0.9 s  Freq=S N.periodos=9
2026-09-12 15:25:57   1401/ 5507  30643           0.6 s  Freq=Y N.periodos=4
2026-09-12 15:25:58   1402/ 5507  30640           1.0 s  Freq=S N.periodos=9
2026-09-12 15:25:58   1403/ 5507  30644           0.8 s  Freq=Y N.periodos=4
2026-09-12 15:25:59   1404/ 5507  24403           0.9 s  Freq=S N.periodos=29
2026-09-12 15:26:00   1405/ 5507  49977           0.6 s  Freq=Y N.periodos=3
2026-09-12 15:26:01   1406/ 5507  24404           1.1 s  Freq=S N.periodos=29
2026-09-12 15:26:02   1407/ 5507  49978           0.7 s  Freq=Y N.periodos=3
2026-09-12 15:26:04   1408/ 5507  24405           1.8 s  Freq=S N.periodos=29
2026-09-12 15:26:04   1409/ 5507  49980           1.0 s  Freq=Y N.periodos=3
2026-09-12 15:26:06   1410/ 5507  24406           1.8 s  Freq=S N.periodos=29
2026-09-12 15:26:07   1411/ 5507  49981           1.1 s  Freq=Y N.periodos=3
2026-09-12 15:26:09   1412/ 5507  24408           1.2 s  Freq=S N.periodos=29
2026-09-12 15:26:10   1413/ 5507  49982           1.5 s  Freq=Y N.periodos=3
2026-09-12 15:26:11   1414/ 5507  24409           1.3 s  Freq=S N.periodos=29
2026-09-12 15:26:12   1415/ 5507  49983           0.9 s  Freq=Y N.periodos=3
2026-09-12 15:26:13   1416/ 5507  49985           0.6 s  Freq=Y N.periodos=3
2026-09-12 15:26:13   1417/ 5507  49986           0.6 s  Freq=Y N.periodos=3
2026-09-12 15:26:14   1418/ 5507  49987           0.8 s  Freq=Y N.periodos=3
2026-09-12 15:26:15   1419/ 5507  49988           0.9 s  Freq=Y N.periodos=3
2026-09-12 15:26:16   1420/ 5507  49989           1.0 s  Freq=Y N.periodos=3
2026-09-12 15:26:17   1421/ 5507  49991           1.2 s  Freq=Y N.periodos=3
2026-09-12 15:26:18   1422/ 5507  49992           0.9 s  Freq=Y N.periodos=3
2026-09-12 15:26:19   1423/ 5507  24304           0.7 s  Freq=Y N.periodos=14
2026-09-12 15:26:20   1424/ 5507  24305           0.7 s  Freq=Y N.periodos=14
2026-09-12 15:26:21   1425/ 5507  24306           1.2 s  Freq=Y N.periodos=14
2026-09-12 15:26:22   1426/ 5507  24307           1.1 s  Freq=Y N.periodos=14
2026-09-12 15:26:23   1427/ 5507  24309           0.6 s  Freq=Y N.periodos=14
2026-09-12 15:26:23   1428/ 5507  24310           0.9 s  Freq=Y N.periodos=14
2026-09-12 15:26:34   1429/ 5507  79268          10.6 s  no se pudo leer el .px
2026-09-12 15:26:35   1430/ 5507  79279           0.8 s  Freq=? N.periodos=0
2026-09-12 15:26:46   1431/ 5507  80178          11.3 s  no se pudo leer el .px
2026-09-12 15:26:58   1432/ 5507  79338          11.8 s  no se pudo leer el .px
2026-09-12 15:27:00   1433/ 5507  80179           1.7 s  Freq=? N.periodos=0
2026-09-12 15:27:10   1434/ 5507  80327          10.3 s  no se pudo leer el .px
2026-09-12 15:27:21   1435/ 5507  80328          10.8 s  no se pudo leer el .px
2026-09-12 15:27:22   1436/ 5507  80329           0.7 s  Freq=? N.periodos=0
2026-09-12 15:27:22   1437/ 5507  10759           0.8 s  Freq=? N.periodos=0
2026-09-12 15:27:23   1438/ 5507  77209           0.7 s  Freq=M N.periodos=168
2026-09-12 15:27:24   1439/ 5507  8381            1.0 s  Freq=M N.periodos=168
2026-09-12 15:27:25   1440/ 5507  8382            0.7 s  Freq=M N.periodos=168
2026-09-12 15:27:25   1441/ 5507  49298           0.8 s  Freq=M N.periodos=372
2026-09-12 15:27:26   1442/ 5507  8377            0.7 s  Freq=M N.periodos=372
2026-09-12 15:27:27   1443/ 5507  8378            0.7 s  Freq=M N.periodos=372
2026-09-12 15:27:28   1444/ 5507  48678           0.9 s  Freq=M N.periodos=96
2026-09-12 15:27:29   1445/ 5507  36826           0.8 s  Freq=? N.periodos=0
2026-09-12 15:27:29   1446/ 5507  36837           0.9 s  Freq=? N.periodos=0
2026-09-12 15:27:30   1447/ 5507  36839           0.6 s  Freq=? N.periodos=0
2026-09-12 15:27:31   1448/ 5507  36841           1.1 s  Freq=? N.periodos=0
2026-09-12 15:27:32   1449/ 5507  36843           0.9 s  Freq=? N.periodos=0
2026-09-12 15:27:33   1450/ 5507  36845           1.0 s  Freq=? N.periodos=0
2026-09-12 15:27:34   1451/ 5507  36855           0.6 s  Freq=? N.periodos=0
2026-09-12 15:27:35   1452/ 5507  36885           1.1 s  Freq=? N.periodos=0
2026-09-12 15:27:35   1453/ 5507  36890           0.8 s  Freq=? N.periodos=0
2026-09-12 15:27:36   1454/ 5507  36897           0.7 s  Freq=? N.periodos=0
2026-09-12 15:27:37   1455/ 5507  70668           0.6 s  Freq=? N.periodos=0
2026-09-12 15:27:38   1456/ 5507  70679           1.2 s  Freq=? N.periodos=0
2026-09-12 15:27:39   1457/ 5507  70681           0.8 s  Freq=? N.periodos=0
2026-09-12 15:27:39   1458/ 5507  70683           0.8 s  Freq=? N.periodos=0
2026-09-12 15:27:41   1459/ 5507  70685           1.5 s  Freq=? N.periodos=0
2026-09-12 15:27:42   1460/ 5507  70687           0.6 s  Freq=? N.periodos=0
2026-09-12 15:27:42   1461/ 5507  70697           0.8 s  Freq=? N.periodos=0
2026-09-12 15:27:43   1462/ 5507  70726           0.6 s  Freq=? N.periodos=0
2026-09-12 15:27:44   1463/ 5507  70731           0.9 s  Freq=? N.periodos=0
2026-09-12 15:27:44   1464/ 5507  70738           0.5 s  Freq=? N.periodos=0
2026-09-12 15:27:45   1465/ 5507  36827           0.7 s  Freq=? N.periodos=0
2026-09-12 15:27:46   1466/ 5507  36838           0.9 s  Freq=? N.periodos=0
2026-09-12 15:27:46   1467/ 5507  36840           0.5 s  Freq=? N.periodos=0
2026-09-12 15:27:47   1468/ 5507  36842           0.8 s  Freq=? N.periodos=0
2026-09-12 15:27:48   1469/ 5507  36844           0.5 s  Freq=? N.periodos=0
2026-09-12 15:27:50   1470/ 5507  36846           2.0 s  Freq=? N.periodos=0
2026-09-12 15:27:50   1471/ 5507  36856           0.5 s  Freq=? N.periodos=0
2026-09-12 15:27:51   1472/ 5507  36886           0.6 s  Freq=? N.periodos=0
2026-09-12 15:27:51   1473/ 5507  36891           0.6 s  Freq=? N.periodos=0
2026-09-12 15:27:52   1474/ 5507  36898           0.5 s  Freq=? N.periodos=0
2026-09-12 15:27:52   1475/ 5507  70669           0.5 s  Freq=? N.periodos=0
2026-09-12 15:27:53   1476/ 5507  70680           0.9 s  Freq=? N.periodos=0
2026-09-12 15:27:54   1477/ 5507  70682           0.8 s  Freq=? N.periodos=0
2026-09-12 15:27:55   1478/ 5507  70684           0.6 s  Freq=? N.periodos=0
2026-09-12 15:27:55   1479/ 5507  70686           0.6 s  Freq=? N.periodos=0
2026-09-12 15:27:56   1480/ 5507  70688           0.6 s  Freq=? N.periodos=0
2026-09-12 15:27:57   1481/ 5507  70698           0.6 s  Freq=? N.periodos=0
2026-09-12 15:27:57   1482/ 5507  70727           0.8 s  Freq=? N.periodos=0
2026-09-12 15:27:58   1483/ 5507  70732           0.5 s  Freq=? N.periodos=0
2026-09-12 15:27:59   1484/ 5507  70739           0.9 s  Freq=? N.periodos=0
2026-09-12 15:28:07   1485/ 5507  36828           8.0 s  no se pudo leer el .px
2026-09-12 15:28:08   1486/ 5507  36847           0.7 s  Freq=? N.periodos=0
2026-09-12 15:28:08   1487/ 5507  36857           0.9 s  Freq=? N.periodos=0
2026-09-12 15:28:09   1488/ 5507  36887           0.5 s  Freq=? N.periodos=0
2026-09-12 15:28:10   1489/ 5507  36892           0.8 s  Freq=? N.periodos=0
2026-09-12 15:28:10   1490/ 5507  36899           0.7 s  Freq=? N.periodos=0
2026-09-12 15:28:18   1491/ 5507  70670           7.3 s  no se pudo leer el .px
2026-09-12 15:28:18   1492/ 5507  70689           0.6 s  Freq=? N.periodos=0
2026-09-12 15:28:19   1493/ 5507  70699           0.6 s  Freq=? N.periodos=0
2026-09-12 15:28:20   1494/ 5507  70728           0.7 s  Freq=? N.periodos=0
2026-09-12 15:28:21   1495/ 5507  70733           0.8 s  Freq=? N.periodos=0
2026-09-12 15:28:21   1496/ 5507  70740           0.6 s  Freq=? N.periodos=0
2026-09-12 15:28:22   1497/ 5507  36829           1.1 s  Freq=? N.periodos=0
2026-09-12 15:28:23   1498/ 5507  36848           0.7 s  Freq=? N.periodos=0
2026-09-12 15:28:23   1499/ 5507  36858           0.5 s  Freq=? N.periodos=0
2026-09-12 15:28:24   1500/ 5507  36888           0.5 s  Freq=? N.periodos=0
2026-09-12 15:28:25   1501/ 5507  36893           0.8 s  Freq=? N.periodos=0
2026-09-12 15:28:26   1502/ 5507  36900           0.8 s  Freq=? N.periodos=0
2026-09-12 15:28:26   1503/ 5507  70671           0.7 s  Freq=? N.periodos=0
2026-09-12 15:28:27   1504/ 5507  70690           0.5 s  Freq=? N.periodos=0
2026-09-12 15:28:28   1505/ 5507  70700           0.7 s  Freq=? N.periodos=0
2026-09-12 15:28:29   1506/ 5507  70729           1.8 s  Freq=? N.periodos=0
2026-09-12 15:28:30   1507/ 5507  70734           0.5 s  Freq=? N.periodos=0
2026-09-12 15:28:31   1508/ 5507  70741           0.9 s  Freq=? N.periodos=0
2026-09-12 15:28:32   1509/ 5507  36830           0.8 s  Freq=? N.periodos=0
2026-09-12 15:28:32   1510/ 5507  36849           0.8 s  Freq=? N.periodos=0
2026-09-12 15:28:33   1511/ 5507  36860           0.5 s  Freq=? N.periodos=0
2026-09-12 15:28:34   1512/ 5507  36889           1.1 s  Freq=? N.periodos=0
2026-09-12 15:28:35   1513/ 5507  36894           0.7 s  Freq=? N.periodos=0
2026-09-12 15:28:35   1514/ 5507  36911           0.7 s  Freq=? N.periodos=0
2026-09-12 15:28:36   1515/ 5507  70672           0.9 s  Freq=? N.periodos=0
2026-09-12 15:28:37   1516/ 5507  70691           1.1 s  Freq=? N.periodos=0
2026-09-12 15:28:38   1517/ 5507  70701           0.5 s  Freq=? N.periodos=0
2026-09-12 15:28:39   1518/ 5507  70730           0.7 s  Freq=? N.periodos=0
2026-09-12 15:28:39   1519/ 5507  70735           0.6 s  Freq=? N.periodos=0
2026-09-12 15:28:40   1520/ 5507  70742           1.0 s  Freq=? N.periodos=0
2026-09-12 15:28:41   1521/ 5507  36831           0.6 s  Freq=? N.periodos=0
2026-09-12 15:28:41   1522/ 5507  36850           0.6 s  Freq=? N.periodos=0
2026-09-12 15:28:43   1523/ 5507  36861           1.2 s  Freq=? N.periodos=0
2026-09-12 15:28:43   1524/ 5507  36895           0.7 s  Freq=? N.periodos=0
2026-09-12 15:28:44   1525/ 5507  36962           0.6 s  Freq=? N.periodos=0
2026-09-12 15:28:45   1526/ 5507  70673           0.6 s  Freq=? N.periodos=0
2026-09-12 15:28:45   1527/ 5507  70692           0.7 s  Freq=? N.periodos=0
2026-09-12 15:28:46   1528/ 5507  70702           1.0 s  Freq=? N.periodos=0
2026-09-12 15:28:47   1529/ 5507  70736           0.8 s  Freq=? N.periodos=0
2026-09-12 15:28:48   1530/ 5507  70743           0.7 s  Freq=? N.periodos=0
2026-09-12 15:28:49   1531/ 5507  36832           1.0 s  Freq=? N.periodos=0
2026-09-12 15:28:49   1532/ 5507  36851           0.8 s  Freq=? N.periodos=0
2026-09-12 15:28:50   1533/ 5507  36862           0.8 s  Freq=? N.periodos=0
2026-09-12 15:28:51   1534/ 5507  36896           0.8 s  Freq=? N.periodos=0
2026-09-12 15:28:52   1535/ 5507  70674           0.8 s  Freq=? N.periodos=0
2026-09-12 15:28:52   1536/ 5507  70693           0.6 s  Freq=? N.periodos=0
2026-09-12 15:28:53   1537/ 5507  70703           1.1 s  Freq=? N.periodos=0
2026-09-12 15:28:54   1538/ 5507  70737           0.6 s  Freq=? N.periodos=0
2026-09-12 15:28:55   1539/ 5507  36833           0.5 s  Freq=? N.periodos=0
2026-09-12 15:28:55   1540/ 5507  36852           0.7 s  Freq=? N.periodos=0
2026-09-12 15:28:56   1541/ 5507  36863           0.5 s  Freq=? N.periodos=0
2026-09-12 15:28:57   1542/ 5507  70675           0.8 s  Freq=? N.periodos=0
2026-09-12 15:28:57   1543/ 5507  70694           0.6 s  Freq=? N.periodos=0
2026-09-12 15:28:58   1544/ 5507  70704           0.5 s  Freq=? N.periodos=0
2026-09-12 15:28:59   1545/ 5507  36834           1.2 s  Freq=? N.periodos=0
2026-09-12 15:29:01   1546/ 5507  36853           1.7 s  Freq=? N.periodos=0
2026-09-12 15:29:01   1547/ 5507  36864           0.7 s  Freq=? N.periodos=0
2026-09-12 15:29:02   1548/ 5507  70676           0.7 s  Freq=? N.periodos=0
2026-09-12 15:29:03   1549/ 5507  70695           0.5 s  Freq=? N.periodos=0
2026-09-12 15:29:03   1550/ 5507  70705           0.6 s  Freq=? N.periodos=0
2026-09-12 15:29:04   1551/ 5507  36835           0.7 s  Freq=? N.periodos=0
2026-09-12 15:29:05   1552/ 5507  36854           0.7 s  Freq=? N.periodos=0
2026-09-12 15:29:06   1553/ 5507  36865           1.0 s  Freq=? N.periodos=0
2026-09-12 15:29:06   1554/ 5507  70677           0.6 s  Freq=? N.periodos=0
2026-09-12 15:29:07   1555/ 5507  70696           0.8 s  Freq=? N.periodos=0
2026-09-12 15:29:08   1556/ 5507  70706           1.4 s  Freq=? N.periodos=0
2026-09-12 15:29:09   1557/ 5507  36836           0.5 s  Freq=? N.periodos=0
2026-09-12 15:29:10   1558/ 5507  36866           0.8 s  Freq=? N.periodos=0
2026-09-12 15:29:11   1559/ 5507  70678           1.1 s  Freq=? N.periodos=0
2026-09-12 15:29:11   1560/ 5507  70707           0.6 s  Freq=? N.periodos=0
2026-09-12 15:29:12   1561/ 5507  36867           0.7 s  Freq=? N.periodos=0
2026-09-12 15:29:13   1562/ 5507  70708           1.0 s  Freq=? N.periodos=0
2026-09-12 15:29:14   1563/ 5507  36868           0.7 s  Freq=? N.periodos=0
2026-09-12 15:29:15   1564/ 5507  70709           0.9 s  Freq=? N.periodos=0
2026-09-12 15:29:15   1565/ 5507  36869           0.6 s  Freq=? N.periodos=0
2026-09-12 15:29:16   1566/ 5507  70710           1.1 s  Freq=? N.periodos=0
2026-09-12 15:29:17   1567/ 5507  36870           0.6 s  Freq=? N.periodos=0
2026-09-12 15:29:18   1568/ 5507  70711           0.6 s  Freq=? N.periodos=0
2026-09-12 15:29:18   1569/ 5507  36871           0.7 s  Freq=? N.periodos=0
2026-09-12 15:29:19   1570/ 5507  70712           0.5 s  Freq=? N.periodos=0
2026-09-12 15:29:19   1571/ 5507  36872           0.6 s  Freq=? N.periodos=0
2026-09-12 15:29:20   1572/ 5507  70713           0.5 s  Freq=? N.periodos=0
2026-09-12 15:29:21   1573/ 5507  36873           0.8 s  Freq=? N.periodos=0
2026-09-12 15:29:21   1574/ 5507  70714           0.5 s  Freq=? N.periodos=0
2026-09-12 15:29:22   1575/ 5507  36874           1.1 s  Freq=? N.periodos=0
2026-09-12 15:29:23   1576/ 5507  70715           0.9 s  Freq=? N.periodos=0
2026-09-12 15:29:24   1577/ 5507  36875           0.7 s  Freq=? N.periodos=0
2026-09-12 15:29:25   1578/ 5507  70716           1.0 s  Freq=? N.periodos=0
2026-09-12 15:29:26   1579/ 5507  36876           0.6 s  Freq=? N.periodos=0
2026-09-12 15:29:27   1580/ 5507  70717           1.2 s  Freq=? N.periodos=0
2026-09-12 15:29:28   1581/ 5507  36877           1.2 s  Freq=? N.periodos=0
2026-09-12 15:29:28   1582/ 5507  70718           0.6 s  Freq=? N.periodos=0
2026-09-12 15:29:29   1583/ 5507  36878           1.0 s  Freq=? N.periodos=0
2026-09-12 15:29:30   1584/ 5507  70719           0.8 s  Freq=? N.periodos=0
2026-09-12 15:29:31   1585/ 5507  36879           0.7 s  Freq=? N.periodos=0
2026-09-12 15:29:32   1586/ 5507  70720           1.3 s  Freq=? N.periodos=0
2026-09-12 15:29:33   1587/ 5507  36880           0.8 s  Freq=? N.periodos=0
2026-09-12 15:29:34   1588/ 5507  70721           1.0 s  Freq=? N.periodos=0
2026-09-12 15:29:35   1589/ 5507  36881           0.9 s  Freq=? N.periodos=0
2026-09-12 15:29:36   1590/ 5507  70722           0.8 s  Freq=? N.periodos=0
2026-09-12 15:29:36   1591/ 5507  36882           0.6 s  Freq=? N.periodos=0
2026-09-12 15:29:37   1592/ 5507  70723           0.7 s  Freq=? N.periodos=0
2026-09-12 15:29:38   1593/ 5507  36883           0.5 s  Freq=? N.periodos=0
2026-09-12 15:29:38   1594/ 5507  70724           0.5 s  Freq=? N.periodos=0
2026-09-12 15:29:39   1595/ 5507  36884           0.6 s  Freq=? N.periodos=0
2026-09-12 15:29:39   1596/ 5507  70725           0.5 s  Freq=? N.periodos=0
2026-09-12 15:29:41   1597/ 5507  6292            2.1 s  Freq=M N.periodos=192
2026-09-12 15:29:43   1598/ 5507  6295            1.8 s  Freq=M N.periodos=216
2026-09-12 15:29:44   1599/ 5507  6454            1.1 s  Freq=Y N.periodos=26
2026-09-12 15:29:46   1600/ 5507  13912           1.7 s  Freq=M N.periodos=379
2026-09-12 15:29:48   1601/ 5507  13916           2.2 s  Freq=M N.periodos=379
2026-09-12 15:29:49   1602/ 5507  24462           0.8 s  Freq=M N.periodos=175
2026-09-12 15:29:50   1603/ 5507  24465           0.8 s  Freq=Y N.periodos=3
2026-09-12 15:29:50   1604/ 5507  49259           0.8 s  Freq=Y N.periodos=26
2026-09-12 15:29:52   1605/ 5507  6293            1.7 s  Freq=M N.periodos=192
2026-09-12 15:29:53   1606/ 5507  6312            1.2 s  Freq=M N.periodos=204
2026-09-12 15:29:54   1607/ 5507  6451            1.0 s  Freq=Y N.periodos=26
2026-09-12 15:29:55   1608/ 5507  6471            0.8 s  Freq=Y N.periodos=26
2026-09-12 15:29:57   1609/ 5507  13913           1.5 s  Freq=M N.periodos=379
2026-09-12 15:29:58   1610/ 5507  13917           1.7 s  Freq=M N.periodos=379
2026-09-12 15:29:59   1611/ 5507  24463           0.7 s  Freq=M N.periodos=175
2026-09-12 15:30:00   1612/ 5507  24466           0.8 s  Freq=Y N.periodos=3
2026-09-12 15:30:01   1613/ 5507  49260           1.0 s  Freq=Y N.periodos=26
2026-09-12 15:30:02   1614/ 5507  6294            1.3 s  Freq=M N.periodos=192
2026-09-12 15:30:04   1615/ 5507  6297            1.7 s  Freq=M N.periodos=216
2026-09-12 15:30:05   1616/ 5507  6452            1.2 s  Freq=Y N.periodos=26
2026-09-12 15:30:06   1617/ 5507  6456            1.2 s  Freq=Y N.periodos=26
2026-09-12 15:30:08   1618/ 5507  13914           1.5 s  Freq=M N.periodos=379
2026-09-12 15:30:09   1619/ 5507  13922           1.4 s  Freq=M N.periodos=379
2026-09-12 15:30:10   1620/ 5507  24464           0.9 s  Freq=M N.periodos=175
2026-09-12 15:30:11   1621/ 5507  24467           0.8 s  Freq=Y N.periodos=3
2026-09-12 15:30:12   1622/ 5507  6453            0.7 s  Freq=Y N.periodos=26
2026-09-12 15:30:12   1623/ 5507  13915           0.9 s  Freq=M N.periodos=379
2026-09-12 15:30:14   1624/ 5507  13923           1.4 s  Freq=M N.periodos=379
2026-09-12 15:30:15   1625/ 5507  6299            1.3 s  Freq=M N.periodos=204
2026-09-12 15:30:16   1626/ 5507  6458            0.9 s  Freq=Y N.periodos=26
2026-09-12 15:30:17   1627/ 5507  6474            0.8 s  Freq=Y N.periodos=26
2026-09-12 15:30:18   1628/ 5507  76416           0.9 s  Freq=Y N.periodos=3
2026-09-12 15:30:19   1629/ 5507  6315            0.9 s  Freq=M N.periodos=204
2026-09-12 15:30:20   1630/ 5507  76417           0.9 s  Freq=Y N.periodos=26
2026-09-12 15:30:21   1631/ 5507  6302            1.1 s  Freq=M N.periodos=216
2026-09-12 15:30:22   1632/ 5507  6461            1.0 s  Freq=Y N.periodos=26
2026-09-12 15:30:23   1633/ 5507  76418           1.2 s  Freq=Y N.periodos=26
2026-09-12 15:30:24   1634/ 5507  6305            1.4 s  Freq=M N.periodos=216
2026-09-12 15:30:25   1635/ 5507  6464            0.9 s  Freq=Y N.periodos=26
2026-09-12 15:30:26   1636/ 5507  6306            1.0 s  Freq=M N.periodos=216
2026-09-12 15:30:27   1637/ 5507  6465            0.8 s  Freq=Y N.periodos=26
2026-09-12 15:30:28   1638/ 5507  6307            1.4 s  Freq=M N.periodos=192
2026-09-12 15:30:29   1639/ 5507  6466            0.7 s  Freq=Y N.periodos=26
2026-09-12 15:30:31   1640/ 5507  6308            2.1 s  Freq=M N.periodos=191
2026-09-12 15:30:32   1641/ 5507  6467            1.0 s  Freq=Y N.periodos=26
2026-09-12 15:30:34   1642/ 5507  6309            1.9 s  Freq=M N.periodos=192
2026-09-12 15:30:35   1643/ 5507  6468            1.0 s  Freq=Y N.periodos=26
2026-09-12 15:30:37   1644/ 5507  6310            1.4 s  Freq=M N.periodos=192
2026-09-12 15:30:37   1645/ 5507  6469            0.8 s  Freq=Y N.periodos=26
2026-09-12 15:30:39   1646/ 5507  25041           1.2 s  Freq=Y N.periodos=1
2026-09-12 15:30:39   1647/ 5507  25043           0.5 s  Freq=Y N.periodos=1
2026-09-12 15:30:40   1648/ 5507  25044           0.5 s  Freq=Y N.periodos=1
2026-09-12 15:30:41   1649/ 5507  25045           0.8 s  Freq=Y N.periodos=1
2026-09-12 15:30:41   1650/ 5507  25047           0.8 s  Freq=Y N.periodos=1
2026-09-12 15:30:42   1651/ 5507  25048           0.8 s  Freq=Y N.periodos=1
2026-09-12 15:30:43   1652/ 5507  36179           1.3 s  Freq=Y N.periodos=7
2026-09-12 15:30:44   1653/ 5507  36182           0.7 s  Freq=Y N.periodos=7
2026-09-12 15:30:45   1654/ 5507  36184           0.9 s  Freq=Y N.periodos=7
2026-09-12 15:30:46   1655/ 5507  36185           1.2 s  Freq=Y N.periodos=7
2026-09-12 15:30:47   1656/ 5507  36186           1.0 s  Freq=Y N.periodos=7
2026-09-12 15:30:48   1657/ 5507  36188           0.8 s  Freq=Y N.periodos=7
2026-09-12 15:30:49   1658/ 5507  36189           0.8 s  Freq=Y N.periodos=7
2026-09-12 15:30:50   1659/ 5507  76812           1.1 s  Freq=Y N.periodos=7
2026-09-12 15:30:51   1660/ 5507  25038           0.6 s  Freq=Y N.periodos=1
2026-09-12 15:30:52   1661/ 5507  25042           1.1 s  Freq=Y N.periodos=1
2026-09-12 15:30:53   1662/ 5507  25046           1.1 s  Freq=Y N.periodos=1
2026-09-12 15:30:54   1663/ 5507  25049           1.2 s  Freq=Y N.periodos=1
2026-09-12 15:30:56   1664/ 5507  36180           1.4 s  Freq=Y N.periodos=7
2026-09-12 15:30:57   1665/ 5507  36183           1.3 s  Freq=Y N.periodos=7
2026-09-12 15:30:58   1666/ 5507  36187           0.8 s  Freq=Y N.periodos=7
2026-09-12 15:30:58   1667/ 5507  36190           0.7 s  Freq=Y N.periodos=7
2026-09-12 15:30:59   1668/ 5507  76811           0.7 s  Freq=Y N.periodos=7
2026-09-12 15:31:00   1669/ 5507  25039           1.2 s  Freq=Y N.periodos=1
2026-09-12 15:31:02   1670/ 5507  76813           1.5 s  Freq=Y N.periodos=7
2026-09-12 15:31:02   1671/ 5507  76814           0.9 s  Freq=Y N.periodos=7
2026-09-12 15:31:04   1672/ 5507  76815           1.0 s  Freq=Y N.periodos=7
2026-09-12 15:31:04   1673/ 5507  76816           0.9 s  Freq=Y N.periodos=7
2026-09-12 15:31:05   1674/ 5507  12157           0.8 s  Freq=M N.periodos=294
2026-09-12 15:31:06   1675/ 5507  12156           0.8 s  Freq=M N.periodos=294
2026-09-12 15:31:07   1676/ 5507  13874           0.7 s  Freq=M N.periodos=149
2026-09-12 15:31:07   1677/ 5507  37622           0.6 s  Freq=Y N.periodos=17
2026-09-12 15:31:08   1678/ 5507  37630           1.0 s  Freq=Y N.periodos=17
2026-09-12 15:31:09   1679/ 5507  37631           0.5 s  Freq=Y N.periodos=17
2026-09-12 15:31:10   1680/ 5507  76191           0.7 s  Freq=Y N.periodos=17
2026-09-12 15:31:10   1681/ 5507  37623           0.8 s  Freq=Y N.periodos=17
2026-09-12 15:31:11   1682/ 5507  37632           0.5 s  Freq=Y N.periodos=17
2026-09-12 15:31:12   1683/ 5507  76192           1.0 s  Freq=Y N.periodos=17
2026-09-12 15:31:13   1684/ 5507  37624           1.0 s  Freq=Y N.periodos=17
2026-09-12 15:31:14   1685/ 5507  37633           0.8 s  Freq=Y N.periodos=17
2026-09-12 15:31:15   1686/ 5507  76193           1.1 s  Freq=Y N.periodos=17
2026-09-12 15:31:16   1687/ 5507  37625           1.0 s  Freq=Y N.periodos=17
2026-09-12 15:31:17   1688/ 5507  76194           1.0 s  Freq=Y N.periodos=17
2026-09-12 15:31:18   1689/ 5507  37626           0.8 s  Freq=Y N.periodos=17
2026-09-12 15:31:18   1690/ 5507  76195           0.9 s  Freq=Y N.periodos=17
2026-09-12 15:31:19   1691/ 5507  37634           1.0 s  Freq=Y N.periodos=17
2026-09-12 15:31:20   1692/ 5507  37627           1.0 s  Freq=Y N.periodos=17
2026-09-12 15:31:21   1693/ 5507  37628           0.7 s  Freq=Y N.periodos=17
2026-09-12 15:31:22   1694/ 5507  37629           0.9 s  Freq=Y N.periodos=17
2026-09-12 15:31:23   1695/ 5507  9124            0.6 s  Freq=Y N.periodos=18
2026-09-12 15:31:24   1696/ 5507  9131            1.4 s  Freq=Y N.periodos=18
2026-09-12 15:31:25   1697/ 5507  9140            0.9 s  Freq=Y N.periodos=16
2026-09-12 15:31:26   1698/ 5507  9144            1.2 s  Freq=Y N.periodos=16
2026-09-12 15:31:27   1699/ 5507  10851           0.8 s  Freq=Y N.periodos=18
2026-09-12 15:31:28   1700/ 5507  10854           0.9 s  Freq=Y N.periodos=16
2026-09-12 15:31:29   1701/ 5507  10856           0.8 s  Freq=Y N.periodos=16
2026-09-12 15:31:30   1702/ 5507  10914           0.9 s  Freq=Y N.periodos=18
2026-09-12 15:31:30   1703/ 5507  49234           0.8 s  Freq=Y N.periodos=18
2026-09-12 15:31:31   1704/ 5507  9125            1.0 s  Freq=Y N.periodos=18
2026-09-12 15:31:32   1705/ 5507  9137            0.8 s  Freq=Y N.periodos=18
2026-09-12 15:31:33   1706/ 5507  9138            0.7 s  Freq=Y N.periodos=18
2026-09-12 15:31:34   1707/ 5507  10837           1.3 s  Freq=Y N.periodos=16
2026-09-12 15:31:35   1708/ 5507  10850           0.6 s  Freq=Y N.periodos=16
2026-09-12 15:31:36   1709/ 5507  10852           0.8 s  Freq=Y N.periodos=18
2026-09-12 15:31:37   1710/ 5507  10855           1.2 s  Freq=Y N.periodos=16
2026-09-12 15:31:37   1711/ 5507  10857           0.6 s  Freq=Y N.periodos=16
2026-09-12 15:31:38   1712/ 5507  10915           0.9 s  Freq=Y N.periodos=18
2026-09-12 15:31:39   1713/ 5507  49235           0.6 s  Freq=Y N.periodos=18
2026-09-12 15:31:41   1714/ 5507  9126            1.7 s  Freq=Y N.periodos=18
2026-09-12 15:31:43   1715/ 5507  9139            1.9 s  Freq=Y N.periodos=18
2026-09-12 15:31:43   1716/ 5507  10853           0.9 s  Freq=Y N.periodos=18
2026-09-12 15:31:45   1717/ 5507  49236           1.2 s  Freq=Y N.periodos=18
2026-09-12 15:31:46   1718/ 5507  49237           1.2 s  Freq=Y N.periodos=18
2026-09-12 15:31:46   1719/ 5507  82017           0.6 s  Freq=Y N.periodos=16
2026-09-12 15:31:47   1720/ 5507  28182           0.5 s  Freq=Y N.periodos=17
2026-09-12 15:31:47   1721/ 5507  28185           0.5 s  Freq=Y N.periodos=17
2026-09-12 15:31:48   1722/ 5507  28191           0.8 s  Freq=Y N.periodos=17
2026-09-12 15:31:49   1723/ 5507  28192           0.9 s  Freq=Y N.periodos=17
2026-09-12 15:31:50   1724/ 5507  28203           0.6 s  Freq=Y N.periodos=17
2026-09-12 15:31:51   1725/ 5507  28206           1.0 s  Freq=Y N.periodos=17
2026-09-12 15:31:52   1726/ 5507  30046           0.9 s  Freq=Y N.periodos=17
2026-09-12 15:31:52   1727/ 5507  80180           0.8 s  Freq=NA N.periodos=0
2026-09-12 15:31:53   1728/ 5507  28183           0.9 s  Freq=Y N.periodos=17
2026-09-12 15:31:54   1729/ 5507  28186           1.0 s  Freq=Y N.periodos=17
2026-09-12 15:31:55   1730/ 5507  28193           0.7 s  Freq=Y N.periodos=17
2026-09-12 15:31:56   1731/ 5507  28204           0.5 s  Freq=Y N.periodos=17
2026-09-12 15:31:56   1732/ 5507  28213           0.5 s  Freq=Y N.periodos=17
2026-09-12 15:31:57   1733/ 5507  80181           0.6 s  Freq=NA N.periodos=0
2026-09-12 15:31:57   1734/ 5507  28184           0.5 s  Freq=Y N.periodos=17
2026-09-12 15:31:58   1735/ 5507  28187           0.5 s  Freq=Y N.periodos=17
2026-09-12 15:31:58   1736/ 5507  28200           0.5 s  Freq=Y N.periodos=17
2026-09-12 15:31:59   1737/ 5507  28205           0.8 s  Freq=Y N.periodos=17
2026-09-12 15:32:00   1738/ 5507  80182           0.6 s  Freq=NA N.periodos=0
2026-09-12 15:32:00   1739/ 5507  28188           0.5 s  Freq=Y N.periodos=17
2026-09-12 15:32:01   1740/ 5507  28201           0.8 s  Freq=Y N.periodos=17
2026-09-12 15:32:01   1741/ 5507  80183           0.5 s  Freq=NA N.periodos=0
2026-09-12 15:32:02   1742/ 5507  28189           0.7 s  Freq=Y N.periodos=17
2026-09-12 15:32:03   1743/ 5507  28202           0.8 s  Freq=Y N.periodos=17
2026-09-12 15:32:04   1744/ 5507  80184           0.7 s  Freq=NA N.periodos=0
2026-09-12 15:32:05   1745/ 5507  28190           0.9 s  Freq=Y N.periodos=17
2026-09-12 15:32:05   1746/ 5507  9942            0.7 s  Freq=Y N.periodos=18
2026-09-12 15:32:06   1747/ 5507  9958            0.7 s  Freq=Y N.periodos=18
2026-09-12 15:32:06   1748/ 5507  9967            0.5 s  Freq=Y N.periodos=22
2026-09-12 15:32:07   1749/ 5507  9972            0.8 s  Freq=Y N.periodos=22
2026-09-12 15:32:08   1750/ 5507  9994            0.6 s  Freq=Y N.periodos=22
2026-09-12 15:32:09   1751/ 5507  10003           0.9 s  Freq=Y N.periodos=18
2026-09-12 15:32:10   1752/ 5507  29281           0.8 s  Freq=Y N.periodos=18
2026-09-12 15:32:11   1753/ 5507  29287           1.0 s  Freq=Y N.periodos=18
2026-09-12 15:32:12   1754/ 5507  49145           0.9 s  Freq=Y N.periodos=18
2026-09-12 15:32:12   1755/ 5507  59962           0.7 s  Freq=Y N.periodos=18
2026-09-12 15:32:13   1756/ 5507  59970           0.8 s  Freq=Y N.periodos=18
2026-09-12 15:32:14   1757/ 5507  59972           0.9 s  Freq=Y N.periodos=18
2026-09-12 15:32:15   1758/ 5507  60143           0.8 s  Freq=Y N.periodos=18
2026-09-12 15:32:15   1759/ 5507  60253           0.6 s  Freq=Y N.periodos=12
2026-09-12 15:32:16   1760/ 5507  60264           0.7 s  Freq=Y N.periodos=12
2026-09-12 15:32:17   1761/ 5507  67245           0.6 s  Freq=Y N.periodos=18
2026-09-12 15:32:17   1762/ 5507  67246           0.5 s  Freq=Y N.periodos=18
2026-09-12 15:32:18   1763/ 5507  67989           0.6 s  Freq=Y N.periodos=12
2026-09-12 15:32:18   1764/ 5507  79101           0.7 s  Freq=Y N.periodos=3
2026-09-12 15:32:19   1765/ 5507  79111           0.5 s  Freq=Y N.periodos=3
2026-09-12 15:32:19   1766/ 5507  79119           0.6 s  Freq=Y N.periodos=2
2026-09-12 15:32:20   1767/ 5507  79126           0.8 s  Freq=Y N.periodos=2
2026-09-12 15:32:21   1768/ 5507  79166           0.6 s  Freq=Y N.periodos=2
2026-09-12 15:32:21   1769/ 5507  79174           0.5 s  Freq=Y N.periodos=3
2026-09-12 15:32:22   1770/ 5507  79669           0.8 s  Freq=Y N.periodos=1
2026-09-12 15:32:23   1771/ 5507  9943            0.6 s  Freq=Y N.periodos=18
2026-09-12 15:32:24   1772/ 5507  9959            0.8 s  Freq=Y N.periodos=18
2026-09-12 15:32:24   1773/ 5507  9968            0.8 s  Freq=Y N.periodos=22
2026-09-12 15:32:25   1774/ 5507  9975            0.8 s  Freq=Y N.periodos=22
2026-09-12 15:32:26   1775/ 5507  9995            0.6 s  Freq=Y N.periodos=22
2026-09-12 15:32:26   1776/ 5507  29282           0.6 s  Freq=Y N.periodos=18
2026-09-12 15:32:27   1777/ 5507  29288           0.5 s  Freq=Y N.periodos=18
2026-09-12 15:32:27   1778/ 5507  49146           0.6 s  Freq=Y N.periodos=18
2026-09-12 15:32:28   1779/ 5507  59963           0.8 s  Freq=Y N.periodos=18
2026-09-12 15:32:29   1780/ 5507  60254           0.7 s  Freq=Y N.periodos=12
2026-09-12 15:32:30   1781/ 5507  67240           0.7 s  Freq=Y N.periodos=12
2026-09-12 15:32:31   1782/ 5507  79104           1.3 s  Freq=Y N.periodos=3
2026-09-12 15:32:31   1783/ 5507  79112           0.6 s  Freq=Y N.periodos=3
2026-09-12 15:32:32   1784/ 5507  79120           0.8 s  Freq=Y N.periodos=2
2026-09-12 15:32:33   1785/ 5507  79127           0.5 s  Freq=Y N.periodos=2
2026-09-12 15:32:34   1786/ 5507  79134           0.9 s  Freq=Y N.periodos=2
2026-09-12 15:32:34   1787/ 5507  79142           0.7 s  Freq=Y N.periodos=2
2026-09-12 15:32:35   1788/ 5507  79150           0.5 s  Freq=Y N.periodos=2
2026-09-12 15:32:36   1789/ 5507  79158           0.8 s  Freq=Y N.periodos=2
2026-09-12 15:32:36   1790/ 5507  79175           0.8 s  Freq=Y N.periodos=3
2026-09-12 15:32:37   1791/ 5507  79670           0.8 s  Freq=Y N.periodos=1
2026-09-12 15:32:38   1792/ 5507  9944            0.6 s  Freq=Y N.periodos=18
2026-09-12 15:32:39   1793/ 5507  9960            1.1 s  Freq=Y N.periodos=18
2026-09-12 15:32:40   1794/ 5507  9969            0.6 s  Freq=Y N.periodos=22
2026-09-12 15:32:40   1795/ 5507  9996            0.5 s  Freq=Y N.periodos=22
2026-09-12 15:32:41   1796/ 5507  10005           0.5 s  Freq=Y N.periodos=18
2026-09-12 15:32:41   1797/ 5507  49148           0.5 s  Freq=Y N.periodos=18
2026-09-12 15:32:42   1798/ 5507  55265           0.9 s  Freq=Y N.periodos=12
2026-09-12 15:32:43   1799/ 5507  59964           1.0 s  Freq=Y N.periodos=18
2026-09-12 15:32:44   1800/ 5507  60162           1.1 s  Freq=Y N.periodos=13
2026-09-12 15:32:45   1801/ 5507  60256           0.6 s  Freq=Y N.periodos=12
2026-09-12 15:32:46   1802/ 5507  79105           0.8 s  Freq=Y N.periodos=3
2026-09-12 15:32:46   1803/ 5507  79113           0.7 s  Freq=Y N.periodos=3
2026-09-12 15:32:47   1804/ 5507  79121           0.7 s  Freq=Y N.periodos=2
2026-09-12 15:32:48   1805/ 5507  79128           0.8 s  Freq=Y N.periodos=2
2026-09-12 15:32:49   1806/ 5507  79135           0.8 s  Freq=Y N.periodos=2
2026-09-12 15:32:49   1807/ 5507  79143           0.6 s  Freq=Y N.periodos=2
2026-09-12 15:32:51   1808/ 5507  79151           1.5 s  Freq=Y N.periodos=2
2026-09-12 15:32:52   1809/ 5507  79159           1.3 s  Freq=Y N.periodos=2
2026-09-12 15:32:53   1810/ 5507  79167           0.9 s  Freq=Y N.periodos=2
2026-09-12 15:32:54   1811/ 5507  79176           0.4 s  Freq=Y N.periodos=3
2026-09-12 15:32:55   1812/ 5507  79671           1.0 s  Freq=Y N.periodos=1
2026-09-12 15:32:55   1813/ 5507  9945            0.7 s  Freq=Y N.periodos=18
2026-09-12 15:32:56   1814/ 5507  9961            0.8 s  Freq=Y N.periodos=18
2026-09-12 15:32:57   1815/ 5507  9970            0.6 s  Freq=Y N.periodos=22
2026-09-12 15:32:58   1816/ 5507  9981            1.1 s  Freq=Y N.periodos=22
2026-09-12 15:32:58   1817/ 5507  9997            0.6 s  Freq=Y N.periodos=22
2026-09-12 15:32:59   1818/ 5507  55266           0.6 s  Freq=Y N.periodos=12
2026-09-12 15:33:00   1819/ 5507  59965           1.0 s  Freq=Y N.periodos=18
2026-09-12 15:33:00   1820/ 5507  60179           0.7 s  Freq=Y N.periodos=18
2026-09-12 15:33:01   1821/ 5507  60257           0.6 s  Freq=Y N.periodos=12
2026-09-12 15:33:02   1822/ 5507  76844           0.9 s  Freq=Y N.periodos=18
2026-09-12 15:33:03   1823/ 5507  79106           0.9 s  Freq=Y N.periodos=3
2026-09-12 15:33:03   1824/ 5507  79114           0.6 s  Freq=Y N.periodos=3
2026-09-12 15:33:04   1825/ 5507  79122           0.6 s  Freq=Y N.periodos=2
2026-09-12 15:33:05   1826/ 5507  79129           0.6 s  Freq=Y N.periodos=2
2026-09-12 15:33:05   1827/ 5507  79136           0.7 s  Freq=Y N.periodos=2
2026-09-12 15:33:06   1828/ 5507  79144           0.6 s  Freq=Y N.periodos=2
2026-09-12 15:33:07   1829/ 5507  79152           1.0 s  Freq=Y N.periodos=2
2026-09-12 15:33:08   1830/ 5507  79160           0.8 s  Freq=Y N.periodos=2
2026-09-12 15:33:09   1831/ 5507  79168           0.7 s  Freq=Y N.periodos=2
2026-09-12 15:33:09   1832/ 5507  79177           0.6 s  Freq=Y N.periodos=3
2026-09-12 15:33:10   1833/ 5507  9946            0.6 s  Freq=Y N.periodos=18
2026-09-12 15:33:10   1834/ 5507  9962            0.6 s  Freq=Y N.periodos=18
2026-09-12 15:33:11   1835/ 5507  9971            0.8 s  Freq=Y N.periodos=22
2026-09-12 15:33:12   1836/ 5507  9984            0.8 s  Freq=Y N.periodos=22
2026-09-12 15:33:13   1837/ 5507  10007           0.8 s  Freq=Y N.periodos=18
2026-09-12 15:33:13   1838/ 5507  59967           0.8 s  Freq=Y N.periodos=18
2026-09-12 15:33:14   1839/ 5507  60180           0.6 s  Freq=Y N.periodos=18
2026-09-12 15:33:15   1840/ 5507  67990           0.9 s  Freq=Y N.periodos=12
2026-09-12 15:33:16   1841/ 5507  68023           1.0 s  Freq=Y N.periodos=12
2026-09-12 15:33:16   1842/ 5507  68024           0.5 s  Freq=Y N.periodos=12
2026-09-12 15:33:17   1843/ 5507  68025           0.8 s  Freq=Y N.periodos=12
2026-09-12 15:33:18   1844/ 5507  68026           1.0 s  Freq=Y N.periodos=12
2026-09-12 15:33:19   1845/ 5507  75484           1.1 s  Freq=Y N.periodos=12
2026-09-12 15:33:21   1846/ 5507  76845           1.7 s  Freq=Y N.periodos=22
2026-09-12 15:33:22   1847/ 5507  79107           0.5 s  Freq=Y N.periodos=3
2026-09-12 15:33:22   1848/ 5507  79115           0.6 s  Freq=Y N.periodos=3
2026-09-12 15:33:23   1849/ 5507  79123           0.6 s  Freq=Y N.periodos=2
2026-09-12 15:33:23   1850/ 5507  79130           0.6 s  Freq=Y N.periodos=2
2026-09-12 15:33:24   1851/ 5507  79137           0.5 s  Freq=Y N.periodos=2
2026-09-12 15:33:24   1852/ 5507  79145           0.6 s  Freq=Y N.periodos=2
2026-09-12 15:33:25   1853/ 5507  79153           0.7 s  Freq=Y N.periodos=2
2026-09-12 15:33:26   1854/ 5507  79161           0.6 s  Freq=Y N.periodos=2
2026-09-12 15:33:26   1855/ 5507  79169           0.5 s  Freq=Y N.periodos=2
2026-09-12 15:33:27   1856/ 5507  79178           1.0 s  Freq=Y N.periodos=3
2026-09-12 15:33:28   1857/ 5507  9947            0.8 s  Freq=Y N.periodos=18
2026-09-12 15:33:29   1858/ 5507  9963            0.8 s  Freq=Y N.periodos=18
2026-09-12 15:33:29   1859/ 5507  9990            0.7 s  Freq=Y N.periodos=22
2026-09-12 15:33:30   1860/ 5507  10008           0.9 s  Freq=Y N.periodos=18
2026-09-12 15:33:32   1861/ 5507  59945           1.1 s  Freq=Y N.periodos=18
2026-09-12 15:33:32   1862/ 5507  59957           1.0 s  Freq=Y N.periodos=18
2026-09-12 15:33:33   1863/ 5507  59968           0.8 s  Freq=Y N.periodos=18
2026-09-12 15:33:34   1864/ 5507  60144           0.8 s  Freq=Y N.periodos=18
2026-09-12 15:33:35   1865/ 5507  60181           0.8 s  Freq=Y N.periodos=18
2026-09-12 15:33:36   1866/ 5507  60258           0.7 s  Freq=Y N.periodos=12
2026-09-12 15:33:36   1867/ 5507  76846           0.7 s  Freq=Y N.periodos=18
2026-09-12 15:33:37   1868/ 5507  79108           0.6 s  Freq=Y N.periodos=3
2026-09-12 15:33:38   1869/ 5507  79116           1.1 s  Freq=Y N.periodos=3
2026-09-12 15:33:39   1870/ 5507  79124           0.8 s  Freq=Y N.periodos=2
2026-09-12 15:33:39   1871/ 5507  79131           0.6 s  Freq=Y N.periodos=2
2026-09-12 15:33:40   1872/ 5507  79138           1.1 s  Freq=Y N.periodos=2
2026-09-12 15:33:41   1873/ 5507  79146           0.8 s  Freq=Y N.periodos=2
2026-09-12 15:33:42   1874/ 5507  79154           1.0 s  Freq=Y N.periodos=2
2026-09-12 15:33:43   1875/ 5507  79162           0.8 s  Freq=Y N.periodos=2
2026-09-12 15:33:44   1876/ 5507  79170           0.8 s  Freq=Y N.periodos=2
2026-09-12 15:33:44   1877/ 5507  79180           0.5 s  Freq=Y N.periodos=3
2026-09-12 15:33:45   1878/ 5507  9993            0.7 s  Freq=Y N.periodos=22
2026-09-12 15:33:46   1879/ 5507  9998            1.0 s  Freq=Y N.periodos=17
2026-09-12 15:33:47   1880/ 5507  10009           0.7 s  Freq=Y N.periodos=18
2026-09-12 15:33:47   1881/ 5507  59946           0.6 s  Freq=Y N.periodos=18
2026-09-12 15:33:48   1882/ 5507  59954           0.9 s  Freq=Y N.periodos=18
2026-09-12 15:33:49   1883/ 5507  59958           0.9 s  Freq=Y N.periodos=18
2026-09-12 15:33:50   1884/ 5507  60145           0.8 s  Freq=Y N.periodos=18
2026-09-12 15:33:51   1885/ 5507  60259           0.8 s  Freq=Y N.periodos=12
2026-09-12 15:33:52   1886/ 5507  68027           0.9 s  Freq=Y N.periodos=12
2026-09-12 15:33:52   1887/ 5507  68028           0.7 s  Freq=Y N.periodos=12
2026-09-12 15:33:53   1888/ 5507  68029           1.0 s  Freq=Y N.periodos=12
2026-09-12 15:33:54   1889/ 5507  68030           1.0 s  Freq=Y N.periodos=12
2026-09-12 15:33:55   1890/ 5507  68031           0.6 s  Freq=Y N.periodos=12
2026-09-12 15:33:55   1891/ 5507  68032           0.5 s  Freq=Y N.periodos=12
2026-09-12 15:33:56   1892/ 5507  68033           0.8 s  Freq=Y N.periodos=12
2026-09-12 15:33:57   1893/ 5507  76847           0.6 s  Freq=Y N.periodos=12
2026-09-12 15:33:58   1894/ 5507  79109           0.8 s  Freq=Y N.periodos=3
2026-09-12 15:33:58   1895/ 5507  79117           0.7 s  Freq=Y N.periodos=3
2026-09-12 15:33:59   1896/ 5507  79125           0.9 s  Freq=Y N.periodos=2
2026-09-12 15:34:00   1897/ 5507  79132           0.5 s  Freq=Y N.periodos=2
2026-09-12 15:34:01   1898/ 5507  79139           0.8 s  Freq=Y N.periodos=2
2026-09-12 15:34:01   1899/ 5507  79147           0.8 s  Freq=Y N.periodos=2
2026-09-12 15:34:02   1900/ 5507  79155           0.8 s  Freq=Y N.periodos=2
2026-09-12 15:34:03   1901/ 5507  79163           0.6 s  Freq=Y N.periodos=2
2026-09-12 15:34:03   1902/ 5507  79171           0.7 s  Freq=Y N.periodos=2
2026-09-12 15:34:04   1903/ 5507  9949            0.6 s  Freq=Y N.periodos=18
2026-09-12 15:34:05   1904/ 5507  9999            0.8 s  Freq=Y N.periodos=17
2026-09-12 15:34:06   1905/ 5507  10001           0.7 s  Freq=Y N.periodos=17
2026-09-12 15:34:06   1906/ 5507  10010           0.9 s  Freq=Y N.periodos=18
2026-09-12 15:34:07   1907/ 5507  59947           0.6 s  Freq=Y N.periodos=18
2026-09-12 15:34:08   1908/ 5507  59959           0.7 s  Freq=Y N.periodos=18
2026-09-12 15:34:08   1909/ 5507  59969           0.6 s  Freq=Y N.periodos=18
2026-09-12 15:34:09   1910/ 5507  60146           0.6 s  Freq=Y N.periodos=18
2026-09-12 15:34:10   1911/ 5507  60260           0.7 s  Freq=Y N.periodos=12
2026-09-12 15:34:10   1912/ 5507  79110           0.8 s  Freq=Y N.periodos=3
2026-09-12 15:34:11   1913/ 5507  79118           0.7 s  Freq=Y N.periodos=3
2026-09-12 15:34:12   1914/ 5507  79133           0.8 s  Freq=Y N.periodos=2
2026-09-12 15:34:13   1915/ 5507  79140           1.5 s  Freq=Y N.periodos=2
2026-09-12 15:34:14   1916/ 5507  79148           0.5 s  Freq=Y N.periodos=2
2026-09-12 15:34:14   1917/ 5507  79156           0.6 s  Freq=Y N.periodos=2
2026-09-12 15:34:15   1918/ 5507  79164           0.4 s  Freq=Y N.periodos=2
2026-09-12 15:34:15   1919/ 5507  79172           0.5 s  Freq=Y N.periodos=2
2026-09-12 15:34:17   1920/ 5507  79342           1.1 s  Freq=Y N.periodos=18
2026-09-12 15:34:17   1921/ 5507  10000           0.5 s  Freq=Y N.periodos=17
2026-09-12 15:34:18   1922/ 5507  10011           0.5 s  Freq=Y N.periodos=18
2026-09-12 15:34:18   1923/ 5507  59949           0.7 s  Freq=Y N.periodos=18
2026-09-12 15:34:20   1924/ 5507  59960           1.1 s  Freq=Y N.periodos=18
2026-09-12 15:34:20   1925/ 5507  59971           0.6 s  Freq=Y N.periodos=18
2026-09-12 15:34:21   1926/ 5507  60147           0.8 s  Freq=Y N.periodos=18
2026-09-12 15:34:22   1927/ 5507  60261           0.6 s  Freq=Y N.periodos=12
2026-09-12 15:34:22   1928/ 5507  61787           0.9 s  Freq=Y N.periodos=18
2026-09-12 15:34:23   1929/ 5507  79141           0.6 s  Freq=Y N.periodos=2
2026-09-12 15:34:24   1930/ 5507  79149           0.5 s  Freq=Y N.periodos=2
2026-09-12 15:34:25   1931/ 5507  79157           1.0 s  Freq=Y N.periodos=2
2026-09-12 15:34:25   1932/ 5507  79165           0.8 s  Freq=Y N.periodos=2
2026-09-12 15:34:26   1933/ 5507  79173           0.5 s  Freq=Y N.periodos=2
2026-09-12 15:34:27   1934/ 5507  9948            0.7 s  Freq=Y N.periodos=18
2026-09-12 15:34:27   1935/ 5507  9964            0.7 s  Freq=Y N.periodos=18
2026-09-12 15:34:28   1936/ 5507  9973            0.8 s  Freq=Y N.periodos=18
2026-09-12 15:34:29   1937/ 5507  10002           0.6 s  Freq=Y N.periodos=17
2026-09-12 15:34:29   1938/ 5507  60262           0.5 s  Freq=Y N.periodos=12
2026-09-12 15:34:30   1939/ 5507  61788           0.8 s  Freq=Y N.periodos=18
2026-09-12 15:34:30   1940/ 5507  9950            0.5 s  Freq=Y N.periodos=18
2026-09-12 15:34:31   1941/ 5507  9974            0.8 s  Freq=Y N.periodos=22
2026-09-12 15:34:32   1942/ 5507  59961           1.1 s  Freq=Y N.periodos=18
2026-09-12 15:34:33   1943/ 5507  60263           0.7 s  Freq=Y N.periodos=12
2026-09-12 15:34:33   1944/ 5507  61789           0.5 s  Freq=Y N.periodos=18
2026-09-12 15:34:34   1945/ 5507  59951           0.5 s  Freq=Y N.periodos=18
2026-09-12 15:34:35   1946/ 5507  60150           0.6 s  Freq=Y N.periodos=18
2026-09-12 15:34:35   1947/ 5507  61790           0.5 s  Freq=Y N.periodos=18
2026-09-12 15:34:36   1948/ 5507  75485           0.8 s  Freq=Y N.periodos=12
2026-09-12 15:34:37   1949/ 5507  59952           0.8 s  Freq=Y N.periodos=18
2026-09-12 15:34:37   1950/ 5507  60151           0.8 s  Freq=Y N.periodos=18
2026-09-12 15:34:38   1951/ 5507  59956           0.7 s  Freq=Y N.periodos=18
2026-09-12 15:34:39   1952/ 5507  60152           0.6 s  Freq=Y N.periodos=18
2026-09-12 15:34:40   1953/ 5507  9951            1.0 s  Freq=Y N.periodos=18
2026-09-12 15:34:40   1954/ 5507  9956            0.5 s  Freq=Y N.periodos=18
2026-09-12 15:34:41   1955/ 5507  60153           0.6 s  Freq=Y N.periodos=18
2026-09-12 15:34:41   1956/ 5507  9952            0.5 s  Freq=Y N.periodos=18
2026-09-12 15:34:42   1957/ 5507  9976            0.6 s  Freq=Y N.periodos=22
2026-09-12 15:34:42   1958/ 5507  9953            0.6 s  Freq=Y N.periodos=18
2026-09-12 15:34:43   1959/ 5507  9977            0.5 s  Freq=Y N.periodos=22
2026-09-12 15:34:44   1960/ 5507  9954            0.8 s  Freq=Y N.periodos=18
2026-09-12 15:34:44   1961/ 5507  9978            0.7 s  Freq=Y N.periodos=22
2026-09-12 15:34:45   1962/ 5507  9955            0.5 s  Freq=Y N.periodos=18
2026-09-12 15:34:46   1963/ 5507  9979            0.8 s  Freq=Y N.periodos=22
2026-09-12 15:34:46   1964/ 5507  9980            0.6 s  Freq=Y N.periodos=22
2026-09-12 15:34:47   1965/ 5507  14645           0.5 s  Freq=Y N.periodos=18
2026-09-12 15:34:47   1966/ 5507  14647           0.5 s  Freq=Y N.periodos=18
2026-09-12 15:34:48   1967/ 5507  60163           0.9 s  Freq=Y N.periodos=18
2026-09-12 15:34:49   1968/ 5507  59955           0.8 s  Freq=Y N.periodos=18
2026-09-12 15:34:50   1969/ 5507  60164           0.8 s  Freq=Y N.periodos=18
2026-09-12 15:34:51   1970/ 5507  59953           0.8 s  Freq=Y N.periodos=18
2026-09-12 15:34:52   1971/ 5507  60165           1.0 s  Freq=Y N.periodos=18
2026-09-12 15:34:53   1972/ 5507  9957            0.9 s  Freq=Y N.periodos=18
2026-09-12 15:34:55   1973/ 5507  60166           1.9 s  Freq=Y N.periodos=18
2026-09-12 15:34:55   1974/ 5507  9982            0.6 s  Freq=Y N.periodos=18
2026-09-12 15:34:56   1975/ 5507  9983            0.6 s  Freq=Y N.periodos=22
2026-09-12 15:34:56   1976/ 5507  60167           0.5 s  Freq=Y N.periodos=18
2026-09-12 15:34:57   1977/ 5507  60168           0.7 s  Freq=Y N.periodos=18
2026-09-12 15:34:58   1978/ 5507  60169           0.6 s  Freq=Y N.periodos=18
2026-09-12 15:34:58   1979/ 5507  60170           0.9 s  Freq=Y N.periodos=18
2026-09-12 15:34:59   1980/ 5507  60154           0.8 s  Freq=Y N.periodos=13
2026-09-12 15:35:00   1981/ 5507  60155           0.7 s  Freq=Y N.periodos=13
2026-09-12 15:35:01   1982/ 5507  60156           0.6 s  Freq=Y N.periodos=13
2026-09-12 15:35:01   1983/ 5507  60157           0.9 s  Freq=Y N.periodos=13
2026-09-12 15:35:02   1984/ 5507  60149           0.5 s  Freq=Y N.periodos=13
2026-09-12 15:35:03   1985/ 5507  60158           0.8 s  Freq=Y N.periodos=13
2026-09-12 15:35:04   1986/ 5507  60159           1.0 s  Freq=Y N.periodos=13
2026-09-12 15:35:04   1987/ 5507  60160           0.5 s  Freq=Y N.periodos=13
2026-09-12 15:35:05   1988/ 5507  60161           0.6 s  Freq=Y N.periodos=13
2026-09-12 15:35:05   1989/ 5507  9985            0.5 s  Freq=Y N.periodos=22
2026-09-12 15:35:06   1990/ 5507  9986            0.7 s  Freq=Y N.periodos=22
2026-09-12 15:35:07   1991/ 5507  9987            0.5 s  Freq=Y N.periodos=22
2026-09-12 15:35:07   1992/ 5507  9988            0.6 s  Freq=Y N.periodos=22
2026-09-12 15:35:08   1993/ 5507  9989            0.7 s  Freq=Y N.periodos=22
2026-09-12 15:35:08   1994/ 5507  60171           0.5 s  Freq=Y N.periodos=18
2026-09-12 15:35:09   1995/ 5507  60173           0.7 s  Freq=Y N.periodos=18
2026-09-12 15:35:10   1996/ 5507  60174           1.0 s  Freq=Y N.periodos=18
2026-09-12 15:35:11   1997/ 5507  9991            0.5 s  Freq=Y N.periodos=18
2026-09-12 15:35:11   1998/ 5507  9992            0.8 s  Freq=Y N.periodos=22
2026-09-12 15:35:12   1999/ 5507  60178           0.5 s  Freq=Y N.periodos=18
2026-09-12 15:35:12   2000/ 5507  8027            0.6 s  Freq=Q N.periodos=55
2026-09-12 15:35:13   2001/ 5507  47116           0.8 s  Freq=Q N.periodos=23
2026-09-12 15:35:14   2002/ 5507  47118           0.5 s  Freq=Q N.periodos=23
2026-09-12 15:35:15   2003/ 5507  47120           0.9 s  Freq=Q N.periodos=23
2026-09-12 15:35:15   2004/ 5507  79687           0.5 s  Freq=Q N.periodos=23
2026-09-12 15:35:16   2005/ 5507  8028            0.5 s  Freq=Q N.periodos=55
2026-09-12 15:35:16   2006/ 5507  47117           0.7 s  Freq=Q N.periodos=23
2026-09-12 15:35:17   2007/ 5507  47119           0.9 s  Freq=Q N.periodos=23
2026-09-12 15:35:18   2008/ 5507  79688           0.8 s  Freq=Q N.periodos=55
2026-09-12 15:35:19   2009/ 5507  8029            0.6 s  Freq=Q N.periodos=55
2026-09-12 15:35:19   2010/ 5507  79689           0.6 s  Freq=Q N.periodos=23
2026-09-12 15:35:20   2011/ 5507  79690           0.8 s  Freq=Q N.periodos=23
2026-09-12 15:35:21   2012/ 5507  24315           0.5 s  Freq=Q N.periodos=66
2026-09-12 15:35:21   2013/ 5507  24356           0.6 s  Freq=Y N.periodos=16
2026-09-12 15:35:22   2014/ 5507  24363           0.7 s  Freq=Y N.periodos=16
2026-09-12 15:35:22   2015/ 5507  24365           0.5 s  Freq=Y N.periodos=16
2026-09-12 15:35:23   2016/ 5507  24366           0.5 s  Freq=Y N.periodos=16
2026-09-12 15:35:23   2017/ 5507  24355           0.5 s  Freq=Q N.periodos=66
2026-09-12 15:35:24   2018/ 5507  24357           0.6 s  Freq=Y N.periodos=16
2026-09-12 15:35:24   2019/ 5507  24364           0.5 s  Freq=Y N.periodos=16
2026-09-12 15:35:25   2020/ 5507  24367           0.5 s  Freq=Y N.periodos=16
2026-09-12 15:35:26   2021/ 5507  49356           1.4 s  Freq=Y N.periodos=16
2026-09-12 15:35:27   2022/ 5507  24359           0.7 s  Freq=Y N.periodos=16
2026-09-12 15:35:28   2023/ 5507  24368           0.5 s  Freq=Y N.periodos=16
2026-09-12 15:35:28   2024/ 5507  49357           0.8 s  Freq=Y N.periodos=16
2026-09-12 15:35:29   2025/ 5507  24360           0.6 s  Freq=Y N.periodos=16
2026-09-12 15:35:30   2026/ 5507  49358           0.9 s  Freq=Y N.periodos=16
2026-09-12 15:35:31   2027/ 5507  24361           1.2 s  Freq=Y N.periodos=16
2026-09-12 15:35:32   2028/ 5507  75697           0.6 s  Freq=Q N.periodos=66
2026-09-12 15:35:33   2029/ 5507  24362           1.0 s  Freq=Y N.periodos=16
2026-09-12 15:35:33   2030/ 5507  75698           0.6 s  Freq=Q N.periodos=66
2026-09-12 15:35:34   2031/ 5507  2059            0.9 s  Freq=M N.periodos=222
2026-09-12 15:35:35   2032/ 5507  46297           0.7 s  Freq=M N.periodos=67
2026-09-12 15:35:36   2033/ 5507  46298           0.9 s  Freq=M N.periodos=67
2026-09-12 15:35:37   2034/ 5507  2058            0.8 s  Freq=M N.periodos=222
2026-09-12 15:35:38   2035/ 5507  2057            1.1 s  Freq=M N.periodos=222
2026-09-12 15:35:38   2036/ 5507  46300           0.6 s  Freq=M N.periodos=67
2026-09-12 15:35:39   2037/ 5507  46301           0.9 s  Freq=M N.periodos=67
2026-09-12 15:35:40   2038/ 5507  2056            0.5 s  Freq=M N.periodos=222
2026-09-12 15:35:41   2039/ 5507  27150           1.0 s  Freq=Y N.periodos=16
2026-09-12 15:35:42   2040/ 5507  27153           1.4 s  Freq=Y N.periodos=34
2026-09-12 15:35:44   2041/ 5507  67233           2.1 s  Freq=Y N.periodos=34
2026-09-12 15:35:46   2042/ 5507  27151           2.0 s  Freq=Y N.periodos=16
2026-09-12 15:35:50   2043/ 5507  27154           3.7 s  Freq=Y N.periodos=34
2026-09-12 15:35:54   2044/ 5507  67234           3.7 s  Freq=Y N.periodos=34
2026-09-12 15:35:58   2045/ 5507  27152           4.0 s  Freq=Y N.periodos=16
2026-09-12 15:36:07   2046/ 5507  27155           9.6 s  Freq=Y N.periodos=34
2026-09-12 15:36:16   2047/ 5507  67235           8.2 s  Freq=Y N.periodos=34
2026-09-12 15:36:17   2048/ 5507  8281            1.1 s  Freq=Q N.periodos=35
2026-09-12 15:36:17   2049/ 5507  66257           0.5 s  Freq=Q N.periodos=85
2026-09-12 15:36:18   2050/ 5507  66266           0.7 s  Freq=Q N.periodos=85
2026-09-12 15:36:19   2051/ 5507  8247            0.6 s  Freq=Q N.periodos=23
2026-09-12 15:36:19   2052/ 5507  66258           0.6 s  Freq=Q N.periodos=85
2026-09-12 15:36:20   2053/ 5507  8283            0.6 s  Freq=Q N.periodos=11
2026-09-12 15:36:20   2054/ 5507  66259           0.5 s  Freq=Q N.periodos=85
2026-09-12 15:36:21   2055/ 5507  66260           0.7 s  Freq=Q N.periodos=50
2026-09-12 15:36:22   2056/ 5507  66262           0.7 s  Freq=Q N.periodos=74
2026-09-12 15:36:22   2057/ 5507  66261           0.8 s  Freq=Q N.periodos=62
2026-09-12 15:36:23   2058/ 5507  79340           0.7 s  Freq=Q N.periodos=2
2026-09-12 15:36:24   2059/ 5507  66263           0.8 s  Freq=Q N.periodos=85
2026-09-12 15:36:24   2060/ 5507  66264           0.5 s  Freq=Q N.periodos=85
2026-09-12 15:36:25   2061/ 5507  66265           0.5 s  Freq=Q N.periodos=85
2026-09-12 15:36:26   2062/ 5507  21627           0.9 s  Freq=Y N.periodos=13
2026-09-12 15:36:27   2063/ 5507  21629           0.7 s  Freq=Y N.periodos=13
2026-09-12 15:36:27   2064/ 5507  21628           0.6 s  Freq=Y N.periodos=13
2026-09-12 15:36:28   2065/ 5507  21630           0.7 s  Freq=Y N.periodos=13
2026-09-12 15:36:28   2066/ 5507  25703           0.6 s  Freq=Y N.periodos=13
2026-09-12 15:36:29   2067/ 5507  25707           0.7 s  Freq=Y N.periodos=13
2026-09-12 15:36:30   2068/ 5507  28724           0.5 s  Freq=Y N.periodos=9
2026-09-12 15:36:30   2069/ 5507  28778           0.7 s  Freq=Y N.periodos=9
2026-09-12 15:36:31   2070/ 5507  49050           0.5 s  Freq=Y N.periodos=13
2026-09-12 15:36:31   2071/ 5507  49058           0.5 s  Freq=Y N.periodos=9
2026-09-12 15:36:32   2072/ 5507  80103           0.5 s  Freq=Y N.periodos=1
2026-09-12 15:36:33   2073/ 5507  80104           0.8 s  Freq=Y N.periodos=1
2026-09-12 15:36:33   2074/ 5507  25645           0.6 s  Freq=Y N.periodos=13
2026-09-12 15:36:34   2075/ 5507  25704           0.7 s  Freq=Y N.periodos=13
2026-09-12 15:36:35   2076/ 5507  25708           0.7 s  Freq=Y N.periodos=13
2026-09-12 15:36:35   2077/ 5507  28779           0.7 s  Freq=Y N.periodos=9
2026-09-12 15:36:36   2078/ 5507  49059           0.5 s  Freq=Y N.periodos=9
2026-09-12 15:36:36   2079/ 5507  76640           0.5 s  Freq=Y N.periodos=13
2026-09-12 15:36:37   2080/ 5507  25697           1.2 s  Freq=Y N.periodos=13
2026-09-12 15:36:38   2081/ 5507  25705           0.9 s  Freq=Y N.periodos=13
2026-09-12 15:36:39   2082/ 5507  25709           0.6 s  Freq=Y N.periodos=13
2026-09-12 15:36:39   2083/ 5507  28780           0.6 s  Freq=Y N.periodos=9
2026-09-12 15:36:40   2084/ 5507  28857           1.0 s  Freq=Y N.periodos=9
2026-09-12 15:36:41   2085/ 5507  49048           0.6 s  Freq=Y N.periodos=13
2026-09-12 15:36:42   2086/ 5507  25698           0.5 s  Freq=Y N.periodos=13
2026-09-12 15:36:42   2087/ 5507  25706           0.5 s  Freq=Y N.periodos=13
2026-09-12 15:36:43   2088/ 5507  25710           0.7 s  Freq=Y N.periodos=13
2026-09-12 15:36:43   2089/ 5507  28707           0.5 s  Freq=Y N.periodos=9
2026-09-12 15:36:44   2090/ 5507  49049           0.6 s  Freq=Y N.periodos=13
2026-09-12 15:36:44   2091/ 5507  25699           0.5 s  Freq=Y N.periodos=13
2026-09-12 15:36:46   2092/ 5507  26017           1.1 s  Freq=Y N.periodos=13
2026-09-12 15:36:46   2093/ 5507  26022           0.6 s  Freq=Y N.periodos=10
2026-09-12 15:36:47   2094/ 5507  28708           0.5 s  Freq=Y N.periodos=9
2026-09-12 15:36:47   2095/ 5507  28728           0.8 s  Freq=Y N.periodos=9
2026-09-12 15:36:48   2096/ 5507  76641           0.5 s  Freq=Y N.periodos=13
2026-09-12 15:36:49   2097/ 5507  25700           1.0 s  Freq=Y N.periodos=13
2026-09-12 15:36:50   2098/ 5507  26019           0.6 s  Freq=Y N.periodos=13
2026-09-12 15:36:51   2099/ 5507  26023           1.1 s  Freq=Y N.periodos=13
2026-09-12 15:36:51   2100/ 5507  28709           0.5 s  Freq=Y N.periodos=9
2026-09-12 15:36:52   2101/ 5507  25701           0.6 s  Freq=Y N.periodos=13
2026-09-12 15:36:53   2102/ 5507  26020           0.7 s  Freq=Y N.periodos=13
2026-09-12 15:36:54   2103/ 5507  26024           1.5 s  Freq=Y N.periodos=13
2026-09-12 15:36:55   2104/ 5507  28710           0.6 s  Freq=Y N.periodos=9
2026-09-12 15:36:55   2105/ 5507  25702           0.8 s  Freq=Y N.periodos=13
2026-09-12 15:36:56   2106/ 5507  25720           0.7 s  Freq=Y N.periodos=13
2026-09-12 15:36:57   2107/ 5507  26021           1.2 s  Freq=Y N.periodos=13
2026-09-12 15:36:58   2108/ 5507  28711           0.6 s  Freq=Y N.periodos=9
2026-09-12 15:36:59   2109/ 5507  25717           0.7 s  Freq=Y N.periodos=13
2026-09-12 15:36:59   2110/ 5507  25997           0.5 s  Freq=Y N.periodos=13
2026-09-12 15:37:00   2111/ 5507  28712           1.2 s  Freq=Y N.periodos=9
2026-09-12 15:37:01   2112/ 5507  28732           0.6 s  Freq=Y N.periodos=9
2026-09-12 15:37:02   2113/ 5507  25718           1.0 s  Freq=Y N.periodos=13
2026-09-12 15:37:02   2114/ 5507  25998           0.6 s  Freq=Y N.periodos=13
2026-09-12 15:37:03   2115/ 5507  28714           1.0 s  Freq=Y N.periodos=9
2026-09-12 15:37:04   2116/ 5507  25719           0.8 s  Freq=Y N.periodos=13
2026-09-12 15:37:05   2117/ 5507  26013           0.9 s  Freq=Y N.periodos=13
2026-09-12 15:37:06   2118/ 5507  28715           0.7 s  Freq=Y N.periodos=9
2026-09-12 15:37:07   2119/ 5507  26014           0.8 s  Freq=Y N.periodos=13
2026-09-12 15:37:07   2120/ 5507  28716           0.7 s  Freq=Y N.periodos=9
2026-09-12 15:37:08   2121/ 5507  26016           1.2 s  Freq=Y N.periodos=13
2026-09-12 15:37:09   2122/ 5507  28717           0.8 s  Freq=Y N.periodos=9
2026-09-12 15:37:10   2123/ 5507  25711           1.0 s  Freq=Y N.periodos=13
2026-09-12 15:37:11   2124/ 5507  28718           0.8 s  Freq=Y N.periodos=9
2026-09-12 15:37:13   2125/ 5507  25712           1.5 s  Freq=Y N.periodos=13
2026-09-12 15:37:14   2126/ 5507  28719           1.1 s  Freq=Y N.periodos=9
2026-09-12 15:37:14   2127/ 5507  25713           0.8 s  Freq=Y N.periodos=13
2026-09-12 15:37:15   2128/ 5507  28720           0.9 s  Freq=Y N.periodos=9
2026-09-12 15:37:16   2129/ 5507  25714           0.6 s  Freq=Y N.periodos=13
2026-09-12 15:37:17   2130/ 5507  28721           0.5 s  Freq=Y N.periodos=9
2026-09-12 15:37:17   2131/ 5507  25715           0.6 s  Freq=Y N.periodos=13
2026-09-12 15:37:18   2132/ 5507  28722           0.8 s  Freq=Y N.periodos=9
2026-09-12 15:37:18   2133/ 5507  25716           0.5 s  Freq=Y N.periodos=13
2026-09-12 15:37:19   2134/ 5507  28723           0.8 s  Freq=Y N.periodos=9
2026-09-12 15:37:20   2135/ 5507  25742           0.6 s  Freq=Y N.periodos=13
2026-09-12 15:37:21   2136/ 5507  25749           0.9 s  Freq=Y N.periodos=13
2026-09-12 15:37:21   2137/ 5507  28756           0.5 s  Freq=Y N.periodos=9
2026-09-12 15:37:22   2138/ 5507  28781           0.5 s  Freq=Y N.periodos=9
2026-09-12 15:37:23   2139/ 5507  49077           0.9 s  Freq=Y N.periodos=13
2026-09-12 15:37:23   2140/ 5507  49087           0.6 s  Freq=Y N.periodos=9
2026-09-12 15:37:24   2141/ 5507  80105           0.7 s  Freq=Y N.periodos=1
2026-09-12 15:37:24   2142/ 5507  80106           0.5 s  Freq=Y N.periodos=1
2026-09-12 15:37:25   2143/ 5507  25721           0.5 s  Freq=Y N.periodos=13
2026-09-12 15:37:26   2144/ 5507  25743           0.6 s  Freq=Y N.periodos=13
2026-09-12 15:37:26   2145/ 5507  25750           0.7 s  Freq=Y N.periodos=13
2026-09-12 15:37:27   2146/ 5507  28743           0.5 s  Freq=Y N.periodos=9
2026-09-12 15:37:27   2147/ 5507  28782           0.7 s  Freq=Y N.periodos=9
2026-09-12 15:37:28   2148/ 5507  49078           0.8 s  Freq=Y N.periodos=13
2026-09-12 15:37:29   2149/ 5507  49089           0.6 s  Freq=Y N.periodos=9
2026-09-12 15:37:29   2150/ 5507  25722           0.7 s  Freq=Y N.periodos=13
2026-09-12 15:37:31   2151/ 5507  25744           1.1 s  Freq=Y N.periodos=13
2026-09-12 15:37:31   2152/ 5507  25751           0.6 s  Freq=Y N.periodos=13
2026-09-12 15:37:32   2153/ 5507  28744           0.6 s  Freq=Y N.periodos=9
2026-09-12 15:37:32   2154/ 5507  28783           0.5 s  Freq=Y N.periodos=9
2026-09-12 15:37:33   2155/ 5507  49080           1.1 s  Freq=Y N.periodos=13
2026-09-12 15:37:34   2156/ 5507  76642           0.6 s  Freq=Y N.periodos=9
2026-09-12 15:37:35   2157/ 5507  25734           0.8 s  Freq=Y N.periodos=13
2026-09-12 15:37:35   2158/ 5507  25745           0.5 s  Freq=Y N.periodos=13
2026-09-12 15:37:36   2159/ 5507  25752           0.5 s  Freq=Y N.periodos=13
2026-09-12 15:37:36   2160/ 5507  28745           0.6 s  Freq=Y N.periodos=9
2026-09-12 15:37:37   2161/ 5507  25735           0.7 s  Freq=Y N.periodos=13
2026-09-12 15:37:38   2162/ 5507  26030           0.6 s  Freq=Y N.periodos=13
2026-09-12 15:37:38   2163/ 5507  28746           0.7 s  Freq=Y N.periodos=9
2026-09-12 15:37:39   2164/ 5507  28760           0.6 s  Freq=Y N.periodos=9
2026-09-12 15:37:39   2165/ 5507  25736           0.5 s  Freq=Y N.periodos=13
2026-09-12 15:37:40   2166/ 5507  26031           0.5 s  Freq=Y N.periodos=13
2026-09-12 15:37:40   2167/ 5507  26034           0.5 s  Freq=Y N.periodos=13
2026-09-12 15:37:41   2168/ 5507  28747           0.5 s  Freq=Y N.periodos=9
2026-09-12 15:37:42   2169/ 5507  25737           0.6 s  Freq=Y N.periodos=13
2026-09-12 15:37:42   2170/ 5507  26032           0.5 s  Freq=Y N.periodos=13
2026-09-12 15:37:43   2171/ 5507  26035           0.6 s  Freq=Y N.periodos=13
2026-09-12 15:37:43   2172/ 5507  26036           0.6 s  Freq=Y N.periodos=13
2026-09-12 15:37:44   2173/ 5507  28748           0.7 s  Freq=Y N.periodos=9
2026-09-12 15:37:45   2174/ 5507  25738           0.5 s  Freq=Y N.periodos=13
2026-09-12 15:37:45   2175/ 5507  25746           0.7 s  Freq=Y N.periodos=3
2026-09-12 15:37:46   2176/ 5507  25753           0.9 s  Freq=Y N.periodos=3
2026-09-12 15:37:47   2177/ 5507  28749           0.5 s  Freq=Y N.periodos=9
2026-09-12 15:37:48   2178/ 5507  28763           1.0 s  Freq=Y N.periodos=9
2026-09-12 15:37:48   2179/ 5507  26027           0.6 s  Freq=Y N.periodos=13
2026-09-12 15:37:49   2180/ 5507  27459           0.7 s  Freq=Y N.periodos=10
2026-09-12 15:37:50   2181/ 5507  27462           0.6 s  Freq=Y N.periodos=10
2026-09-12 15:37:52   2182/ 5507  28750           1.9 s  Freq=Y N.periodos=9
2026-09-12 15:37:53   2183/ 5507  26028           1.0 s  Freq=Y N.periodos=13
2026-09-12 15:37:54   2184/ 5507  27460           1.9 s  Freq=Y N.periodos=3
2026-09-12 15:37:55   2185/ 5507  28751           0.6 s  Freq=Y N.periodos=9
2026-09-12 15:37:56   2186/ 5507  25747           1.1 s  Freq=Y N.periodos=10
2026-09-12 15:37:57   2187/ 5507  26029           0.9 s  Freq=Y N.periodos=13
2026-09-12 15:37:58   2188/ 5507  28752           0.7 s  Freq=Y N.periodos=9
2026-09-12 15:37:58   2189/ 5507  25739           0.6 s  Freq=Y N.periodos=13
2026-09-12 15:37:59   2190/ 5507  27461           0.5 s  Freq=Y N.periodos=3
2026-09-12 15:37:59   2191/ 5507  28753           0.5 s  Freq=Y N.periodos=9
2026-09-12 15:38:00   2192/ 5507  25740           0.7 s  Freq=Y N.periodos=13
2026-09-12 15:38:01   2193/ 5507  25748           1.0 s  Freq=Y N.periodos=10
2026-09-12 15:38:02   2194/ 5507  28754           0.5 s  Freq=Y N.periodos=9
2026-09-12 15:38:02   2195/ 5507  25741           0.5 s  Freq=Y N.periodos=13
2026-09-12 15:38:03   2196/ 5507  28755           0.8 s  Freq=Y N.periodos=9
2026-09-12 15:38:04   2197/ 5507  28195           0.6 s  Freq=Y N.periodos=15
2026-09-12 15:38:04   2198/ 5507  28217           0.5 s  Freq=Y N.periodos=15
2026-09-12 15:38:05   2199/ 5507  28289           0.5 s  Freq=Y N.periodos=15
2026-09-12 15:38:05   2200/ 5507  28296           0.8 s  Freq=Y N.periodos=11
2026-09-12 15:38:06   2201/ 5507  28306           0.6 s  Freq=Y N.periodos=11
2026-09-12 15:38:07   2202/ 5507  28311           0.7 s  Freq=Y N.periodos=15
2026-09-12 15:38:08   2203/ 5507  28322           0.8 s  Freq=Y N.periodos=15
2026-09-12 15:38:08   2204/ 5507  28391           0.6 s  Freq=Y N.periodos=11
2026-09-12 15:38:09   2205/ 5507  28401           0.9 s  Freq=Y N.periodos=11
2026-09-12 15:38:10   2206/ 5507  49120           0.9 s  Freq=Y N.periodos=15
2026-09-12 15:38:11   2207/ 5507  75265           0.6 s  Freq=Y N.periodos=15
2026-09-12 15:38:11   2208/ 5507  28198           0.5 s  Freq=Y N.periodos=15
2026-09-12 15:38:12   2209/ 5507  28227           0.5 s  Freq=Y N.periodos=15
2026-09-12 15:38:13   2210/ 5507  28290           1.2 s  Freq=Y N.periodos=15
2026-09-12 15:38:14   2211/ 5507  28297           0.8 s  Freq=Y N.periodos=11
2026-09-12 15:38:14   2212/ 5507  28305           0.5 s  Freq=Y N.periodos=11
2026-09-12 15:38:15   2213/ 5507  28323           0.6 s  Freq=Y N.periodos=15
2026-09-12 15:38:15   2214/ 5507  28329           0.6 s  Freq=Y N.periodos=15
2026-09-12 15:38:16   2215/ 5507  28392           0.9 s  Freq=Y N.periodos=11
2026-09-12 15:38:17   2216/ 5507  28402           0.8 s  Freq=Y N.periodos=11
2026-09-12 15:38:18   2217/ 5507  34967           0.8 s  Freq=Y N.periodos=15
2026-09-12 15:38:18   2218/ 5507  28228           0.7 s  Freq=Y N.periodos=15
2026-09-12 15:38:19   2219/ 5507  28291           0.7 s  Freq=Y N.periodos=15
2026-09-12 15:38:20   2220/ 5507  28298           0.5 s  Freq=Y N.periodos=7
2026-09-12 15:38:20   2221/ 5507  28307           0.9 s  Freq=Y N.periodos=7
2026-09-12 15:38:21   2222/ 5507  28338           0.6 s  Freq=Y N.periodos=15
2026-09-12 15:38:22   2223/ 5507  28398           0.7 s  Freq=Y N.periodos=11
2026-09-12 15:38:22   2224/ 5507  28403           0.5 s  Freq=Y N.periodos=7
2026-09-12 15:38:23   2225/ 5507  34968           0.5 s  Freq=Y N.periodos=15
2026-09-12 15:38:23   2226/ 5507  34969           0.6 s  Freq=Y N.periodos=11
2026-09-12 15:38:25   2227/ 5507  49105           1.2 s  Freq=Y N.periodos=11
2026-09-12 15:38:25   2228/ 5507  28196           0.7 s  Freq=Y N.periodos=11
2026-09-12 15:38:26   2229/ 5507  28199           0.8 s  Freq=Y N.periodos=11
2026-09-12 15:38:27   2230/ 5507  28229           0.7 s  Freq=Y N.periodos=15
2026-09-12 15:38:28   2231/ 5507  28299           0.8 s  Freq=Y N.periodos=11
2026-09-12 15:38:28   2232/ 5507  28308           0.6 s  Freq=Y N.periodos=7
2026-09-12 15:38:29   2233/ 5507  28339           0.7 s  Freq=Y N.periodos=15
2026-09-12 15:38:30   2234/ 5507  28393           0.7 s  Freq=Y N.periodos=7
2026-09-12 15:38:31   2235/ 5507  28404           1.1 s  Freq=Y N.periodos=11
2026-09-12 15:38:32   2236/ 5507  34983           0.8 s  Freq=Y N.periodos=15
2026-09-12 15:38:32   2237/ 5507  59147           0.6 s  Freq=Y N.periodos=4
2026-09-12 15:38:33   2238/ 5507  28194           0.8 s  Freq=Y N.periodos=11
2026-09-12 15:38:34   2239/ 5507  28292           1.1 s  Freq=Y N.periodos=15
2026-09-12 15:38:35   2240/ 5507  28303           0.9 s  Freq=Y N.periodos=11
2026-09-12 15:38:36   2241/ 5507  28309           0.8 s  Freq=Y N.periodos=11
2026-09-12 15:38:37   2242/ 5507  28340           0.8 s  Freq=Y N.periodos=15
2026-09-12 15:38:37   2243/ 5507  28399           0.7 s  Freq=Y N.periodos=11
2026-09-12 15:38:38   2244/ 5507  28405           0.9 s  Freq=Y N.periodos=11
2026-09-12 15:38:39   2245/ 5507  59068           0.8 s  Freq=Y N.periodos=4
2026-09-12 15:38:40   2246/ 5507  28293           1.1 s  Freq=Y N.periodos=15
2026-09-12 15:38:41   2247/ 5507  28301           0.7 s  Freq=Y N.periodos=11
2026-09-12 15:38:42   2248/ 5507  28310           1.0 s  Freq=Y N.periodos=11
2026-09-12 15:38:43   2249/ 5507  28341           0.8 s  Freq=Y N.periodos=15
2026-09-12 15:38:43   2250/ 5507  28394           0.7 s  Freq=Y N.periodos=11
2026-09-12 15:38:44   2251/ 5507  34984           1.0 s  Freq=Y N.periodos=15
2026-09-12 15:38:45   2252/ 5507  59069           0.7 s  Freq=Y N.periodos=4
2026-09-12 15:38:46   2253/ 5507  28294           0.9 s  Freq=Y N.periodos=15
2026-09-12 15:38:47   2254/ 5507  28302           1.1 s  Freq=Y N.periodos=11
2026-09-12 15:38:48   2255/ 5507  28327           0.7 s  Freq=Y N.periodos=15
2026-09-12 15:38:48   2256/ 5507  28395           0.7 s  Freq=Y N.periodos=11
2026-09-12 15:38:49   2257/ 5507  59070           0.7 s  Freq=Y N.periodos=4
2026-09-12 15:38:50   2258/ 5507  28295           0.6 s  Freq=Y N.periodos=15
2026-09-12 15:38:51   2259/ 5507  28328           0.8 s  Freq=Y N.periodos=15
2026-09-12 15:38:51   2260/ 5507  28400           0.9 s  Freq=Y N.periodos=11
2026-09-12 15:38:52   2261/ 5507  34985           1.1 s  Freq=Y N.periodos=15
2026-09-12 15:38:54   2262/ 5507  59073           1.0 s  Freq=Y N.periodos=4
2026-09-12 15:38:54   2263/ 5507  28316           0.8 s  Freq=Y N.periodos=15
2026-09-12 15:38:55   2264/ 5507  28396           0.9 s  Freq=Y N.periodos=11
2026-09-12 15:38:56   2265/ 5507  36151           0.7 s  Freq=Y N.periodos=15
2026-09-12 15:38:57   2266/ 5507  49117           0.7 s  Freq=Y N.periodos=11
2026-09-12 15:38:57   2267/ 5507  28231           0.8 s  Freq=Y N.periodos=15
2026-09-12 15:38:59   2268/ 5507  28333           1.3 s  Freq=Y N.periodos=15
2026-09-12 15:39:00   2269/ 5507  28397           0.8 s  Freq=Y N.periodos=11
2026-09-12 15:39:01   2270/ 5507  49118           1.4 s  Freq=Y N.periodos=11
2026-09-12 15:39:02   2271/ 5507  28232           1.1 s  Freq=Y N.periodos=15
2026-09-12 15:39:03   2272/ 5507  28332           0.6 s  Freq=Y N.periodos=15
2026-09-12 15:39:03   2273/ 5507  76214           0.7 s  Freq=Y N.periodos=4
2026-09-12 15:39:05   2274/ 5507  76215           1.1 s  Freq=Y N.periodos=15
2026-09-12 15:39:06   2275/ 5507  76216           1.2 s  Freq=Y N.periodos=15
2026-09-12 15:39:07   2276/ 5507  28334           0.9 s  Freq=Y N.periodos=15
2026-09-12 15:39:07   2277/ 5507  34970           0.5 s  Freq=Y N.periodos=15
2026-09-12 15:39:08   2278/ 5507  76217           0.8 s  Freq=Y N.periodos=11
2026-09-12 15:39:09   2279/ 5507  28317           1.1 s  Freq=Y N.periodos=15
2026-09-12 15:39:10   2280/ 5507  34971           0.6 s  Freq=Y N.periodos=15
2026-09-12 15:39:10   2281/ 5507  76218           0.7 s  Freq=Y N.periodos=11
2026-09-12 15:39:11   2282/ 5507  28335           0.7 s  Freq=Y N.periodos=15
2026-09-12 15:39:12   2283/ 5507  34972           0.8 s  Freq=Y N.periodos=15
2026-09-12 15:39:13   2284/ 5507  76219           0.9 s  Freq=Y N.periodos=15
2026-09-12 15:39:13   2285/ 5507  34973           0.6 s  Freq=Y N.periodos=15
2026-09-12 15:39:14   2286/ 5507  34978           0.8 s  Freq=Y N.periodos=15
2026-09-12 15:39:15   2287/ 5507  76220           1.1 s  Freq=Y N.periodos=15
2026-09-12 15:39:16   2288/ 5507  34979           1.0 s  Freq=Y N.periodos=15
2026-09-12 15:39:17   2289/ 5507  28336           0.7 s  Freq=Y N.periodos=15
2026-09-12 15:39:18   2290/ 5507  34980           0.7 s  Freq=Y N.periodos=15
2026-09-12 15:39:19   2291/ 5507  34981           1.2 s  Freq=Y N.periodos=15
2026-09-12 15:39:21   2292/ 5507  71116           1.6 s  Freq=Y N.periodos=18
2026-09-12 15:39:24   2293/ 5507  79675           3.6 s  Freq=Y N.periodos=18
2026-09-12 15:39:36   2294/ 5507  71117          12.2 s  Freq=Y N.periodos=18
2026-09-12 15:39:49   2295/ 5507  71124          12.3 s  Freq=Y N.periodos=18
2026-09-12 15:39:50   2296/ 5507  79676           0.9 s  Freq=Y N.periodos=18
2026-09-12 15:39:52   2297/ 5507  71118           2.6 s  Freq=Y N.periodos=18
2026-09-12 15:40:05   2298/ 5507  79677          13.0 s  Freq=Y N.periodos=18
2026-09-12 15:40:06   2299/ 5507  71119           1.2 s  Freq=Y N.periodos=18
2026-09-12 15:40:08   2300/ 5507  71126           1.1 s  Freq=Y N.periodos=18
2026-09-12 15:40:23   2301/ 5507  79678          15.1 s  Freq=Y N.periodos=18
2026-09-12 15:40:38   2302/ 5507  71121          15.3 s  Freq=Y N.periodos=18
2026-09-12 15:40:53   2303/ 5507  71127          15.3 s  Freq=Y N.periodos=18
2026-09-12 15:41:05   2304/ 5507  71122          12.0 s  Freq=Y N.periodos=18
2026-09-12 15:41:18   2305/ 5507  71128          13.0 s  Freq=Y N.periodos=18
2026-09-12 15:41:19   2306/ 5507  71106           1.0 s  Freq=Y N.periodos=18
2026-09-12 15:41:20   2307/ 5507  13534           0.6 s  Freq=Y N.periodos=14
2026-09-12 15:41:21   2308/ 5507  13536           0.8 s  Freq=Y N.periodos=14
2026-09-12 15:41:22   2309/ 5507  13537           0.7 s  Freq=Y N.periodos=14
2026-09-12 15:41:22   2310/ 5507  13539           0.8 s  Freq=Y N.periodos=14
2026-09-12 15:41:23   2311/ 5507  13556           0.8 s  Freq=Y N.periodos=14
2026-09-12 15:41:25   2312/ 5507  13581           1.5 s  Freq=Y N.periodos=14
2026-09-12 15:41:25   2313/ 5507  13538           0.6 s  Freq=Y N.periodos=14
2026-09-12 15:41:26   2314/ 5507  13540           0.8 s  Freq=Y N.periodos=14
2026-09-12 15:41:27   2315/ 5507  13557           0.9 s  Freq=Y N.periodos=14
2026-09-12 15:41:27   2316/ 5507  13567           0.6 s  Freq=Y N.periodos=14
2026-09-12 15:41:28   2317/ 5507  13580           0.8 s  Freq=Y N.periodos=14
2026-09-12 15:41:29   2318/ 5507  13582           0.6 s  Freq=Y N.periodos=14
2026-09-12 15:41:30   2319/ 5507  13541           1.0 s  Freq=Y N.periodos=14
2026-09-12 15:41:31   2320/ 5507  13558           1.1 s  Freq=Y N.periodos=14
2026-09-12 15:41:32   2321/ 5507  13568           0.7 s  Freq=Y N.periodos=4
2026-09-12 15:41:32   2322/ 5507  13542           0.7 s  Freq=Y N.periodos=4
2026-09-12 15:41:34   2323/ 5507  13559           1.1 s  Freq=Y N.periodos=4
2026-09-12 15:41:35   2324/ 5507  13570           0.9 s  Freq=Y N.periodos=10
2026-09-12 15:41:35   2325/ 5507  13543           0.8 s  Freq=Y N.periodos=10
2026-09-12 15:41:36   2326/ 5507  13560           0.6 s  Freq=Y N.periodos=10
2026-09-12 15:41:37   2327/ 5507  13569           0.7 s  Freq=Y N.periodos=14
2026-09-12 15:41:37   2328/ 5507  13544           0.5 s  Freq=Y N.periodos=14
2026-09-12 15:41:38   2329/ 5507  13561           0.5 s  Freq=Y N.periodos=14
2026-09-12 15:41:38   2330/ 5507  13571           0.8 s  Freq=Y N.periodos=14
2026-09-12 15:41:39   2331/ 5507  13545           0.8 s  Freq=Y N.periodos=14
2026-09-12 15:41:40   2332/ 5507  13562           0.8 s  Freq=Y N.periodos=14
2026-09-12 15:41:41   2333/ 5507  13546           0.6 s  Freq=Y N.periodos=1
2026-09-12 15:41:41   2334/ 5507  13563           0.8 s  Freq=Y N.periodos=14
2026-09-12 15:41:42   2335/ 5507  13572           0.9 s  Freq=Y N.periodos=14
2026-09-12 15:41:43   2336/ 5507  13547           0.5 s  Freq=Y N.periodos=13
2026-09-12 15:41:44   2337/ 5507  13564           0.7 s  Freq=Y N.periodos=14
2026-09-12 15:41:44   2338/ 5507  13573           0.8 s  Freq=Y N.periodos=14
2026-09-12 15:41:45   2339/ 5507  13548           0.6 s  Freq=Y N.periodos=14
2026-09-12 15:41:45   2340/ 5507  13574           0.5 s  Freq=Y N.periodos=14
2026-09-12 15:41:46   2341/ 5507  13549           0.6 s  Freq=Y N.periodos=14
2026-09-12 15:41:47   2342/ 5507  13565           0.6 s  Freq=Y N.periodos=14
2026-09-12 15:41:47   2343/ 5507  13575           0.8 s  Freq=Y N.periodos=4
2026-09-12 15:41:48   2344/ 5507  13550           0.9 s  Freq=Y N.periodos=14
2026-09-12 15:41:49   2345/ 5507  13566           0.5 s  Freq=Y N.periodos=14
2026-09-12 15:41:49   2346/ 5507  13576           0.6 s  Freq=Y N.periodos=10
2026-09-12 15:41:50   2347/ 5507  13551           0.8 s  Freq=Y N.periodos=14
2026-09-12 15:41:51   2348/ 5507  13577           0.6 s  Freq=Y N.periodos=14
2026-09-12 15:41:51   2349/ 5507  13552           0.6 s  Freq=Y N.periodos=14
2026-09-12 15:41:52   2350/ 5507  13578           0.6 s  Freq=Y N.periodos=14
2026-09-12 15:41:53   2351/ 5507  13553           0.5 s  Freq=Y N.periodos=14
2026-09-12 15:41:53   2352/ 5507  13579           0.6 s  Freq=Y N.periodos=14
2026-09-12 15:41:54   2353/ 5507  13554           0.7 s  Freq=Y N.periodos=14
2026-09-12 15:41:55   2354/ 5507  13555           0.5 s  Freq=Y N.periodos=14
2026-09-12 15:41:55   2355/ 5507  67196           0.7 s  Freq=Q N.periodos=126
2026-09-12 15:41:56   2356/ 5507  67201           1.2 s  Freq=Q N.periodos=126
2026-09-12 15:41:57   2357/ 5507  67821           0.7 s  Freq=Q N.periodos=126
2026-09-12 15:41:59   2358/ 5507  67827           1.5 s  Freq=Q N.periodos=126
2026-09-12 15:42:00   2359/ 5507  67822           0.9 s  Freq=Q N.periodos=126
2026-09-12 15:42:00   2360/ 5507  67828           0.8 s  Freq=Q N.periodos=122
2026-09-12 15:42:01   2361/ 5507  67823           0.9 s  Freq=Q N.periodos=126
2026-09-12 15:42:03   2362/ 5507  67198           1.2 s  Freq=Q N.periodos=126
2026-09-12 15:42:04   2363/ 5507  67824           1.4 s  Freq=Q N.periodos=126
2026-09-12 15:42:05   2364/ 5507  67200           1.2 s  Freq=Q N.periodos=126
2026-09-12 15:42:06   2365/ 5507  67825           1.0 s  Freq=Q N.periodos=126
2026-09-12 15:42:07   2366/ 5507  2009            0.9 s  Freq=M N.periodos=331
2026-09-12 15:42:09   2367/ 5507  2941            1.7 s  Freq=M N.periodos=307
2026-09-12 15:42:11   2368/ 5507  3149            2.1 s  Freq=M N.periodos=307
2026-09-12 15:42:13   2369/ 5507  3152            1.9 s  Freq=M N.periodos=307
2026-09-12 15:42:13   2370/ 5507  36570           0.6 s  Freq=M N.periodos=91
2026-09-12 15:42:15   2371/ 5507  61766           1.4 s  Freq=M N.periodos=151
2026-09-12 15:42:16   2372/ 5507  75197           1.1 s  Freq=M N.periodos=19
2026-09-12 15:42:17   2373/ 5507  80326           1.8 s  Freq=M N.periodos=307
2026-09-12 15:42:20   2374/ 5507  2044            2.4 s  Freq=M N.periodos=307
2026-09-12 15:42:22   2375/ 5507  2074            2.1 s  Freq=M N.periodos=331
2026-09-12 15:42:23   2376/ 5507  2940            0.7 s  Freq=M N.periodos=307
2026-09-12 15:42:24   2377/ 5507  3150            1.0 s  Freq=M N.periodos=307
2026-09-12 15:42:25   2378/ 5507  3153            1.4 s  Freq=M N.periodos=307
2026-09-12 15:42:26   2379/ 5507  61767           0.9 s  Freq=M N.periodos=151
2026-09-12 15:42:28   2380/ 5507  67190           1.9 s  Freq=M N.periodos=331
2026-09-12 15:42:29   2381/ 5507  2024            0.9 s  Freq=M N.periodos=307
2026-09-12 15:42:30   2382/ 5507  3151            1.3 s  Freq=M N.periodos=307
2026-09-12 15:42:32   2383/ 5507  3154            1.6 s  Freq=M N.periodos=307
2026-09-12 15:42:33   2384/ 5507  49368           1.2 s  Freq=M N.periodos=77
2026-09-12 15:42:34   2385/ 5507  49371           0.6 s  Freq=M N.periodos=19
2026-09-12 15:42:34   2386/ 5507  61768           0.9 s  Freq=M N.periodos=151
2026-09-12 15:42:36   2387/ 5507  2025            1.6 s  Freq=M N.periodos=307
2026-09-12 15:42:38   2388/ 5507  2942            1.6 s  Freq=M N.periodos=307
2026-09-12 15:42:38   2389/ 5507  49369           0.9 s  Freq=M N.periodos=77
2026-09-12 15:42:40   2390/ 5507  2039            1.3 s  Freq=M N.periodos=329
2026-09-12 15:42:41   2391/ 5507  75198           0.9 s  Freq=M N.periodos=19
2026-09-12 15:42:42   2392/ 5507  2078            1.3 s  Freq=M N.periodos=257
2026-09-12 15:42:43   2393/ 5507  2038            1.1 s  Freq=M N.periodos=331
2026-09-12 15:42:46   2394/ 5507  2069            3.1 s  Freq=M N.periodos=329
2026-09-12 15:42:47   2395/ 5507  2014            0.8 s  Freq=M N.periodos=331
2026-09-12 15:42:48   2396/ 5507  2065            1.1 s  Freq=M N.periodos=331
2026-09-12 15:42:49   2397/ 5507  2040            0.6 s  Freq=M N.periodos=329
2026-09-12 15:42:50   2398/ 5507  2077            1.0 s  Freq=M N.periodos=257
2026-09-12 15:42:51   2399/ 5507  2011            1.5 s  Freq=M N.periodos=331
2026-09-12 15:42:52   2400/ 5507  2066            1.1 s  Freq=M N.periodos=331
2026-09-12 15:42:54   2401/ 5507  2013            1.1 s  Freq=M N.periodos=329
2026-09-12 15:42:55   2402/ 5507  2076            1.9 s  Freq=M N.periodos=257
2026-09-12 15:42:56   2403/ 5507  2010            0.6 s  Freq=M N.periodos=330
2026-09-12 15:42:57   2404/ 5507  2027            0.7 s  Freq=M N.periodos=330
2026-09-12 15:42:57   2405/ 5507  2012            0.7 s  Freq=M N.periodos=318
2026-09-12 15:42:58   2406/ 5507  7904            0.4 s  Freq=M N.periodos=131
2026-09-12 15:42:59   2407/ 5507  1993            1.1 s  Freq=M N.periodos=319
2026-09-12 15:43:01   2408/ 5507  2941            1.8 s  Freq=M N.periodos=307
2026-09-12 15:43:03   2409/ 5507  3149            2.3 s  Freq=M N.periodos=307
2026-09-12 15:43:05   2410/ 5507  3152            2.3 s  Freq=M N.periodos=307
2026-09-12 15:43:07   2411/ 5507  61766           1.4 s  Freq=M N.periodos=151
2026-09-12 15:43:08   2412/ 5507  67191           0.9 s  Freq=M N.periodos=319
2026-09-12 15:43:09   2413/ 5507  80326           1.7 s  Freq=M N.periodos=307
2026-09-12 15:43:11   2414/ 5507  2019            1.1 s  Freq=M N.periodos=257
2026-09-12 15:43:12   2415/ 5507  2044            1.6 s  Freq=M N.periodos=307
2026-09-12 15:43:14   2416/ 5507  2940            1.6 s  Freq=M N.periodos=307
2026-09-12 15:43:15   2417/ 5507  3150            1.3 s  Freq=M N.periodos=307
2026-09-12 15:43:16   2418/ 5507  3153            0.9 s  Freq=M N.periodos=307
2026-09-12 15:43:17   2419/ 5507  61767           0.8 s  Freq=M N.periodos=151
2026-09-12 15:43:17   2420/ 5507  75191           0.6 s  Freq=M N.periodos=19
2026-09-12 15:43:19   2421/ 5507  2024            1.6 s  Freq=M N.periodos=307
2026-09-12 15:43:21   2422/ 5507  3151            1.6 s  Freq=M N.periodos=307
2026-09-12 15:43:22   2423/ 5507  3154            1.3 s  Freq=M N.periodos=307
2026-09-12 15:43:22   2424/ 5507  49368           0.6 s  Freq=M N.periodos=77
2026-09-12 15:43:24   2425/ 5507  61768           1.7 s  Freq=M N.periodos=151
2026-09-12 15:43:25   2426/ 5507  2025            1.1 s  Freq=M N.periodos=307
2026-09-12 15:43:26   2427/ 5507  2082            1.1 s  Freq=M N.periodos=257
2026-09-12 15:43:27   2428/ 5507  2942            1.0 s  Freq=M N.periodos=307
2026-09-12 15:43:28   2429/ 5507  49369           1.0 s  Freq=M N.periodos=77
2026-09-12 15:43:29   2430/ 5507  75192           0.7 s  Freq=M N.periodos=19
2026-09-12 15:43:31   2431/ 5507  1996            1.7 s  Freq=M N.periodos=259
2026-09-12 15:43:32   2432/ 5507  2063            1.2 s  Freq=M N.periodos=259
2026-09-12 15:43:33   2433/ 5507  75193           1.1 s  Freq=M N.periodos=19
2026-09-12 15:43:34   2434/ 5507  1998            1.0 s  Freq=M N.periodos=259
2026-09-12 15:43:35   2435/ 5507  2043            0.8 s  Freq=M N.periodos=319
2026-09-12 15:43:36   2436/ 5507  2020            0.8 s  Freq=M N.periodos=257
2026-09-12 15:43:37   2437/ 5507  2081            1.0 s  Freq=M N.periodos=257
2026-09-12 15:43:38   2438/ 5507  2061            1.3 s  Freq=M N.periodos=259
2026-09-12 15:43:38   2439/ 5507  2045            0.5 s  Freq=M N.periodos=306
2026-09-12 15:43:39   2440/ 5507  2029            0.5 s  Freq=M N.periodos=306
2026-09-12 15:43:40   2441/ 5507  2030            1.0 s  Freq=M N.periodos=306
2026-09-12 15:43:41   2442/ 5507  2021            1.2 s  Freq=M N.periodos=319
2026-09-12 15:43:43   2443/ 5507  2022            1.6 s  Freq=M N.periodos=257
2026-09-12 15:43:45   2444/ 5507  2083            2.2 s  Freq=M N.periodos=257
2026-09-12 15:43:46   2445/ 5507  2072            1.2 s  Freq=M N.periodos=259
2026-09-12 15:43:47   2446/ 5507  7906            1.3 s  Freq=M N.periodos=150
2026-09-12 15:43:48   2447/ 5507  2015            1.0 s  Freq=M N.periodos=331
2026-09-12 15:43:50   2448/ 5507  2941            1.6 s  Freq=M N.periodos=307
2026-09-12 15:43:52   2449/ 5507  3149            1.8 s  Freq=M N.periodos=307
2026-09-12 15:43:54   2450/ 5507  3152            2.0 s  Freq=M N.periodos=307
2026-09-12 15:43:55   2451/ 5507  61766           1.4 s  Freq=M N.periodos=151
2026-09-12 15:43:56   2452/ 5507  75194           0.7 s  Freq=M N.periodos=19
2026-09-12 15:43:58   2453/ 5507  80326           1.8 s  Freq=M N.periodos=307
2026-09-12 15:43:59   2454/ 5507  2016            1.1 s  Freq=M N.periodos=331
2026-09-12 15:44:01   2455/ 5507  2044            2.1 s  Freq=M N.periodos=307
2026-09-12 15:44:02   2456/ 5507  2940            0.7 s  Freq=M N.periodos=307
2026-09-12 15:44:02   2457/ 5507  3150            0.8 s  Freq=M N.periodos=307
2026-09-12 15:44:04   2458/ 5507  3153            1.7 s  Freq=M N.periodos=307
2026-09-12 15:44:05   2459/ 5507  61767           0.8 s  Freq=M N.periodos=151
2026-09-12 15:44:06   2460/ 5507  67192           1.0 s  Freq=M N.periodos=331
2026-09-12 15:44:07   2461/ 5507  2024            0.9 s  Freq=M N.periodos=307
2026-09-12 15:44:08   2462/ 5507  3151            1.3 s  Freq=M N.periodos=307
2026-09-12 15:44:09   2463/ 5507  3154            1.0 s  Freq=M N.periodos=307
2026-09-12 15:44:10   2464/ 5507  49368           0.9 s  Freq=M N.periodos=77
2026-09-12 15:44:11   2465/ 5507  61768           1.0 s  Freq=M N.periodos=151
2026-09-12 15:44:12   2466/ 5507  75195           0.6 s  Freq=M N.periodos=19
2026-09-12 15:44:13   2467/ 5507  2025            1.1 s  Freq=M N.periodos=307
2026-09-12 15:44:14   2468/ 5507  2084            1.3 s  Freq=M N.periodos=257
2026-09-12 15:44:15   2469/ 5507  2942            1.3 s  Freq=M N.periodos=307
2026-09-12 15:44:16   2470/ 5507  49369           0.7 s  Freq=M N.periodos=77
2026-09-12 15:44:17   2471/ 5507  75196           0.9 s  Freq=M N.periodos=19
2026-09-12 15:44:18   2472/ 5507  2047            1.2 s  Freq=M N.periodos=257
2026-09-12 15:44:19   2473/ 5507  1997            1.2 s  Freq=M N.periodos=259
2026-09-12 15:44:20   2474/ 5507  2062            1.1 s  Freq=M N.periodos=259
2026-09-12 15:44:22   2475/ 5507  2041            1.3 s  Freq=M N.periodos=331
2026-09-12 15:44:23   2476/ 5507  2017            1.0 s  Freq=M N.periodos=331
2026-09-12 15:44:24   2477/ 5507  2048            0.9 s  Freq=M N.periodos=257
2026-09-12 15:44:24   2478/ 5507  2075            0.7 s  Freq=M N.periodos=257
2026-09-12 15:44:25   2479/ 5507  2068            0.8 s  Freq=M N.periodos=259
2026-09-12 15:44:26   2480/ 5507  2042            0.7 s  Freq=M N.periodos=331
2026-09-12 15:44:27   2481/ 5507  2049            1.4 s  Freq=M N.periodos=257
2026-09-12 15:44:29   2482/ 5507  1992            1.3 s  Freq=M N.periodos=331
2026-09-12 15:44:31   2483/ 5507  2064            2.3 s  Freq=M N.periodos=259
2026-09-12 15:44:33   2484/ 5507  2085            2.0 s  Freq=M N.periodos=257
2026-09-12 15:44:34   2485/ 5507  2026            1.0 s  Freq=M N.periodos=330
2026-09-12 15:44:35   2486/ 5507  2018            0.7 s  Freq=M N.periodos=330
2026-09-12 15:44:35   2487/ 5507  2028            0.5 s  Freq=M N.periodos=305
2026-09-12 15:44:36   2488/ 5507  7905            0.6 s  Freq=M N.periodos=150
2026-09-12 15:44:37   2489/ 5507  1995            1.4 s  Freq=M N.periodos=306
2026-09-12 15:44:39   2490/ 5507  2941            1.8 s  Freq=M N.periodos=307
2026-09-12 15:44:41   2491/ 5507  3149            2.1 s  Freq=M N.periodos=307
2026-09-12 15:44:43   2492/ 5507  3152            2.3 s  Freq=M N.periodos=307
2026-09-12 15:44:44   2493/ 5507  49379           0.7 s  Freq=M N.periodos=19
2026-09-12 15:44:45   2494/ 5507  61766           1.2 s  Freq=M N.periodos=151
2026-09-12 15:44:46   2495/ 5507  67193           1.0 s  Freq=M N.periodos=306
2026-09-12 15:44:49   2496/ 5507  80326           2.5 s  Freq=M N.periodos=307
2026-09-12 15:44:49   2497/ 5507  1999            1.0 s  Freq=M N.periodos=255
2026-09-12 15:44:51   2498/ 5507  2044            1.5 s  Freq=M N.periodos=307
2026-09-12 15:44:52   2499/ 5507  2940            1.1 s  Freq=M N.periodos=307
2026-09-12 15:44:53   2500/ 5507  3150            0.7 s  Freq=M N.periodos=307
2026-09-12 15:44:54   2501/ 5507  3153            0.6 s  Freq=M N.periodos=307
2026-09-12 15:44:54   2502/ 5507  49380           0.7 s  Freq=M N.periodos=19
2026-09-12 15:44:55   2503/ 5507  61767           0.7 s  Freq=M N.periodos=151
2026-09-12 15:44:56   2504/ 5507  2006            1.5 s  Freq=M N.periodos=258
2026-09-12 15:44:57   2505/ 5507  2024            0.7 s  Freq=M N.periodos=307
2026-09-12 15:44:58   2506/ 5507  3151            1.2 s  Freq=M N.periodos=307
2026-09-12 15:44:59   2507/ 5507  3154            1.0 s  Freq=M N.periodos=307
2026-09-12 15:45:00   2508/ 5507  49368           0.8 s  Freq=M N.periodos=77
2026-09-12 15:45:01   2509/ 5507  61768           0.9 s  Freq=M N.periodos=151
2026-09-12 15:45:02   2510/ 5507  2025            1.5 s  Freq=M N.periodos=307
2026-09-12 15:45:05   2511/ 5507  2942            2.5 s  Freq=M N.periodos=307
2026-09-12 15:45:07   2512/ 5507  49369           1.8 s  Freq=M N.periodos=77
2026-09-12 15:45:08   2513/ 5507  2073            1.2 s  Freq=M N.periodos=256
2026-09-12 15:45:09   2514/ 5507  2023            0.6 s  Freq=M N.periodos=306
2026-09-12 15:45:09   2515/ 5507  2000            0.8 s  Freq=M N.periodos=255
2026-09-12 15:45:10   2516/ 5507  2067            0.6 s  Freq=M N.periodos=258
2026-09-12 15:45:11   2517/ 5507  2031            0.6 s  Freq=M N.periodos=293
2026-09-12 15:45:12   2518/ 5507  1994            1.6 s  Freq=M N.periodos=293
2026-09-12 15:45:13   2519/ 5507  2032            0.8 s  Freq=M N.periodos=294
2026-09-12 15:45:15   2520/ 5507  2046            1.6 s  Freq=M N.periodos=306
2026-09-12 15:45:16   2521/ 5507  2005            1.7 s  Freq=M N.periodos=256
2026-09-12 15:45:17   2522/ 5507  2070            1.0 s  Freq=M N.periodos=258
2026-09-12 15:45:18   2523/ 5507  2004            1.0 s  Freq=M N.periodos=210
2026-09-12 15:45:19   2524/ 5507  7907            1.1 s  Freq=M N.periodos=150
2026-09-12 15:45:21   2525/ 5507  80330           2.0 s  Freq=Q N.periodos=109
2026-09-12 15:45:24   2526/ 5507  62265           2.2 s  Freq=Q N.periodos=109
2026-09-12 15:45:24   2527/ 5507  62269           0.6 s  Freq=Q N.periodos=109
2026-09-12 15:45:25   2528/ 5507  62270           0.8 s  Freq=Q N.periodos=109
2026-09-12 15:45:26   2529/ 5507  62272           1.2 s  Freq=Q N.periodos=109
2026-09-12 15:45:27   2530/ 5507  62274           0.6 s  Freq=Q N.periodos=109
2026-09-12 15:45:28   2531/ 5507  62276           0.7 s  Freq=Q N.periodos=109
2026-09-12 15:45:29   2532/ 5507  67203           1.7 s  Freq=Q N.periodos=109
2026-09-12 15:45:30   2533/ 5507  80331           1.0 s  Freq=Q N.periodos=109
2026-09-12 15:45:31   2534/ 5507  62266           1.3 s  Freq=Q N.periodos=109
2026-09-12 15:45:32   2535/ 5507  62271           0.6 s  Freq=Q N.periodos=109
2026-09-12 15:45:33   2536/ 5507  62273           0.7 s  Freq=Q N.periodos=109
2026-09-12 15:45:33   2537/ 5507  62275           0.6 s  Freq=Q N.periodos=109
2026-09-12 15:45:34   2538/ 5507  67204           0.9 s  Freq=Q N.periodos=109
2026-09-12 15:45:36   2539/ 5507  67280           1.3 s  Freq=Q N.periodos=109
2026-09-12 15:45:37   2540/ 5507  80332           1.1 s  Freq=Q N.periodos=109
2026-09-12 15:45:38   2541/ 5507  80333           1.3 s  Freq=Q N.periodos=109
2026-09-12 15:45:39   2542/ 5507  59977           1.0 s  Freq=M N.periodos=162
2026-09-12 15:45:39   2543/ 5507  79679           0.5 s  Freq=M N.periodos=162
2026-09-12 15:45:40   2544/ 5507  59978           0.6 s  Freq=Q N.periodos=54
2026-09-12 15:45:41   2545/ 5507  59979           1.2 s  Freq=Y N.periodos=6
2026-09-12 15:45:43   2546/ 5507  79680           1.8 s  Freq=Q N.periodos=54
2026-09-12 15:45:44   2547/ 5507  60558           1.0 s  Freq=M N.periodos=66
2026-09-12 15:45:45   2548/ 5507  60908           1.0 s  Freq=Y N.periodos=6
2026-09-12 15:45:46   2549/ 5507  67274           0.6 s  Freq=M N.periodos=66
2026-09-12 15:45:46   2550/ 5507  60731           0.6 s  Freq=M N.periodos=66
2026-09-12 15:45:47   2551/ 5507  67275           0.7 s  Freq=M N.periodos=66
2026-09-12 15:45:48   2552/ 5507  60732           0.6 s  Freq=M N.periodos=66
2026-09-12 15:45:49   2553/ 5507  67276           1.0 s  Freq=M N.periodos=66
2026-09-12 15:45:49   2554/ 5507  2036            0.7 s  Freq=M N.periodos=72
2026-09-12 15:45:50   2555/ 5507  2054            0.5 s  Freq=M N.periodos=84
2026-09-12 15:45:50   2556/ 5507  2055            0.6 s  Freq=M N.periodos=84
2026-09-12 15:45:51   2557/ 5507  2037            1.1 s  Freq=M N.periodos=72
2026-09-12 15:45:53   2558/ 5507  24886           1.6 s  Freq=Y N.periodos=1
2026-09-12 15:45:55   2559/ 5507  24889           1.7 s  Freq=Y N.periodos=1
2026-09-12 15:45:55   2560/ 5507  24891           0.6 s  Freq=Y N.periodos=1
2026-09-12 15:45:56   2561/ 5507  24892           0.8 s  Freq=Y N.periodos=1
2026-09-12 15:45:57   2562/ 5507  24893           0.6 s  Freq=Y N.periodos=1
2026-09-12 15:45:57   2563/ 5507  24895           0.5 s  Freq=Y N.periodos=1
2026-09-12 15:45:58   2564/ 5507  24896           0.6 s  Freq=Y N.periodos=1
2026-09-12 15:45:59   2565/ 5507  36194           0.7 s  Freq=Y N.periodos=7
2026-09-12 15:45:59   2566/ 5507  36197           0.7 s  Freq=Y N.periodos=7
2026-09-12 15:46:00   2567/ 5507  36199           0.6 s  Freq=Y N.periodos=7
2026-09-12 15:46:01   2568/ 5507  36200           0.8 s  Freq=Y N.periodos=7
2026-09-12 15:46:02   2569/ 5507  36201           1.2 s  Freq=Y N.periodos=7
2026-09-12 15:46:03   2570/ 5507  36203           0.8 s  Freq=Y N.periodos=7
2026-09-12 15:46:03   2571/ 5507  36204           0.6 s  Freq=Y N.periodos=7
2026-09-12 15:46:04   2572/ 5507  76817           0.9 s  Freq=Y N.periodos=7
2026-09-12 15:46:05   2573/ 5507  24887           1.1 s  Freq=Y N.periodos=1
2026-09-12 15:46:06   2574/ 5507  24890           1.0 s  Freq=Y N.periodos=1
2026-09-12 15:46:08   2575/ 5507  24894           1.3 s  Freq=Y N.periodos=1
2026-09-12 15:46:08   2576/ 5507  24897           0.9 s  Freq=Y N.periodos=1
2026-09-12 15:46:09   2577/ 5507  36195           0.7 s  Freq=Y N.periodos=7
2026-09-12 15:46:10   2578/ 5507  36198           1.2 s  Freq=Y N.periodos=7
2026-09-12 15:46:11   2579/ 5507  36202           0.6 s  Freq=Y N.periodos=7
2026-09-12 15:46:12   2580/ 5507  36205           0.7 s  Freq=Y N.periodos=7
2026-09-12 15:46:12   2581/ 5507  76818           0.8 s  Freq=Y N.periodos=7
2026-09-12 15:46:13   2582/ 5507  76819           0.7 s  Freq=Y N.periodos=7
2026-09-12 15:46:14   2583/ 5507  76820           0.7 s  Freq=Y N.periodos=7
2026-09-12 15:46:15   2584/ 5507  76821           0.9 s  Freq=Y N.periodos=7
2026-09-12 15:46:16   2585/ 5507  76822           0.7 s  Freq=Y N.periodos=7
2026-09-12 15:46:16   2586/ 5507  61782           0.7 s  Freq=M N.periodos=294
2026-09-12 15:46:17   2587/ 5507  61783           0.8 s  Freq=M N.periodos=294
2026-09-12 15:46:18   2588/ 5507  61784           0.9 s  Freq=M N.periodos=294
2026-09-12 15:46:25   2589/ 5507  61785           7.5 s  no se pudo leer el .px
2026-09-12 15:46:26   2590/ 5507  7709            0.9 s  Freq=Q N.periodos=49
2026-09-12 15:46:27   2591/ 5507  7711            0.6 s  Freq=Q N.periodos=49
2026-09-12 15:46:28   2592/ 5507  10739           0.8 s  Freq=Y N.periodos=12
2026-09-12 15:46:28   2593/ 5507  10740           0.6 s  Freq=Y N.periodos=12
2026-09-12 15:46:29   2594/ 5507  24468           0.7 s  Freq=Q N.periodos=49
2026-09-12 15:46:30   2595/ 5507  49281           0.6 s  Freq=Y N.periodos=12
2026-09-12 15:46:30   2596/ 5507  7712            0.6 s  Freq=Q N.periodos=49
2026-09-12 15:46:31   2597/ 5507  10743           0.6 s  Freq=Y N.periodos=12
2026-09-12 15:46:32   2598/ 5507  10744           0.9 s  Freq=Y N.periodos=12
2026-09-12 15:46:32   2599/ 5507  76197           0.7 s  Freq=Y N.periodos=12
2026-09-12 15:46:33   2600/ 5507  10741           1.0 s  Freq=Y N.periodos=12
2026-09-12 15:46:34   2601/ 5507  10745           0.7 s  Freq=Y N.periodos=12
2026-09-12 15:46:35   2602/ 5507  76198           0.8 s  Freq=Q N.periodos=49
2026-09-12 15:46:35   2603/ 5507  76199           0.7 s  Freq=Q N.periodos=49
2026-09-12 15:46:36   2604/ 5507  76200           0.6 s  Freq=Q N.periodos=49
2026-09-12 15:46:37   2605/ 5507  14506           1.2 s  Freq=Q N.periodos=98
2026-09-12 15:46:38   2606/ 5507  65061           0.6 s  Freq=Q N.periodos=98
2026-09-12 15:46:39   2607/ 5507  65080           0.9 s  Freq=Q N.periodos=98
2026-09-12 15:46:39   2608/ 5507  65109           0.7 s  Freq=Q N.periodos=98
2026-09-12 15:46:40   2609/ 5507  65218           0.9 s  Freq=Q N.periodos=98
2026-09-12 15:46:41   2610/ 5507  65253           0.7 s  Freq=Q N.periodos=98
2026-09-12 15:46:42   2611/ 5507  65269           0.6 s  Freq=Q N.periodos=98
2026-09-12 15:46:43   2612/ 5507  65285           1.0 s  Freq=Q N.periodos=98
2026-09-12 15:46:44   2613/ 5507  65293           1.4 s  Freq=Q N.periodos=98
2026-09-12 15:46:45   2614/ 5507  65302           1.2 s  Freq=Q N.periodos=98
2026-09-12 15:46:46   2615/ 5507  65331           0.9 s  Freq=Q N.periodos=74
2026-09-12 15:46:47   2616/ 5507  65341           1.0 s  Freq=Q N.periodos=98
2026-09-12 15:46:49   2617/ 5507  65345           1.7 s  Freq=Q N.periodos=98
2026-09-12 15:46:50   2618/ 5507  65351           1.3 s  Freq=Q N.periodos=98
2026-09-12 15:46:51   2619/ 5507  65354           0.7 s  Freq=Q N.periodos=74
2026-09-12 15:46:52   2620/ 5507  65356           0.8 s  Freq=Q N.periodos=98
2026-09-12 15:46:53   2621/ 5507  65529           0.8 s  Freq=Q N.periodos=50
2026-09-12 15:46:53   2622/ 5507  65542           0.5 s  Freq=S N.periodos=25
2026-09-12 15:46:54   2623/ 5507  65589           0.9 s  Freq=Q N.periodos=25
2026-09-12 15:46:55   2624/ 5507  65595           0.7 s  Freq=Q N.periodos=25
2026-09-12 15:46:55   2625/ 5507  65599           0.5 s  Freq=Y N.periodos=10
2026-09-12 15:46:56   2626/ 5507  65623           1.2 s  Freq=Y N.periodos=10
2026-09-12 15:46:57   2627/ 5507  65673           1.1 s  Freq=Y N.periodos=10
2026-09-12 15:46:58   2628/ 5507  65747           0.6 s  Freq=Y N.periodos=20
2026-09-12 15:46:59   2629/ 5507  65775           0.6 s  Freq=Y N.periodos=20
2026-09-12 15:46:59   2630/ 5507  65893           0.6 s  Freq=Y N.periodos=5
2026-09-12 15:47:00   2631/ 5507  65905           0.9 s  Freq=Y N.periodos=5
2026-09-12 15:47:01   2632/ 5507  65907           0.7 s  Freq=Y N.periodos=3
2026-09-12 15:47:02   2633/ 5507  65919           0.9 s  Freq=Y N.periodos=3
2026-09-12 15:47:02   2634/ 5507  65925           0.6 s  Freq=Y N.periodos=15
2026-09-12 15:47:03   2635/ 5507  65937           0.7 s  Freq=Y N.periodos=15
2026-09-12 15:47:04   2636/ 5507  65943           1.0 s  Freq=Y N.periodos=20
2026-09-12 15:47:05   2637/ 5507  65949           0.7 s  Freq=Y N.periodos=20
2026-09-12 15:47:05   2638/ 5507  65962           0.7 s  Freq=Y N.periodos=20
2026-09-12 15:47:06   2639/ 5507  65994           1.0 s  Freq=Y N.periodos=20
2026-09-12 15:47:08   2640/ 5507  66009           1.5 s  Freq=Y N.periodos=20
2026-09-12 15:47:09   2641/ 5507  66014           0.9 s  Freq=Y N.periodos=20
2026-09-12 15:47:10   2642/ 5507  66066           0.8 s  Freq=Y N.periodos=5
2026-09-12 15:47:11   2643/ 5507  66075           1.0 s  Freq=Y N.periodos=5
2026-09-12 15:47:11   2644/ 5507  66077           0.8 s  Freq=Y N.periodos=3
2026-09-12 15:47:12   2645/ 5507  66088           0.6 s  Freq=Y N.periodos=3
2026-09-12 15:47:13   2646/ 5507  66104           0.9 s  Freq=Y N.periodos=8
2026-09-12 15:47:14   2647/ 5507  66117           1.0 s  Freq=Y N.periodos=20
2026-09-12 15:47:15   2648/ 5507  66153           0.8 s  Freq=Y N.periodos=20
2026-09-12 15:47:16   2649/ 5507  66199           1.3 s  Freq=Y N.periodos=19
2026-09-12 15:47:17   2650/ 5507  66230           0.8 s  Freq=Y N.periodos=3
2026-09-12 15:47:18   2651/ 5507  66231           0.8 s  Freq=Y N.periodos=5
2026-09-12 15:47:18   2652/ 5507  66233           1.0 s  Freq=Y N.periodos=8
2026-09-12 15:47:20   2653/ 5507  66235           1.4 s  Freq=Y N.periodos=10
2026-09-12 15:47:21   2654/ 5507  66237           0.8 s  Freq=Y N.periodos=19
2026-09-12 15:47:21   2655/ 5507  66253           0.8 s  Freq=Y N.periodos=3
2026-09-12 15:47:22   2656/ 5507  66254           0.6 s  Freq=Y N.periodos=5
2026-09-12 15:47:23   2657/ 5507  66255           0.8 s  Freq=Y N.periodos=8
2026-09-12 15:47:24   2658/ 5507  66256           0.9 s  Freq=Y N.periodos=10
2026-09-12 15:47:25   2659/ 5507  67550           1.5 s  Freq=Y N.periodos=5
2026-09-12 15:47:27   2660/ 5507  67571           1.8 s  Freq=Y N.periodos=5
2026-09-12 15:47:28   2661/ 5507  67574           0.7 s  Freq=Q N.periodos=22
2026-09-12 15:47:29   2662/ 5507  79484           0.9 s  Freq=Y N.periodos=18
2026-09-12 15:47:29   2663/ 5507  14508           0.9 s  Freq=Q N.periodos=98
2026-09-12 15:47:30   2664/ 5507  65062           0.8 s  Freq=Q N.periodos=98
2026-09-12 15:47:31   2665/ 5507  65081           0.9 s  Freq=Q N.periodos=98
2026-09-12 15:47:34   2666/ 5507  65110           2.7 s  Freq=Q N.periodos=98
2026-09-12 15:47:35   2667/ 5507  65219           0.8 s  Freq=Q N.periodos=98
2026-09-12 15:47:36   2668/ 5507  65254           0.8 s  Freq=Q N.periodos=98
2026-09-12 15:47:37   2669/ 5507  65270           1.1 s  Freq=Q N.periodos=98
2026-09-12 15:47:38   2670/ 5507  65286           0.9 s  Freq=Q N.periodos=98
2026-09-12 15:47:38   2671/ 5507  65294           0.9 s  Freq=Q N.periodos=98
2026-09-12 15:47:39   2672/ 5507  65303           1.1 s  Freq=Q N.periodos=98
2026-09-12 15:47:40   2673/ 5507  65342           0.9 s  Freq=Q N.periodos=98
2026-09-12 15:47:42   2674/ 5507  65346           1.3 s  Freq=Q N.periodos=98
2026-09-12 15:47:43   2675/ 5507  65352           0.9 s  Freq=Q N.periodos=74
2026-09-12 15:47:43   2676/ 5507  65543           0.8 s  Freq=S N.periodos=25
2026-09-12 15:47:44   2677/ 5507  65590           0.8 s  Freq=Q N.periodos=25
2026-09-12 15:47:45   2678/ 5507  65596           0.9 s  Freq=Q N.periodos=25
2026-09-12 15:47:46   2679/ 5507  65600           0.6 s  Freq=Y N.periodos=10
2026-09-12 15:47:46   2680/ 5507  65624           0.8 s  Freq=Y N.periodos=10
2026-09-12 15:47:47   2681/ 5507  65674           1.1 s  Freq=Y N.periodos=10
2026-09-12 15:47:48   2682/ 5507  65711           0.6 s  Freq=Y N.periodos=10
2026-09-12 15:47:49   2683/ 5507  65748           0.7 s  Freq=Y N.periodos=20
2026-09-12 15:47:49   2684/ 5507  65776           0.8 s  Freq=Y N.periodos=20
2026-09-12 15:47:50   2685/ 5507  65894           0.6 s  Freq=Y N.periodos=5
2026-09-12 15:47:51   2686/ 5507  65906           0.9 s  Freq=Y N.periodos=5
2026-09-12 15:47:52   2687/ 5507  65908           1.2 s  Freq=Y N.periodos=3
2026-09-12 15:47:53   2688/ 5507  65920           0.6 s  Freq=Y N.periodos=3
2026-09-12 15:47:53   2689/ 5507  65926           0.6 s  Freq=Y N.periodos=15
2026-09-12 15:47:54   2690/ 5507  65938           0.7 s  Freq=Y N.periodos=15
2026-09-12 15:47:55   2691/ 5507  65944           0.5 s  Freq=Y N.periodos=20
2026-09-12 15:47:55   2692/ 5507  65950           0.5 s  Freq=Y N.periodos=20
2026-09-12 15:47:56   2693/ 5507  65963           0.5 s  Freq=Y N.periodos=20
2026-09-12 15:47:57   2694/ 5507  65995           0.8 s  Freq=Y N.periodos=20
2026-09-12 15:47:57   2695/ 5507  66010           0.5 s  Freq=Y N.periodos=20
2026-09-12 15:47:58   2696/ 5507  66015           0.7 s  Freq=Y N.periodos=20
2026-09-12 15:47:59   2697/ 5507  66067           0.9 s  Freq=Y N.periodos=5
2026-09-12 15:47:59   2698/ 5507  66076           0.7 s  Freq=Y N.periodos=5
2026-09-12 15:48:01   2699/ 5507  66078           1.6 s  Freq=Y N.periodos=3
2026-09-12 15:48:02   2700/ 5507  66089           0.8 s  Freq=Y N.periodos=3
2026-09-12 15:48:03   2701/ 5507  66096           0.9 s  Freq=Y N.periodos=8
2026-09-12 15:48:03   2702/ 5507  66105           0.6 s  Freq=Y N.periodos=8
2026-09-12 15:48:04   2703/ 5507  66112           0.8 s  Freq=Y N.periodos=12
2026-09-12 15:48:05   2704/ 5507  66118           0.7 s  Freq=Y N.periodos=20
2026-09-12 15:48:06   2705/ 5507  66154           0.8 s  Freq=Y N.periodos=20
2026-09-12 15:48:07   2706/ 5507  66200           1.0 s  Freq=Y N.periodos=19
2026-09-12 15:48:08   2707/ 5507  66229           1.1 s  Freq=Y N.periodos=3
2026-09-12 15:48:09   2708/ 5507  66232           0.6 s  Freq=Y N.periodos=5
2026-09-12 15:48:09   2709/ 5507  66234           0.7 s  Freq=Y N.periodos=8
2026-09-12 15:48:10   2710/ 5507  66236           0.6 s  Freq=Y N.periodos=10
2026-09-12 15:48:11   2711/ 5507  66238           0.9 s  Freq=Y N.periodos=19
2026-09-12 15:48:11   2712/ 5507  67548           0.8 s  Freq=Y N.periodos=5
2026-09-12 15:48:13   2713/ 5507  67549           1.2 s  Freq=Q N.periodos=22
2026-09-12 15:48:13   2714/ 5507  67564           0.5 s  Freq=Y N.periodos=5
2026-09-12 15:48:14   2715/ 5507  67572           0.6 s  Freq=Y N.periodos=5
2026-09-12 15:48:14   2716/ 5507  67575           0.5 s  Freq=Q N.periodos=22
2026-09-12 15:48:15   2717/ 5507  72977           0.6 s  Freq=Y N.periodos=20
2026-09-12 15:48:16   2718/ 5507  74999           0.8 s  Freq=Y N.periodos=20
2026-09-12 15:48:16   2719/ 5507  79333           0.6 s  Freq=Q N.periodos=2
2026-09-12 15:48:17   2720/ 5507  79336           0.6 s  Freq=Q N.periodos=2
2026-09-12 15:48:18   2721/ 5507  79616           0.8 s  Freq=Q N.periodos=2
2026-09-12 15:48:19   2722/ 5507  14509           1.1 s  Freq=Q N.periodos=98
2026-09-12 15:48:20   2723/ 5507  65063           0.8 s  Freq=Q N.periodos=98
2026-09-12 15:48:20   2724/ 5507  65082           0.9 s  Freq=Q N.periodos=98
2026-09-12 15:48:21   2725/ 5507  65111           0.8 s  Freq=Q N.periodos=98
2026-09-12 15:48:22   2726/ 5507  65220           0.6 s  Freq=Q N.periodos=98
2026-09-12 15:48:23   2727/ 5507  65255           1.0 s  Freq=Q N.periodos=98
2026-09-12 15:48:24   2728/ 5507  65271           1.1 s  Freq=Q N.periodos=98
2026-09-12 15:48:26   2729/ 5507  65287           1.6 s  Freq=Q N.periodos=98
2026-09-12 15:48:27   2730/ 5507  65295           1.1 s  Freq=Q N.periodos=98
2026-09-12 15:48:28   2731/ 5507  65304           1.6 s  Freq=Q N.periodos=74
2026-09-12 15:48:29   2732/ 5507  65332           1.0 s  Freq=Q N.periodos=98
2026-09-12 15:48:30   2733/ 5507  65343           0.9 s  Freq=Q N.periodos=98
2026-09-12 15:48:31   2734/ 5507  65347           1.1 s  Freq=Q N.periodos=98
2026-09-12 15:48:33   2735/ 5507  65355           1.8 s  Freq=Q N.periodos=74
2026-09-12 15:48:34   2736/ 5507  65530           0.7 s  Freq=Q N.periodos=50
2026-09-12 15:48:35   2737/ 5507  65544           1.0 s  Freq=S N.periodos=25
2026-09-12 15:48:35   2738/ 5507  65591           0.8 s  Freq=Q N.periodos=25
2026-09-12 15:48:36   2739/ 5507  65597           0.6 s  Freq=Q N.periodos=25
2026-09-12 15:48:37   2740/ 5507  65601           0.6 s  Freq=Y N.periodos=10
2026-09-12 15:48:37   2741/ 5507  65625           0.6 s  Freq=Y N.periodos=10
2026-09-12 15:48:38   2742/ 5507  65675           0.6 s  Freq=Y N.periodos=10
2026-09-12 15:48:39   2743/ 5507  65712           0.8 s  Freq=Y N.periodos=10
2026-09-12 15:48:39   2744/ 5507  65749           0.7 s  Freq=Y N.periodos=20
2026-09-12 15:48:40   2745/ 5507  65777           0.6 s  Freq=Y N.periodos=20
2026-09-12 15:48:40   2746/ 5507  65895           0.6 s  Freq=Y N.periodos=5
2026-09-12 15:48:41   2747/ 5507  65909           0.9 s  Freq=Y N.periodos=3
2026-09-12 15:48:42   2748/ 5507  65921           0.7 s  Freq=Y N.periodos=3
2026-09-12 15:48:43   2749/ 5507  65927           0.8 s  Freq=Y N.periodos=15
2026-09-12 15:48:44   2750/ 5507  65939           1.5 s  Freq=Y N.periodos=15
2026-09-12 15:48:45   2751/ 5507  65945           0.7 s  Freq=Y N.periodos=20
2026-09-12 15:48:46   2752/ 5507  65951           0.6 s  Freq=Y N.periodos=20
2026-09-12 15:48:46   2753/ 5507  65964           0.6 s  Freq=Y N.periodos=12
2026-09-12 15:48:47   2754/ 5507  65996           0.8 s  Freq=Y N.periodos=20
2026-09-12 15:48:48   2755/ 5507  66011           0.8 s  Freq=Y N.periodos=20
2026-09-12 15:48:49   2756/ 5507  66016           0.6 s  Freq=Y N.periodos=20
2026-09-12 15:48:49   2757/ 5507  66068           0.6 s  Freq=Y N.periodos=5
2026-09-12 15:48:50   2758/ 5507  66079           0.6 s  Freq=Y N.periodos=3
2026-09-12 15:48:50   2759/ 5507  66090           0.6 s  Freq=Y N.periodos=3
2026-09-12 15:48:51   2760/ 5507  66097           1.0 s  Freq=Y N.periodos=8
2026-09-12 15:48:52   2761/ 5507  66106           0.6 s  Freq=Y N.periodos=8
2026-09-12 15:48:53   2762/ 5507  66113           0.7 s  Freq=Y N.periodos=12
2026-09-12 15:48:53   2763/ 5507  66119           0.5 s  Freq=Y N.periodos=20
2026-09-12 15:48:54   2764/ 5507  66155           0.6 s  Freq=Y N.periodos=20
2026-09-12 15:48:54   2765/ 5507  66201           0.6 s  Freq=Y N.periodos=19
2026-09-12 15:48:55   2766/ 5507  66239           0.6 s  Freq=Y N.periodos=19
2026-09-12 15:48:55   2767/ 5507  67554           0.6 s  Freq=Y N.periodos=5
2026-09-12 15:48:56   2768/ 5507  67561           0.6 s  Freq=Q N.periodos=22
2026-09-12 15:48:57   2769/ 5507  67563           0.8 s  Freq=Y N.periodos=5
2026-09-12 15:48:58   2770/ 5507  67576           0.8 s  Freq=Q N.periodos=22
2026-09-12 15:48:58   2771/ 5507  72978           0.4 s  Freq=Y N.periodos=20
2026-09-12 15:48:59   2772/ 5507  79334           0.7 s  Freq=Q N.periodos=2
2026-09-12 15:48:59   2773/ 5507  65064           0.7 s  Freq=Q N.periodos=98
2026-09-12 15:49:01   2774/ 5507  65083           1.3 s  Freq=Q N.periodos=98
2026-09-12 15:49:02   2775/ 5507  65112           0.9 s  Freq=Q N.periodos=98
2026-09-12 15:49:03   2776/ 5507  65221           1.1 s  Freq=Q N.periodos=98
2026-09-12 15:49:03   2777/ 5507  65256           0.8 s  Freq=Q N.periodos=98
2026-09-12 15:49:04   2778/ 5507  65272           0.7 s  Freq=Q N.periodos=98
2026-09-12 15:49:05   2779/ 5507  65288           0.8 s  Freq=Q N.periodos=50
2026-09-12 15:49:06   2780/ 5507  65296           0.7 s  Freq=Q N.periodos=98
2026-09-12 15:49:07   2781/ 5507  65333           1.0 s  Freq=Q N.periodos=98
2026-09-12 15:49:07   2782/ 5507  65344           0.8 s  Freq=Q N.periodos=98
2026-09-12 15:49:08   2783/ 5507  65353           0.8 s  Freq=Q N.periodos=74
2026-09-12 15:49:09   2784/ 5507  65531           1.1 s  Freq=Q N.periodos=50
2026-09-12 15:49:10   2785/ 5507  65545           0.6 s  Freq=S N.periodos=25
2026-09-12 15:49:11   2786/ 5507  65592           1.0 s  Freq=Q N.periodos=25
2026-09-12 15:49:12   2787/ 5507  65598           0.7 s  Freq=Q N.periodos=25
2026-09-12 15:49:12   2788/ 5507  65602           0.5 s  Freq=Y N.periodos=10
2026-09-12 15:49:13   2789/ 5507  65626           0.8 s  Freq=Y N.periodos=10
2026-09-12 15:49:14   2790/ 5507  65676           0.9 s  Freq=Y N.periodos=10
2026-09-12 15:49:14   2791/ 5507  65713           0.7 s  Freq=Y N.periodos=10
2026-09-12 15:49:15   2792/ 5507  65750           0.6 s  Freq=Y N.periodos=20
2026-09-12 15:49:16   2793/ 5507  65778           0.7 s  Freq=Y N.periodos=20
2026-09-12 15:49:16   2794/ 5507  65896           0.6 s  Freq=Y N.periodos=5
2026-09-12 15:49:17   2795/ 5507  65910           0.5 s  Freq=Y N.periodos=3
2026-09-12 15:49:18   2796/ 5507  65922           0.6 s  Freq=Y N.periodos=3
2026-09-12 15:49:18   2797/ 5507  65928           0.6 s  Freq=Y N.periodos=15
2026-09-12 15:49:19   2798/ 5507  65940           0.6 s  Freq=Y N.periodos=15
2026-09-12 15:49:19   2799/ 5507  65946           0.7 s  Freq=Y N.periodos=20
2026-09-12 15:49:20   2800/ 5507  65952           0.9 s  Freq=Y N.periodos=20
2026-09-12 15:49:21   2801/ 5507  65965           0.7 s  Freq=Y N.periodos=20
2026-09-12 15:49:22   2802/ 5507  65997           0.5 s  Freq=Y N.periodos=20
2026-09-12 15:49:22   2803/ 5507  66012           0.5 s  Freq=Y N.periodos=12
2026-09-12 15:49:23   2804/ 5507  66017           1.0 s  Freq=Y N.periodos=12
2026-09-12 15:49:24   2805/ 5507  66069           0.5 s  Freq=Y N.periodos=5
2026-09-12 15:49:24   2806/ 5507  66080           0.5 s  Freq=Y N.periodos=3
2026-09-12 15:49:25   2807/ 5507  66091           0.8 s  Freq=Y N.periodos=3
2026-09-12 15:49:26   2808/ 5507  66098           0.7 s  Freq=Y N.periodos=8
2026-09-12 15:49:26   2809/ 5507  66107           0.6 s  Freq=Y N.periodos=8
2026-09-12 15:49:27   2810/ 5507  66114           0.5 s  Freq=Y N.periodos=12
2026-09-12 15:49:27   2811/ 5507  66120           0.6 s  Freq=Y N.periodos=20
2026-09-12 15:49:28   2812/ 5507  66156           0.7 s  Freq=Y N.periodos=20
2026-09-12 15:49:29   2813/ 5507  66202           0.6 s  Freq=Y N.periodos=19
2026-09-12 15:49:29   2814/ 5507  66240           0.5 s  Freq=Y N.periodos=19
2026-09-12 15:49:30   2815/ 5507  67556           0.5 s  Freq=Y N.periodos=5
2026-09-12 15:49:30   2816/ 5507  67562           0.6 s  Freq=Q N.periodos=22
2026-09-12 15:49:31   2817/ 5507  67565           0.5 s  Freq=Y N.periodos=5
2026-09-12 15:49:31   2818/ 5507  67577           0.5 s  Freq=Q N.periodos=22
2026-09-12 15:49:32   2819/ 5507  79325           0.6 s  Freq=Q N.periodos=2
2026-09-12 15:49:33   2820/ 5507  79337           0.9 s  Freq=Q N.periodos=2
2026-09-12 15:49:34   2821/ 5507  65065           1.0 s  Freq=Q N.periodos=98
2026-09-12 15:49:34   2822/ 5507  65084           0.8 s  Freq=Q N.periodos=98
2026-09-12 15:49:35   2823/ 5507  65113           0.8 s  Freq=Q N.periodos=98
2026-09-12 15:49:36   2824/ 5507  65222           0.7 s  Freq=Q N.periodos=98
2026-09-12 15:49:37   2825/ 5507  65257           1.1 s  Freq=Q N.periodos=98
2026-09-12 15:49:38   2826/ 5507  65273           0.6 s  Freq=Q N.periodos=98
2026-09-12 15:49:38   2827/ 5507  65289           0.6 s  Freq=Q N.periodos=50
2026-09-12 15:49:39   2828/ 5507  65297           0.7 s  Freq=Q N.periodos=50
2026-09-12 15:49:40   2829/ 5507  65305           1.6 s  Freq=Q N.periodos=98
2026-09-12 15:49:41   2830/ 5507  65334           0.9 s  Freq=Q N.periodos=98
2026-09-12 15:49:42   2831/ 5507  65349           1.1 s  Freq=Q N.periodos=98
2026-09-12 15:49:43   2832/ 5507  65546           0.6 s  Freq=S N.periodos=25
2026-09-12 15:49:44   2833/ 5507  65593           0.5 s  Freq=Q N.periodos=25
2026-09-12 15:49:45   2834/ 5507  65603           1.0 s  Freq=Y N.periodos=10
2026-09-12 15:49:45   2835/ 5507  65627           0.8 s  Freq=Y N.periodos=10
2026-09-12 15:49:46   2836/ 5507  65677           0.9 s  Freq=Y N.periodos=10
2026-09-12 15:49:47   2837/ 5507  65714           0.8 s  Freq=Y N.periodos=10
2026-09-12 15:49:48   2838/ 5507  65751           0.7 s  Freq=Y N.periodos=20
2026-09-12 15:49:49   2839/ 5507  65779           0.8 s  Freq=Y N.periodos=20
2026-09-12 15:49:49   2840/ 5507  65881           0.7 s  Freq=Y N.periodos=18
2026-09-12 15:49:50   2841/ 5507  65897           0.7 s  Freq=Y N.periodos=5
2026-09-12 15:49:51   2842/ 5507  65911           0.5 s  Freq=Y N.periodos=3
2026-09-12 15:49:51   2843/ 5507  65923           0.5 s  Freq=Y N.periodos=3
2026-09-12 15:49:52   2844/ 5507  65929           0.6 s  Freq=Y N.periodos=15
2026-09-12 15:49:53   2845/ 5507  65947           0.8 s  Freq=Y N.periodos=12
2026-09-12 15:49:53   2846/ 5507  65953           0.7 s  Freq=Y N.periodos=20
2026-09-12 15:49:54   2847/ 5507  65966           0.6 s  Freq=Y N.periodos=20
2026-09-12 15:49:54   2848/ 5507  65998           0.6 s  Freq=Y N.periodos=20
2026-09-12 15:49:55   2849/ 5507  66013           0.8 s  Freq=Y N.periodos=20
2026-09-12 15:49:56   2850/ 5507  66018           0.5 s  Freq=Y N.periodos=12
2026-09-12 15:49:57   2851/ 5507  66070           0.7 s  Freq=Y N.periodos=5
2026-09-12 15:49:57   2852/ 5507  66081           0.5 s  Freq=Y N.periodos=3
2026-09-12 15:49:58   2853/ 5507  66092           0.5 s  Freq=Y N.periodos=3
2026-09-12 15:49:58   2854/ 5507  66099           0.8 s  Freq=Y N.periodos=8
2026-09-12 15:49:59   2855/ 5507  66108           0.7 s  Freq=Y N.periodos=8
2026-09-12 15:50:00   2856/ 5507  66115           0.7 s  Freq=Y N.periodos=12
2026-09-12 15:50:01   2857/ 5507  66121           1.1 s  Freq=Y N.periodos=20
2026-09-12 15:50:02   2858/ 5507  66157           0.9 s  Freq=Y N.periodos=20
2026-09-12 15:50:03   2859/ 5507  66203           0.7 s  Freq=Y N.periodos=19
2026-09-12 15:50:03   2860/ 5507  66241           0.7 s  Freq=Y N.periodos=19
2026-09-12 15:50:04   2861/ 5507  67555           0.7 s  Freq=Y N.periodos=5
2026-09-12 15:50:05   2862/ 5507  67566           0.8 s  Freq=Y N.periodos=5
2026-09-12 15:50:05   2863/ 5507  67578           0.6 s  Freq=Q N.periodos=22
2026-09-12 15:50:06   2864/ 5507  79335           0.5 s  Freq=Q N.periodos=2
2026-09-12 15:50:07   2865/ 5507  65066           0.8 s  Freq=Q N.periodos=98
2026-09-12 15:50:08   2866/ 5507  65085           1.0 s  Freq=Q N.periodos=98
2026-09-12 15:50:08   2867/ 5507  65114           0.9 s  Freq=Q N.periodos=50
2026-09-12 15:50:09   2868/ 5507  65223           0.7 s  Freq=Q N.periodos=98
2026-09-12 15:50:11   2869/ 5507  65258           1.7 s  Freq=Q N.periodos=86
2026-09-12 15:50:12   2870/ 5507  65274           0.8 s  Freq=Q N.periodos=98
2026-09-12 15:50:13   2871/ 5507  65290           1.2 s  Freq=Q N.periodos=98
2026-09-12 15:50:14   2872/ 5507  65298           0.9 s  Freq=Q N.periodos=50
2026-09-12 15:50:14   2873/ 5507  65306           0.7 s  Freq=Q N.periodos=98
2026-09-12 15:50:15   2874/ 5507  65335           0.7 s  Freq=Q N.periodos=98
2026-09-12 15:50:16   2875/ 5507  65533           1.1 s  Freq=Q N.periodos=50
2026-09-12 15:50:17   2876/ 5507  65547           0.8 s  Freq=S N.periodos=25
2026-09-12 15:50:18   2877/ 5507  65594           0.7 s  Freq=Q N.periodos=25
2026-09-12 15:50:18   2878/ 5507  65604           0.7 s  Freq=Y N.periodos=10
2026-09-12 15:50:19   2879/ 5507  65628           0.6 s  Freq=Y N.periodos=10
2026-09-12 15:50:19   2880/ 5507  65678           0.6 s  Freq=Y N.periodos=10
2026-09-12 15:50:20   2881/ 5507  65715           0.8 s  Freq=Y N.periodos=10
2026-09-12 15:50:21   2882/ 5507  65752           0.7 s  Freq=Y N.periodos=20
2026-09-12 15:50:22   2883/ 5507  65780           0.6 s  Freq=Y N.periodos=20
2026-09-12 15:50:22   2884/ 5507  65811           0.8 s  Freq=Y N.periodos=15
2026-09-12 15:50:23   2885/ 5507  65882           0.8 s  Freq=Y N.periodos=18
2026-09-12 15:50:24   2886/ 5507  65898           0.6 s  Freq=Y N.periodos=5
2026-09-12 15:50:25   2887/ 5507  65912           0.8 s  Freq=Y N.periodos=3
2026-09-12 15:50:25   2888/ 5507  65924           0.7 s  Freq=Y N.periodos=3
2026-09-12 15:50:26   2889/ 5507  65930           0.5 s  Freq=Y N.periodos=15
2026-09-12 15:50:27   2890/ 5507  65948           0.8 s  Freq=Y N.periodos=20
2026-09-12 15:50:27   2891/ 5507  65954           0.8 s  Freq=Y N.periodos=20
2026-09-12 15:50:28   2892/ 5507  65967           0.9 s  Freq=Y N.periodos=15
2026-09-12 15:50:29   2893/ 5507  65999           0.9 s  Freq=Y N.periodos=20
2026-09-12 15:50:30   2894/ 5507  66019           0.7 s  Freq=Y N.periodos=20
2026-09-12 15:50:31   2895/ 5507  66071           0.8 s  Freq=Y N.periodos=5
2026-09-12 15:50:32   2896/ 5507  66082           0.8 s  Freq=Y N.periodos=3
2026-09-12 15:50:32   2897/ 5507  66100           0.8 s  Freq=Y N.periodos=8
2026-09-12 15:50:33   2898/ 5507  66109           0.7 s  Freq=Y N.periodos=8
2026-09-12 15:50:34   2899/ 5507  66116           0.8 s  Freq=Y N.periodos=12
2026-09-12 15:50:35   2900/ 5507  66122           0.8 s  Freq=Y N.periodos=15
2026-09-12 15:50:36   2901/ 5507  66158           0.9 s  Freq=Y N.periodos=20
2026-09-12 15:50:36   2902/ 5507  66204           0.6 s  Freq=Y N.periodos=19
2026-09-12 15:50:37   2903/ 5507  66242           0.6 s  Freq=Y N.periodos=11
2026-09-12 15:50:37   2904/ 5507  67557           0.6 s  Freq=Y N.periodos=5
2026-09-12 15:50:38   2905/ 5507  67567           0.7 s  Freq=Y N.periodos=5
2026-09-12 15:50:39   2906/ 5507  67579           0.6 s  Freq=Q N.periodos=22
2026-09-12 15:50:39   2907/ 5507  72982           0.6 s  Freq=Y N.periodos=20
2026-09-12 15:50:40   2908/ 5507  65067           0.6 s  Freq=Q N.periodos=50
2026-09-12 15:50:41   2909/ 5507  65086           1.1 s  Freq=Q N.periodos=98
2026-09-12 15:50:42   2910/ 5507  65115           0.9 s  Freq=Q N.periodos=98
2026-09-12 15:50:43   2911/ 5507  65224           0.8 s  Freq=Q N.periodos=98
2026-09-12 15:50:43   2912/ 5507  65259           0.6 s  Freq=Q N.periodos=98
2026-09-12 15:50:44   2913/ 5507  65275           0.8 s  Freq=Q N.periodos=98
2026-09-12 15:50:45   2914/ 5507  65291           1.0 s  Freq=Q N.periodos=98
2026-09-12 15:50:47   2915/ 5507  65299           1.8 s  Freq=Q N.periodos=98
2026-09-12 15:50:48   2916/ 5507  65307           0.8 s  Freq=Q N.periodos=50
2026-09-12 15:50:49   2917/ 5507  65336           0.9 s  Freq=Q N.periodos=98
2026-09-12 15:50:49   2918/ 5507  65548           0.6 s  Freq=S N.periodos=25
2026-09-12 15:50:50   2919/ 5507  65659           1.0 s  Freq=Y N.periodos=5
2026-09-12 15:50:51   2920/ 5507  65667           0.7 s  Freq=Y N.periodos=5
2026-09-12 15:50:52   2921/ 5507  65679           0.8 s  Freq=Y N.periodos=10
2026-09-12 15:50:52   2922/ 5507  65716           0.6 s  Freq=Y N.periodos=10
2026-09-12 15:50:53   2923/ 5507  65753           0.5 s  Freq=Y N.periodos=5
2026-09-12 15:50:54   2924/ 5507  65781           0.7 s  Freq=Y N.periodos=20
2026-09-12 15:50:54   2925/ 5507  65842           0.6 s  Freq=Y N.periodos=20
2026-09-12 15:50:55   2926/ 5507  65899           1.0 s  Freq=Y N.periodos=5
2026-09-12 15:50:56   2927/ 5507  65913           0.7 s  Freq=Y N.periodos=3
2026-09-12 15:50:57   2928/ 5507  65941           1.0 s  Freq=Y N.periodos=15
2026-09-12 15:50:58   2929/ 5507  65955           0.9 s  Freq=Y N.periodos=20
2026-09-12 15:50:59   2930/ 5507  65968           0.9 s  Freq=Y N.periodos=15
2026-09-12 15:50:59   2931/ 5507  66000           0.7 s  Freq=Y N.periodos=12
2026-09-12 15:51:00   2932/ 5507  66020           0.8 s  Freq=Y N.periodos=20
2026-09-12 15:51:01   2933/ 5507  66072           0.5 s  Freq=Y N.periodos=5
2026-09-12 15:51:01   2934/ 5507  66083           0.5 s  Freq=Y N.periodos=3
2026-09-12 15:51:02   2935/ 5507  66101           0.6 s  Freq=Y N.periodos=8
2026-09-12 15:51:03   2936/ 5507  66110           1.1 s  Freq=Y N.periodos=8
2026-09-12 15:51:04   2937/ 5507  66159           0.7 s  Freq=Y N.periodos=20
2026-09-12 15:51:04   2938/ 5507  66205           0.7 s  Freq=Y N.periodos=19
2026-09-12 15:51:05   2939/ 5507  66243           0.5 s  Freq=Y N.periodos=9
2026-09-12 15:51:06   2940/ 5507  67553           1.0 s  Freq=Y N.periodos=5
2026-09-12 15:51:07   2941/ 5507  67558           0.8 s  Freq=Y N.periodos=5
2026-09-12 15:51:07   2942/ 5507  65068           0.7 s  Freq=Q N.periodos=98
2026-09-12 15:51:08   2943/ 5507  65087           0.7 s  Freq=Q N.periodos=98
2026-09-12 15:51:09   2944/ 5507  65116           0.8 s  Freq=Q N.periodos=50
2026-09-12 15:51:09   2945/ 5507  65225           0.6 s  Freq=Q N.periodos=98
2026-09-12 15:51:10   2946/ 5507  65260           0.8 s  Freq=Q N.periodos=50
2026-09-12 15:51:11   2947/ 5507  65276           1.0 s  Freq=Q N.periodos=98
2026-09-12 15:51:13   2948/ 5507  65292           1.6 s  Freq=Q N.periodos=98
2026-09-12 15:51:14   2949/ 5507  65300           1.4 s  Freq=Q N.periodos=98
2026-09-12 15:51:15   2950/ 5507  65308           0.7 s  Freq=Q N.periodos=50
2026-09-12 15:51:15   2951/ 5507  65337           0.6 s  Freq=Q N.periodos=50
2026-09-12 15:51:16   2952/ 5507  65535           1.0 s  Freq=Q N.periodos=50
2026-09-12 15:51:17   2953/ 5507  65549           1.0 s  Freq=S N.periodos=21
2026-09-12 15:51:18   2954/ 5507  65660           0.5 s  Freq=Y N.periodos=5
2026-09-12 15:51:19   2955/ 5507  65668           0.8 s  Freq=Y N.periodos=5
2026-09-12 15:51:19   2956/ 5507  65680           0.6 s  Freq=Y N.periodos=10
2026-09-12 15:51:20   2957/ 5507  65717           0.5 s  Freq=Y N.periodos=10
2026-09-12 15:51:20   2958/ 5507  65754           0.5 s  Freq=Y N.periodos=20
2026-09-12 15:51:21   2959/ 5507  65782           0.6 s  Freq=Y N.periodos=20
2026-09-12 15:51:22   2960/ 5507  65812           0.6 s  Freq=Y N.periodos=15
2026-09-12 15:51:22   2961/ 5507  65843           0.5 s  Freq=Y N.periodos=20
2026-09-12 15:51:23   2962/ 5507  65900           0.6 s  Freq=Y N.periodos=5
2026-09-12 15:51:23   2963/ 5507  65914           0.6 s  Freq=Y N.periodos=3
2026-09-12 15:51:24   2964/ 5507  65942           0.6 s  Freq=Y N.periodos=15
2026-09-12 15:51:24   2965/ 5507  65956           0.5 s  Freq=Y N.periodos=20
2026-09-12 15:51:25   2966/ 5507  65969           0.8 s  Freq=Y N.periodos=15
2026-09-12 15:51:26   2967/ 5507  66001           1.1 s  Freq=Y N.periodos=12
2026-09-12 15:51:27   2968/ 5507  66021           0.6 s  Freq=Y N.periodos=20
2026-09-12 15:51:27   2969/ 5507  66073           0.5 s  Freq=Y N.periodos=5
2026-09-12 15:51:28   2970/ 5507  66084           0.5 s  Freq=Y N.periodos=3
2026-09-12 15:51:28   2971/ 5507  66102           0.5 s  Freq=Y N.periodos=8
2026-09-12 15:51:30   2972/ 5507  66111           1.2 s  Freq=Y N.periodos=8
2026-09-12 15:51:30   2973/ 5507  66160           0.6 s  Freq=Y N.periodos=20
2026-09-12 15:51:31   2974/ 5507  66206           0.7 s  Freq=Y N.periodos=19
2026-09-12 15:51:32   2975/ 5507  66244           1.3 s  Freq=Y N.periodos=14
2026-09-12 15:51:33   2976/ 5507  67552           0.8 s  Freq=Y N.periodos=5
2026-09-12 15:51:34   2977/ 5507  67569           0.6 s  Freq=Y N.periodos=5
2026-09-12 15:51:34   2978/ 5507  65069           0.6 s  Freq=Q N.periodos=50
2026-09-12 15:51:35   2979/ 5507  65088           0.6 s  Freq=Q N.periodos=98
2026-09-12 15:51:36   2980/ 5507  65117           0.9 s  Freq=Q N.periodos=50
2026-09-12 15:51:36   2981/ 5507  65226           0.8 s  Freq=Q N.periodos=50
2026-09-12 15:51:37   2982/ 5507  65261           0.6 s  Freq=Q N.periodos=50
2026-09-12 15:51:38   2983/ 5507  65277           0.5 s  Freq=Q N.periodos=98
2026-09-12 15:51:39   2984/ 5507  65301           1.0 s  Freq=Q N.periodos=74
2026-09-12 15:51:40   2985/ 5507  65309           1.0 s  Freq=Q N.periodos=98
2026-09-12 15:51:40   2986/ 5507  65338           0.8 s  Freq=Q N.periodos=50
2026-09-12 15:51:41   2987/ 5507  65550           0.6 s  Freq=S N.periodos=21
2026-09-12 15:51:42   2988/ 5507  65647           0.7 s  Freq=Y N.periodos=15
2026-09-12 15:51:42   2989/ 5507  65669           0.6 s  Freq=Y N.periodos=5
2026-09-12 15:51:43   2990/ 5507  65718           0.5 s  Freq=Y N.periodos=10
2026-09-12 15:51:44   2991/ 5507  65755           0.7 s  Freq=Y N.periodos=20
2026-09-12 15:51:44   2992/ 5507  65783           0.6 s  Freq=Y N.periodos=20
2026-09-12 15:51:45   2993/ 5507  65844           0.6 s  Freq=Y N.periodos=20
2026-09-12 15:51:45   2994/ 5507  65883           0.6 s  Freq=Y N.periodos=20
2026-09-12 15:51:46   2995/ 5507  65901           0.7 s  Freq=Y N.periodos=5
2026-09-12 15:51:46   2996/ 5507  65915           0.5 s  Freq=Y N.periodos=3
2026-09-12 15:51:47   2997/ 5507  65957           0.8 s  Freq=Y N.periodos=12
2026-09-12 15:51:48   2998/ 5507  65970           0.8 s  Freq=Y N.periodos=20
2026-09-12 15:51:49   2999/ 5507  66002           0.7 s  Freq=Y N.periodos=20
2026-09-12 15:51:49   3000/ 5507  66022           0.5 s  Freq=Y N.periodos=20
2026-09-12 15:51:50   3001/ 5507  66074           0.8 s  Freq=Y N.periodos=5
2026-09-12 15:51:51   3002/ 5507  66085           1.2 s  Freq=Y N.periodos=3
2026-09-12 15:51:52   3003/ 5507  66103           0.6 s  Freq=Y N.periodos=8
2026-09-12 15:51:53   3004/ 5507  66125           0.7 s  Freq=Y N.periodos=20
2026-09-12 15:51:54   3005/ 5507  66161           1.1 s  Freq=Y N.periodos=20
2026-09-12 15:51:55   3006/ 5507  66207           0.9 s  Freq=Y N.periodos=19
2026-09-12 15:51:55   3007/ 5507  66245           0.8 s  Freq=Y N.periodos=17
2026-09-12 15:51:56   3008/ 5507  67559           1.0 s  Freq=Y N.periodos=5
2026-09-12 15:51:57   3009/ 5507  67570           0.7 s  Freq=Y N.periodos=5
2026-09-12 15:51:58   3010/ 5507  72985           0.6 s  Freq=Y N.periodos=20
2026-09-12 15:51:58   3011/ 5507  79617           0.6 s  Freq=Q N.periodos=2
2026-09-12 15:51:59   3012/ 5507  65070           0.7 s  Freq=Q N.periodos=50
2026-09-12 15:52:00   3013/ 5507  65089           1.1 s  Freq=Q N.periodos=50
2026-09-12 15:52:01   3014/ 5507  65118           0.7 s  Freq=Q N.periodos=86
2026-09-12 15:52:02   3015/ 5507  65227           0.9 s  Freq=Q N.periodos=50
2026-09-12 15:52:03   3016/ 5507  65262           1.1 s  Freq=Q N.periodos=86
2026-09-12 15:52:04   3017/ 5507  65278           1.1 s  Freq=Q N.periodos=98
2026-09-12 15:52:05   3018/ 5507  65310           1.4 s  Freq=Q N.periodos=98
2026-09-12 15:52:06   3019/ 5507  65339           1.1 s  Freq=Q N.periodos=98
2026-09-12 15:52:08   3020/ 5507  65536           1.7 s  Freq=Q N.periodos=50
2026-09-12 15:52:09   3021/ 5507  65648           0.6 s  Freq=Y N.periodos=15
2026-09-12 15:52:09   3022/ 5507  65670           0.5 s  Freq=Y N.periodos=5
2026-09-12 15:52:10   3023/ 5507  65719           1.2 s  Freq=Y N.periodos=10
2026-09-12 15:52:11   3024/ 5507  65756           0.6 s  Freq=Y N.periodos=20
2026-09-12 15:52:12   3025/ 5507  65784           0.7 s  Freq=Y N.periodos=20
2026-09-12 15:52:13   3026/ 5507  65845           0.9 s  Freq=Y N.periodos=20
2026-09-12 15:52:13   3027/ 5507  65884           0.6 s  Freq=Y N.periodos=20
2026-09-12 15:52:14   3028/ 5507  65902           0.8 s  Freq=Y N.periodos=5
2026-09-12 15:52:15   3029/ 5507  65916           0.5 s  Freq=Y N.periodos=3
2026-09-12 15:52:15   3030/ 5507  65958           0.9 s  Freq=Y N.periodos=12
2026-09-12 15:52:16   3031/ 5507  65971           0.7 s  Freq=Y N.periodos=20
2026-09-12 15:52:17   3032/ 5507  66003           1.0 s  Freq=Y N.periodos=12
2026-09-12 15:52:18   3033/ 5507  66023           0.6 s  Freq=Y N.periodos=20
2026-09-12 15:52:19   3034/ 5507  66086           0.8 s  Freq=Y N.periodos=3
2026-09-12 15:52:19   3035/ 5507  66126           0.6 s  Freq=Y N.periodos=20
2026-09-12 15:52:20   3036/ 5507  66162           0.7 s  Freq=Y N.periodos=20
2026-09-12 15:52:21   3037/ 5507  66208           1.0 s  Freq=Y N.periodos=19
2026-09-12 15:52:22   3038/ 5507  66246           0.6 s  Freq=Y N.periodos=19
2026-09-12 15:52:22   3039/ 5507  67560           0.8 s  Freq=Y N.periodos=5
2026-09-12 15:52:23   3040/ 5507  72986           0.5 s  Freq=Y N.periodos=20
2026-09-12 15:52:24   3041/ 5507  79324           1.0 s  Freq=Q N.periodos=2
2026-09-12 15:52:25   3042/ 5507  65071           1.2 s  Freq=Q N.periodos=86
2026-09-12 15:52:26   3043/ 5507  65090           0.7 s  Freq=Q N.periodos=50
2026-09-12 15:52:27   3044/ 5507  65119           0.8 s  Freq=Q N.periodos=50
2026-09-12 15:52:27   3045/ 5507  65228           0.8 s  Freq=Q N.periodos=50
2026-09-12 15:52:28   3046/ 5507  65263           0.7 s  Freq=Q N.periodos=50
2026-09-12 15:52:29   3047/ 5507  65279           0.7 s  Freq=Q N.periodos=98
2026-09-12 15:52:30   3048/ 5507  65311           0.9 s  Freq=Q N.periodos=74
2026-09-12 15:52:31   3049/ 5507  65340           1.1 s  Freq=Q N.periodos=98
2026-09-12 15:52:31   3050/ 5507  65605           0.7 s  Freq=Y N.periodos=10
2026-09-12 15:52:32   3051/ 5507  65653           0.8 s  Freq=Y N.periodos=15
2026-09-12 15:52:33   3052/ 5507  65683           0.6 s  Freq=Y N.periodos=10
2026-09-12 15:52:34   3053/ 5507  65720           0.6 s  Freq=Y N.periodos=10
2026-09-12 15:52:34   3054/ 5507  65757           0.9 s  Freq=Y N.periodos=20
2026-09-12 15:52:35   3055/ 5507  65785           0.9 s  Freq=Y N.periodos=20
2026-09-12 15:52:36   3056/ 5507  65846           0.6 s  Freq=Y N.periodos=20
2026-09-12 15:52:37   3057/ 5507  65885           0.6 s  Freq=Y N.periodos=20
2026-09-12 15:52:37   3058/ 5507  65903           0.8 s  Freq=Y N.periodos=5
2026-09-12 15:52:38   3059/ 5507  65917           0.6 s  Freq=Y N.periodos=3
2026-09-12 15:52:39   3060/ 5507  65959           0.7 s  Freq=Y N.periodos=18
2026-09-12 15:52:39   3061/ 5507  65972           0.8 s  Freq=Y N.periodos=15
2026-09-12 15:52:40   3062/ 5507  66004           0.7 s  Freq=Y N.periodos=20
2026-09-12 15:52:41   3063/ 5507  66024           0.8 s  Freq=Y N.periodos=20
2026-09-12 15:52:41   3064/ 5507  66087           0.6 s  Freq=Y N.periodos=3
2026-09-12 15:52:42   3065/ 5507  66127           0.9 s  Freq=Y N.periodos=20
2026-09-12 15:52:43   3066/ 5507  66163           0.7 s  Freq=Y N.periodos=15
2026-09-12 15:52:44   3067/ 5507  66209           1.0 s  Freq=Y N.periodos=11
2026-09-12 15:52:45   3068/ 5507  66247           0.8 s  Freq=Y N.periodos=19
2026-09-12 15:52:46   3069/ 5507  79618           0.7 s  Freq=Q N.periodos=2
2026-09-12 15:52:46   3070/ 5507  65072           0.7 s  Freq=Q N.periodos=86
2026-09-12 15:52:48   3071/ 5507  65091           1.5 s  Freq=Q N.periodos=98
2026-09-12 15:52:49   3072/ 5507  65120           1.3 s  Freq=Q N.periodos=50
2026-09-12 15:52:50   3073/ 5507  65229           0.8 s  Freq=Q N.periodos=50
2026-09-12 15:52:51   3074/ 5507  65264           0.8 s  Freq=Q N.periodos=50
2026-09-12 15:52:52   3075/ 5507  65280           1.1 s  Freq=Q N.periodos=98
2026-09-12 15:52:52   3076/ 5507  65537           0.6 s  Freq=Q N.periodos=50
2026-09-12 15:52:53   3077/ 5507  65606           0.8 s  Freq=Y N.periodos=10
2026-09-12 15:52:54   3078/ 5507  65654           0.8 s  Freq=Y N.periodos=15
2026-09-12 15:52:55   3079/ 5507  65684           0.8 s  Freq=Y N.periodos=10
2026-09-12 15:52:56   3080/ 5507  65758           0.8 s  Freq=Y N.periodos=20
2026-09-12 15:52:57   3081/ 5507  65786           1.0 s  Freq=Y N.periodos=20
2026-09-12 15:52:57   3082/ 5507  65826           0.7 s  Freq=Y N.periodos=15
2026-09-12 15:52:58   3083/ 5507  65847           0.6 s  Freq=Y N.periodos=20
2026-09-12 15:52:59   3084/ 5507  65886           1.0 s  Freq=Y N.periodos=20
2026-09-12 15:53:00   3085/ 5507  65904           0.9 s  Freq=Y N.periodos=5
2026-09-12 15:53:01   3086/ 5507  65918           0.8 s  Freq=Y N.periodos=3
2026-09-12 15:53:01   3087/ 5507  65960           0.7 s  Freq=Y N.periodos=15
2026-09-12 15:53:02   3088/ 5507  65973           0.6 s  Freq=Y N.periodos=20
2026-09-12 15:53:03   3089/ 5507  66005           0.8 s  Freq=Y N.periodos=20
2026-09-12 15:53:03   3090/ 5507  66025           0.7 s  Freq=Y N.periodos=12
2026-09-12 15:53:04   3091/ 5507  66128           0.6 s  Freq=Y N.periodos=20
2026-09-12 15:53:05   3092/ 5507  66164           0.6 s  Freq=Y N.periodos=15
2026-09-12 15:53:06   3093/ 5507  66210           1.0 s  Freq=Y N.periodos=11
2026-09-12 15:53:07   3094/ 5507  66248           0.9 s  Freq=Y N.periodos=19
2026-09-12 15:53:07   3095/ 5507  72988           0.8 s  Freq=Y N.periodos=20
2026-09-12 15:53:08   3096/ 5507  79326           0.9 s  Freq=Q N.periodos=2
2026-09-12 15:53:09   3097/ 5507  65073           0.7 s  Freq=Q N.periodos=50
2026-09-12 15:53:10   3098/ 5507  65092           1.0 s  Freq=Q N.periodos=50
2026-09-12 15:53:11   3099/ 5507  65121           0.6 s  Freq=Q N.periodos=50
2026-09-12 15:53:12   3100/ 5507  65230           0.9 s  Freq=Q N.periodos=50
2026-09-12 15:53:12   3101/ 5507  65265           0.8 s  Freq=Q N.periodos=50
2026-09-12 15:53:13   3102/ 5507  65281           0.9 s  Freq=Q N.periodos=98
2026-09-12 15:53:14   3103/ 5507  65312           1.0 s  Freq=Q N.periodos=74
2026-09-12 15:53:15   3104/ 5507  65538           0.8 s  Freq=Q N.periodos=50
2026-09-12 15:53:16   3105/ 5507  65607           0.8 s  Freq=Y N.periodos=10
2026-09-12 15:53:17   3106/ 5507  65629           1.1 s  Freq=Y N.periodos=10
2026-09-12 15:53:18   3107/ 5507  65685           1.2 s  Freq=Y N.periodos=10
2026-09-12 15:53:19   3108/ 5507  65759           0.6 s  Freq=Y N.periodos=20
2026-09-12 15:53:20   3109/ 5507  65787           0.9 s  Freq=Y N.periodos=5
2026-09-12 15:53:21   3110/ 5507  65827           0.7 s  Freq=Y N.periodos=15
2026-09-12 15:53:22   3111/ 5507  65848           1.4 s  Freq=Y N.periodos=15
2026-09-12 15:53:23   3112/ 5507  65887           0.9 s  Freq=Y N.periodos=15
2026-09-12 15:53:24   3113/ 5507  65961           1.2 s  Freq=Y N.periodos=20
2026-09-12 15:53:25   3114/ 5507  65974           0.8 s  Freq=Y N.periodos=20
2026-09-12 15:53:26   3115/ 5507  66006           0.8 s  Freq=Y N.periodos=20
2026-09-12 15:53:27   3116/ 5507  66026           0.9 s  Freq=Y N.periodos=12
2026-09-12 15:53:27   3117/ 5507  66129           0.5 s  Freq=Y N.periodos=20
2026-09-12 15:53:28   3118/ 5507  66211           1.0 s  Freq=Y N.periodos=9
2026-09-12 15:53:29   3119/ 5507  66249           0.7 s  Freq=Y N.periodos=19
2026-09-12 15:53:30   3120/ 5507  77189           0.8 s  Freq=Y N.periodos=20
2026-09-12 15:53:30   3121/ 5507  65074           0.6 s  Freq=Q N.periodos=50
2026-09-12 15:53:32   3122/ 5507  65093           1.3 s  Freq=Q N.periodos=50
2026-09-12 15:53:32   3123/ 5507  65122           0.8 s  Freq=Q N.periodos=50
2026-09-12 15:53:33   3124/ 5507  65231           0.8 s  Freq=Q N.periodos=86
2026-09-12 15:53:34   3125/ 5507  65266           0.6 s  Freq=Q N.periodos=74
2026-09-12 15:53:35   3126/ 5507  65282           1.6 s  Freq=Q N.periodos=98
2026-09-12 15:53:36   3127/ 5507  65608           0.7 s  Freq=Y N.periodos=10
2026-09-12 15:53:37   3128/ 5507  65630           0.9 s  Freq=Y N.periodos=10
2026-09-12 15:53:38   3129/ 5507  65686           0.7 s  Freq=Y N.periodos=10
2026-09-12 15:53:39   3130/ 5507  65723           0.8 s  Freq=Y N.periodos=10
2026-09-12 15:53:39   3131/ 5507  65760           0.8 s  Freq=Y N.periodos=5
2026-09-12 15:53:40   3132/ 5507  65788           0.9 s  Freq=Y N.periodos=5
2026-09-12 15:53:41   3133/ 5507  65849           0.7 s  Freq=Y N.periodos=15
2026-09-12 15:53:42   3134/ 5507  65888           0.9 s  Freq=Y N.periodos=15
2026-09-12 15:53:43   3135/ 5507  65975           0.8 s  Freq=Y N.periodos=20
2026-09-12 15:53:43   3136/ 5507  66007           0.9 s  Freq=Y N.periodos=18
2026-09-12 15:53:44   3137/ 5507  66027           0.8 s  Freq=Y N.periodos=20
2026-09-12 15:53:45   3138/ 5507  66130           0.8 s  Freq=Y N.periodos=15
2026-09-12 15:53:46   3139/ 5507  66212           0.6 s  Freq=Y N.periodos=9
2026-09-12 15:53:46   3140/ 5507  66250           0.7 s  Freq=Y N.periodos=19
2026-09-12 15:53:47   3141/ 5507  72989           1.1 s  Freq=Q N.periodos=98
2026-09-12 15:53:48   3142/ 5507  79327           0.8 s  Freq=Q N.periodos=2
2026-09-12 15:53:49   3143/ 5507  79619           0.7 s  Freq=Q N.periodos=2
2026-09-12 15:53:50   3144/ 5507  65075           0.8 s  Freq=Q N.periodos=50
2026-09-12 15:53:50   3145/ 5507  65094           0.6 s  Freq=Q N.periodos=50
2026-09-12 15:53:51   3146/ 5507  65123           1.1 s  Freq=Q N.periodos=74
2026-09-12 15:53:52   3147/ 5507  65232           0.7 s  Freq=Q N.periodos=50
2026-09-12 15:53:53   3148/ 5507  65283           1.0 s  Freq=Q N.periodos=98
2026-09-12 15:53:54   3149/ 5507  65313           1.2 s  Freq=Q N.periodos=74
2026-09-12 15:53:55   3150/ 5507  65539           0.6 s  Freq=Q N.periodos=50
2026-09-12 15:53:56   3151/ 5507  65609           1.2 s  Freq=Y N.periodos=10
2026-09-12 15:53:57   3152/ 5507  65631           0.6 s  Freq=Y N.periodos=10
2026-09-12 15:53:57   3153/ 5507  65687           0.7 s  Freq=Y N.periodos=10
2026-09-12 15:53:58   3154/ 5507  65724           0.7 s  Freq=Y N.periodos=10
2026-09-12 15:53:59   3155/ 5507  65761           0.9 s  Freq=Y N.periodos=20
2026-09-12 15:54:00   3156/ 5507  65789           0.7 s  Freq=Y N.periodos=20
2026-09-12 15:54:00   3157/ 5507  65850           0.5 s  Freq=Y N.periodos=15
2026-09-12 15:54:01   3158/ 5507  65889           0.5 s  Freq=Y N.periodos=18
2026-09-12 15:54:02   3159/ 5507  65976           0.8 s  Freq=Y N.periodos=20
2026-09-12 15:54:02   3160/ 5507  66008           0.9 s  Freq=Y N.periodos=15
2026-09-12 15:54:03   3161/ 5507  66028           0.8 s  Freq=Y N.periodos=20
2026-09-12 15:54:04   3162/ 5507  66213           0.7 s  Freq=Y N.periodos=14
2026-09-12 15:54:05   3163/ 5507  66251           0.7 s  Freq=Y N.periodos=19
2026-09-12 15:54:06   3164/ 5507  75803           1.0 s  Freq=Q N.periodos=98
2026-09-12 15:54:06   3165/ 5507  79323           0.7 s  Freq=Q N.periodos=2
2026-09-12 15:54:08   3166/ 5507  65076           1.3 s  Freq=Q N.periodos=50
2026-09-12 15:54:09   3167/ 5507  65095           1.4 s  Freq=Q N.periodos=50
2026-09-12 15:54:10   3168/ 5507  65233           1.3 s  Freq=Q N.periodos=22
2026-09-12 15:54:11   3169/ 5507  65267           0.7 s  Freq=Q N.periodos=98
2026-09-12 15:54:12   3170/ 5507  65284           0.7 s  Freq=Q N.periodos=98
2026-09-12 15:54:13   3171/ 5507  65610           0.9 s  Freq=Y N.periodos=10
2026-09-12 15:54:13   3172/ 5507  65632           0.8 s  Freq=Y N.periodos=10
2026-09-12 15:54:14   3173/ 5507  65688           0.7 s  Freq=Y N.periodos=10
2026-09-12 15:54:15   3174/ 5507  65725           0.7 s  Freq=Y N.periodos=10
2026-09-12 15:54:16   3175/ 5507  65762           0.8 s  Freq=Y N.periodos=20
2026-09-12 15:54:16   3176/ 5507  65790           0.6 s  Freq=Y N.periodos=20
2026-09-12 15:54:17   3177/ 5507  65813           0.8 s  Freq=Y N.periodos=15
2026-09-12 15:54:18   3178/ 5507  65828           0.7 s  Freq=Y N.periodos=15
2026-09-12 15:54:19   3179/ 5507  65851           0.9 s  Freq=Y N.periodos=15
2026-09-12 15:54:19   3180/ 5507  65890           0.7 s  Freq=Y N.periodos=18
2026-09-12 15:54:20   3181/ 5507  65977           0.8 s  Freq=Y N.periodos=20
2026-09-12 15:54:21   3182/ 5507  66029           0.6 s  Freq=Y N.periodos=20
2026-09-12 15:54:22   3183/ 5507  66214           0.8 s  Freq=Y N.periodos=14
2026-09-12 15:54:22   3184/ 5507  66252           0.8 s  Freq=Y N.periodos=19
2026-09-12 15:54:23   3185/ 5507  75804           0.8 s  Freq=Q N.periodos=74
2026-09-12 15:54:24   3186/ 5507  79281           0.6 s  Freq=Q N.periodos=2
2026-09-12 15:54:25   3187/ 5507  79328           0.7 s  Freq=Q N.periodos=2
2026-09-12 15:54:25   3188/ 5507  79620           0.9 s  Freq=Q N.periodos=2
2026-09-12 15:54:26   3189/ 5507  65096           1.0 s  Freq=Q N.periodos=86
2026-09-12 15:54:28   3190/ 5507  65124           1.4 s  Freq=Q N.periodos=74
2026-09-12 15:54:29   3191/ 5507  65234           0.9 s  Freq=Q N.periodos=98
2026-09-12 15:54:30   3192/ 5507  65268           0.9 s  Freq=Q N.periodos=62
2026-09-12 15:54:31   3193/ 5507  65314           0.9 s  Freq=Q N.periodos=62
2026-09-12 15:54:31   3194/ 5507  65540           0.6 s  Freq=Q N.periodos=50
2026-09-12 15:54:32   3195/ 5507  65633           0.6 s  Freq=Y N.periodos=10
2026-09-12 15:54:32   3196/ 5507  65661           0.6 s  Freq=Y N.periodos=5
2026-09-12 15:54:33   3197/ 5507  65689           0.6 s  Freq=Y N.periodos=10
2026-09-12 15:54:34   3198/ 5507  65726           0.6 s  Freq=Y N.periodos=10
2026-09-12 15:54:34   3199/ 5507  65763           0.6 s  Freq=Y N.periodos=20
2026-09-12 15:54:35   3200/ 5507  65791           0.6 s  Freq=Y N.periodos=20
2026-09-12 15:54:36   3201/ 5507  65814           1.2 s  Freq=Y N.periodos=15
2026-09-12 15:54:37   3202/ 5507  65852           0.7 s  Freq=Y N.periodos=15
2026-09-12 15:54:38   3203/ 5507  65891           1.0 s  Freq=Y N.periodos=18
2026-09-12 15:54:39   3204/ 5507  65978           0.9 s  Freq=Y N.periodos=20
2026-09-12 15:54:40   3205/ 5507  66030           1.3 s  Freq=Y N.periodos=20
2026-09-12 15:54:41   3206/ 5507  66133           1.3 s  Freq=Y N.periodos=20
2026-09-12 15:54:42   3207/ 5507  66169           0.9 s  Freq=Y N.periodos=20
2026-09-12 15:54:43   3208/ 5507  66215           0.9 s  Freq=Y N.periodos=17
2026-09-12 15:54:45   3209/ 5507  75805           1.7 s  Freq=Q N.periodos=74
2026-09-12 15:54:46   3210/ 5507  65077           0.9 s  Freq=Q N.periodos=50
2026-09-12 15:54:47   3211/ 5507  65097           0.9 s  Freq=Q N.periodos=50
2026-09-12 15:54:47   3212/ 5507  65235           0.7 s  Freq=Q N.periodos=98
2026-09-12 15:54:48   3213/ 5507  65315           1.1 s  Freq=Q N.periodos=62
2026-09-12 15:54:49   3214/ 5507  65541           1.0 s  Freq=Q N.periodos=50
2026-09-12 15:54:50   3215/ 5507  65634           0.8 s  Freq=Y N.periodos=10
2026-09-12 15:54:51   3216/ 5507  65662           0.8 s  Freq=Y N.periodos=5
2026-09-12 15:54:52   3217/ 5507  65690           1.1 s  Freq=Y N.periodos=10
2026-09-12 15:54:54   3218/ 5507  65727           1.8 s  Freq=Y N.periodos=10
2026-09-12 15:54:55   3219/ 5507  65764           1.2 s  Freq=Y N.periodos=20
2026-09-12 15:54:56   3220/ 5507  65792           0.7 s  Freq=Y N.periodos=20
2026-09-12 15:54:57   3221/ 5507  65829           0.9 s  Freq=Y N.periodos=15
2026-09-12 15:54:58   3222/ 5507  65853           0.9 s  Freq=Y N.periodos=15
2026-09-12 15:54:58   3223/ 5507  65892           0.7 s  Freq=Y N.periodos=18
2026-09-12 15:54:59   3224/ 5507  65979           0.8 s  Freq=Y N.periodos=20
2026-09-12 15:55:00   3225/ 5507  66031           0.8 s  Freq=Y N.periodos=20
2026-09-12 15:55:01   3226/ 5507  66134           0.9 s  Freq=Y N.periodos=20
2026-09-12 15:55:02   3227/ 5507  66170           0.8 s  Freq=Y N.periodos=20
2026-09-12 15:55:03   3228/ 5507  66216           0.8 s  Freq=Y N.periodos=17
2026-09-12 15:55:03   3229/ 5507  75806           0.9 s  Freq=Q N.periodos=98
2026-09-12 15:55:05   3230/ 5507  79282           1.2 s  Freq=Q N.periodos=2
2026-09-12 15:55:06   3231/ 5507  65098           1.0 s  Freq=Q N.periodos=50
2026-09-12 15:55:06   3232/ 5507  65125           0.5 s  Freq=Q N.periodos=74
2026-09-12 15:55:07   3233/ 5507  65236           1.1 s  Freq=Q N.periodos=98
2026-09-12 15:55:09   3234/ 5507  65316           1.4 s  Freq=Q N.periodos=98
2026-09-12 15:55:09   3235/ 5507  65635           0.5 s  Freq=Y N.periodos=10
2026-09-12 15:55:11   3236/ 5507  65649           1.7 s  Freq=Y N.periodos=15
2026-09-12 15:55:12   3237/ 5507  65728           1.0 s  Freq=Y N.periodos=10
2026-09-12 15:55:13   3238/ 5507  65765           0.8 s  Freq=Y N.periodos=20
2026-09-12 15:55:14   3239/ 5507  65793           1.3 s  Freq=Y N.periodos=20
2026-09-12 15:55:15   3240/ 5507  65854           1.2 s  Freq=Y N.periodos=18
2026-09-12 15:55:16   3241/ 5507  65980           0.6 s  Freq=Y N.periodos=20
2026-09-12 15:55:17   3242/ 5507  66032           0.9 s  Freq=Y N.periodos=20
2026-09-12 15:55:17   3243/ 5507  66135           0.9 s  Freq=Y N.periodos=20
2026-09-12 15:55:18   3244/ 5507  66171           0.6 s  Freq=Y N.periodos=20
2026-09-12 15:55:19   3245/ 5507  66217           0.8 s  Freq=Y N.periodos=19
2026-09-12 15:55:20   3246/ 5507  65078           1.0 s  Freq=Q N.periodos=98
2026-09-12 15:55:21   3247/ 5507  65099           0.8 s  Freq=Q N.periodos=50
2026-09-12 15:55:21   3248/ 5507  65237           0.8 s  Freq=Q N.periodos=98
2026-09-12 15:55:23   3249/ 5507  65317           1.6 s  Freq=Q N.periodos=98
2026-09-12 15:55:24   3250/ 5507  65611           0.8 s  Freq=Y N.periodos=10
2026-09-12 15:55:25   3251/ 5507  65636           0.9 s  Freq=Y N.periodos=10
2026-09-12 15:55:26   3252/ 5507  65692           1.2 s  Freq=Y N.periodos=10
2026-09-12 15:55:27   3253/ 5507  65729           0.8 s  Freq=Y N.periodos=10
2026-09-12 15:55:28   3254/ 5507  65766           1.2 s  Freq=Y N.periodos=20
2026-09-12 15:55:29   3255/ 5507  65794           1.3 s  Freq=Y N.periodos=20
2026-09-12 15:55:30   3256/ 5507  65855           0.8 s  Freq=Y N.periodos=18
2026-09-12 15:55:30   3257/ 5507  65981           0.7 s  Freq=Y N.periodos=20
2026-09-12 15:55:31   3258/ 5507  66033           0.9 s  Freq=Y N.periodos=12
2026-09-12 15:55:32   3259/ 5507  66136           0.8 s  Freq=Y N.periodos=20
2026-09-12 15:55:33   3260/ 5507  66172           0.8 s  Freq=Y N.periodos=20
2026-09-12 15:55:34   3261/ 5507  66218           0.7 s  Freq=Y N.periodos=19
2026-09-12 15:55:34   3262/ 5507  79283           0.7 s  Freq=Q N.periodos=2
2026-09-12 15:55:36   3263/ 5507  65079           1.1 s  Freq=Q N.periodos=98
2026-09-12 15:55:37   3264/ 5507  65100           1.1 s  Freq=Q N.periodos=74
2026-09-12 15:55:38   3265/ 5507  65126           0.9 s  Freq=Q N.periodos=74
2026-09-12 15:55:39   3266/ 5507  65238           1.4 s  Freq=Q N.periodos=50
2026-09-12 15:55:40   3267/ 5507  65318           1.3 s  Freq=Q N.periodos=74
2026-09-12 15:55:41   3268/ 5507  65612           0.8 s  Freq=Y N.periodos=10
2026-09-12 15:55:42   3269/ 5507  65637           0.7 s  Freq=Y N.periodos=10
2026-09-12 15:55:43   3270/ 5507  65693           0.8 s  Freq=Y N.periodos=10
2026-09-12 15:55:43   3271/ 5507  65730           0.8 s  Freq=Y N.periodos=10
2026-09-12 15:55:44   3272/ 5507  65767           0.8 s  Freq=Y N.periodos=20
2026-09-12 15:55:45   3273/ 5507  65795           0.6 s  Freq=Y N.periodos=20
2026-09-12 15:55:46   3274/ 5507  65856           0.7 s  Freq=Y N.periodos=18
2026-09-12 15:55:46   3275/ 5507  65982           0.9 s  Freq=Y N.periodos=15
2026-09-12 15:55:48   3276/ 5507  66034           1.1 s  Freq=Y N.periodos=12
2026-09-12 15:55:48   3277/ 5507  66137           0.8 s  Freq=Y N.periodos=20
2026-09-12 15:55:49   3278/ 5507  66173           1.2 s  Freq=Y N.periodos=20
2026-09-12 15:55:51   3279/ 5507  66219           1.1 s  Freq=Y N.periodos=19
2026-09-12 15:55:51   3280/ 5507  65239           0.8 s  Freq=Q N.periodos=74
2026-09-12 15:55:52   3281/ 5507  65613           0.9 s  Freq=Y N.periodos=10
2026-09-12 15:55:53   3282/ 5507  65638           0.8 s  Freq=Y N.periodos=10
2026-09-12 15:55:54   3283/ 5507  65694           1.2 s  Freq=Y N.periodos=10
2026-09-12 15:55:55   3284/ 5507  65731           1.1 s  Freq=Y N.periodos=10
2026-09-12 15:55:56   3285/ 5507  65768           0.8 s  Freq=Y N.periodos=5
2026-09-12 15:55:57   3286/ 5507  65796           0.9 s  Freq=Y N.periodos=20
2026-09-12 15:55:58   3287/ 5507  65857           0.9 s  Freq=Y N.periodos=18
2026-09-12 15:55:59   3288/ 5507  65983           0.8 s  Freq=Y N.periodos=15
2026-09-12 15:56:00   3289/ 5507  66035           1.0 s  Freq=Y N.periodos=20
2026-09-12 15:56:00   3290/ 5507  66138           0.6 s  Freq=Y N.periodos=15
2026-09-12 15:56:02   3291/ 5507  66174           1.1 s  Freq=Y N.periodos=20
2026-09-12 15:56:02   3292/ 5507  66220           0.9 s  Freq=Y N.periodos=19
2026-09-12 15:56:03   3293/ 5507  79270           0.8 s  Freq=Q N.periodos=2
2026-09-12 15:56:04   3294/ 5507  79284           0.7 s  Freq=Q N.periodos=2
2026-09-12 15:56:05   3295/ 5507  79329           1.0 s  Freq=Q N.periodos=2
2026-09-12 15:56:06   3296/ 5507  65101           1.2 s  Freq=Q N.periodos=74
2026-09-12 15:56:07   3297/ 5507  65127           1.1 s  Freq=Q N.periodos=74
2026-09-12 15:56:08   3298/ 5507  65319           1.2 s  Freq=Q N.periodos=98
2026-09-12 15:56:09   3299/ 5507  65614           0.6 s  Freq=Y N.periodos=10
2026-09-12 15:56:10   3300/ 5507  65639           1.1 s  Freq=Y N.periodos=10
2026-09-12 15:56:11   3301/ 5507  65695           0.6 s  Freq=Y N.periodos=10
2026-09-12 15:56:11   3302/ 5507  65732           0.6 s  Freq=Y N.periodos=10
2026-09-12 15:56:13   3303/ 5507  65769           1.1 s  Freq=Y N.periodos=20
2026-09-12 15:56:14   3304/ 5507  65797           1.0 s  Freq=Y N.periodos=20
2026-09-12 15:56:14   3305/ 5507  65858           0.7 s  Freq=Y N.periodos=18
2026-09-12 15:56:15   3306/ 5507  65984           0.9 s  Freq=Y N.periodos=15
2026-09-12 15:56:16   3307/ 5507  66036           1.0 s  Freq=Y N.periodos=20
2026-09-12 15:56:17   3308/ 5507  66139           0.6 s  Freq=Y N.periodos=20
2026-09-12 15:56:18   3309/ 5507  66175           1.1 s  Freq=Y N.periodos=20
2026-09-12 15:56:19   3310/ 5507  66221           0.9 s  Freq=Y N.periodos=19
2026-09-12 15:56:20   3311/ 5507  79316           0.9 s  Freq=Q N.periodos=2
2026-09-12 15:56:21   3312/ 5507  65240           1.0 s  Freq=Q N.periodos=62
2026-09-12 15:56:22   3313/ 5507  65320           1.3 s  Freq=Q N.periodos=74
2026-09-12 15:56:23   3314/ 5507  65615           0.8 s  Freq=Y N.periodos=10
2026-09-12 15:56:24   3315/ 5507  65655           1.0 s  Freq=Y N.periodos=15
2026-09-12 15:56:25   3316/ 5507  65696           1.0 s  Freq=Y N.periodos=10
2026-09-12 15:56:26   3317/ 5507  65733           0.9 s  Freq=Y N.periodos=10
2026-09-12 15:56:27   3318/ 5507  65770           0.8 s  Freq=Y N.periodos=20
2026-09-12 15:56:27   3319/ 5507  65798           0.7 s  Freq=Y N.periodos=20
2026-09-12 15:56:28   3320/ 5507  65815           0.6 s  Freq=Y N.periodos=15
2026-09-12 15:56:28   3321/ 5507  65859           0.6 s  Freq=Y N.periodos=18
2026-09-12 15:56:29   3322/ 5507  65985           0.9 s  Freq=Y N.periodos=18
2026-09-12 15:56:30   3323/ 5507  66037           0.9 s  Freq=Y N.periodos=15
2026-09-12 15:56:31   3324/ 5507  66176           1.3 s  Freq=Y N.periodos=20
2026-09-12 15:56:32   3325/ 5507  66222           1.0 s  Freq=Y N.periodos=19
2026-09-12 15:56:33   3326/ 5507  79271           0.8 s  Freq=Q N.periodos=2
2026-09-12 15:56:34   3327/ 5507  79285           0.6 s  Freq=Q N.periodos=2
2026-09-12 15:56:35   3328/ 5507  65102           0.8 s  Freq=Q N.periodos=74
2026-09-12 15:56:35   3329/ 5507  65128           0.7 s  Freq=Q N.periodos=98
2026-09-12 15:56:36   3330/ 5507  65241           0.8 s  Freq=Q N.periodos=98
2026-09-12 15:56:37   3331/ 5507  65656           1.1 s  Freq=Y N.periodos=15
2026-09-12 15:56:38   3332/ 5507  65663           1.0 s  Freq=Y N.periodos=5
2026-09-12 15:56:40   3333/ 5507  65697           1.7 s  Freq=Y N.periodos=10
2026-09-12 15:56:41   3334/ 5507  65771           1.1 s  Freq=Y N.periodos=5
2026-09-12 15:56:42   3335/ 5507  65799           0.8 s  Freq=Y N.periodos=20
2026-09-12 15:56:43   3336/ 5507  65931           1.2 s  Freq=Y N.periodos=15
2026-09-12 15:56:44   3337/ 5507  65986           0.6 s  Freq=Y N.periodos=18
2026-09-12 15:56:45   3338/ 5507  66038           0.9 s  Freq=Y N.periodos=15
2026-09-12 15:56:45   3339/ 5507  66177           0.6 s  Freq=Y N.periodos=20
2026-09-12 15:56:46   3340/ 5507  66223           0.7 s  Freq=Y N.periodos=19
2026-09-12 15:56:47   3341/ 5507  79330           0.8 s  Freq=Q N.periodos=2
2026-09-12 15:56:47   3342/ 5507  65129           0.7 s  Freq=Q N.periodos=98
2026-09-12 15:56:48   3343/ 5507  65242           0.7 s  Freq=Q N.periodos=98
2026-09-12 15:56:49   3344/ 5507  65321           0.9 s  Freq=Q N.periodos=98
2026-09-12 15:56:50   3345/ 5507  65657           0.7 s  Freq=Y N.periodos=15
2026-09-12 15:56:50   3346/ 5507  65664           0.6 s  Freq=Y N.periodos=5
2026-09-12 15:56:51   3347/ 5507  65698           0.5 s  Freq=Y N.periodos=10
2026-09-12 15:56:52   3348/ 5507  65772           0.7 s  Freq=Y N.periodos=5
2026-09-12 15:56:52   3349/ 5507  65800           0.5 s  Freq=Y N.periodos=20
2026-09-12 15:56:53   3350/ 5507  65932           0.6 s  Freq=Y N.periodos=15
2026-09-12 15:56:54   3351/ 5507  65987           0.9 s  Freq=Y N.periodos=18
2026-09-12 15:56:55   3352/ 5507  66039           0.9 s  Freq=Y N.periodos=20
2026-09-12 15:56:55   3353/ 5507  66178           0.7 s  Freq=Y N.periodos=20
2026-09-12 15:56:56   3354/ 5507  66224           0.5 s  Freq=Y N.periodos=19
2026-09-12 15:56:57   3355/ 5507  79272           0.7 s  Freq=Q N.periodos=2
2026-09-12 15:56:58   3356/ 5507  65103           1.2 s  Freq=Q N.periodos=62
2026-09-12 15:56:59   3357/ 5507  65130           1.1 s  Freq=Q N.periodos=74
2026-09-12 15:57:00   3358/ 5507  65243           0.9 s  Freq=Q N.periodos=50
2026-09-12 15:57:01   3359/ 5507  65322           1.2 s  Freq=Q N.periodos=98
2026-09-12 15:57:02   3360/ 5507  65650           1.0 s  Freq=Y N.periodos=15
2026-09-12 15:57:03   3361/ 5507  65658           0.9 s  Freq=Y N.periodos=15
2026-09-12 15:57:04   3362/ 5507  65773           0.7 s  Freq=Y N.periodos=5
2026-09-12 15:57:04   3363/ 5507  65801           0.7 s  Freq=Y N.periodos=20
2026-09-12 15:57:05   3364/ 5507  65816           0.7 s  Freq=Y N.periodos=15
2026-09-12 15:57:06   3365/ 5507  65933           0.8 s  Freq=Y N.periodos=15
2026-09-12 15:57:06   3366/ 5507  65988           0.6 s  Freq=Y N.periodos=18
2026-09-12 15:57:08   3367/ 5507  66040           1.3 s  Freq=Y N.periodos=20
2026-09-12 15:57:09   3368/ 5507  66179           1.2 s  Freq=Y N.periodos=15
2026-09-12 15:57:10   3369/ 5507  66225           0.9 s  Freq=Y N.periodos=19
2026-09-12 15:57:11   3370/ 5507  65104           1.3 s  Freq=Q N.periodos=62
2026-09-12 15:57:12   3371/ 5507  65244           0.8 s  Freq=Q N.periodos=74
2026-09-12 15:57:13   3372/ 5507  65323           1.1 s  Freq=Q N.periodos=98
2026-09-12 15:57:14   3373/ 5507  65640           0.6 s  Freq=Y N.periodos=10
2026-09-12 15:57:14   3374/ 5507  65651           0.9 s  Freq=Y N.periodos=15
2026-09-12 15:57:16   3375/ 5507  65774           1.2 s  Freq=Y N.periodos=5
2026-09-12 15:57:16   3376/ 5507  65802           0.8 s  Freq=Y N.periodos=20
2026-09-12 15:57:18   3377/ 5507  65860           1.3 s  Freq=Y N.periodos=20
2026-09-12 15:57:19   3378/ 5507  65989           1.1 s  Freq=Y N.periodos=18
2026-09-12 15:57:20   3379/ 5507  66041           0.9 s  Freq=Y N.periodos=20
2026-09-12 15:57:20   3380/ 5507  66180           0.7 s  Freq=Y N.periodos=15
2026-09-12 15:57:21   3381/ 5507  66226           0.9 s  Freq=Y N.periodos=19
2026-09-12 15:57:22   3382/ 5507  79286           0.7 s  Freq=Q N.periodos=2
2026-09-12 15:57:23   3383/ 5507  65105           1.0 s  Freq=Q N.periodos=62
2026-09-12 15:57:24   3384/ 5507  65131           0.9 s  Freq=Q N.periodos=98
2026-09-12 15:57:25   3385/ 5507  65324           1.2 s  Freq=Q N.periodos=98
2026-09-12 15:57:26   3386/ 5507  65641           1.2 s  Freq=Y N.periodos=10
2026-09-12 15:57:27   3387/ 5507  65652           0.9 s  Freq=Y N.periodos=15
2026-09-12 15:57:28   3388/ 5507  65738           1.0 s  Freq=Y N.periodos=10
2026-09-12 15:57:29   3389/ 5507  65803           1.0 s  Freq=Y N.periodos=5
2026-09-12 15:57:30   3390/ 5507  65830           0.7 s  Freq=Y N.periodos=15
2026-09-12 15:57:31   3391/ 5507  65861           0.5 s  Freq=Y N.periodos=20
2026-09-12 15:57:32   3392/ 5507  65990           1.1 s  Freq=Y N.periodos=18
2026-09-12 15:57:32   3393/ 5507  66042           0.8 s  Freq=Y N.periodos=18
2026-09-12 15:57:33   3394/ 5507  66181           0.7 s  Freq=Y N.periodos=20
2026-09-12 15:57:34   3395/ 5507  66227           0.8 s  Freq=Y N.periodos=19
2026-09-12 15:57:35   3396/ 5507  79317           0.7 s  Freq=Q N.periodos=2
2026-09-12 15:57:36   3397/ 5507  65106           1.0 s  Freq=Q N.periodos=98
2026-09-12 15:57:37   3398/ 5507  65132           1.2 s  Freq=Q N.periodos=98
2026-09-12 15:57:38   3399/ 5507  65245           0.6 s  Freq=Q N.periodos=62
2026-09-12 15:57:38   3400/ 5507  65325           0.7 s  Freq=Q N.periodos=74
2026-09-12 15:57:39   3401/ 5507  65616           0.6 s  Freq=Y N.periodos=10
2026-09-12 15:57:40   3402/ 5507  65642           0.9 s  Freq=Y N.periodos=10
2026-09-12 15:57:41   3403/ 5507  65702           0.7 s  Freq=Y N.periodos=10
2026-09-12 15:57:41   3404/ 5507  65739           0.5 s  Freq=Y N.periodos=10
2026-09-12 15:57:42   3405/ 5507  65804           1.2 s  Freq=Y N.periodos=5
2026-09-12 15:57:43   3406/ 5507  65831           0.6 s  Freq=Y N.periodos=15
2026-09-12 15:57:43   3407/ 5507  65862           0.5 s  Freq=Y N.periodos=20
2026-09-12 15:57:44   3408/ 5507  65991           0.8 s  Freq=Y N.periodos=18
2026-09-12 15:57:45   3409/ 5507  66043           0.5 s  Freq=Y N.periodos=15
2026-09-12 15:57:45   3410/ 5507  66182           0.6 s  Freq=Y N.periodos=20
2026-09-12 15:57:47   3411/ 5507  66228           1.2 s  Freq=Y N.periodos=19
2026-09-12 15:57:48   3412/ 5507  65107           1.3 s  Freq=Q N.periodos=98
2026-09-12 15:57:48   3413/ 5507  65133           0.6 s  Freq=Q N.periodos=74
2026-09-12 15:57:49   3414/ 5507  65246           0.7 s  Freq=Q N.periodos=98
2026-09-12 15:57:51   3415/ 5507  65617           1.6 s  Freq=Y N.periodos=10
2026-09-12 15:57:51   3416/ 5507  65643           0.6 s  Freq=Y N.periodos=10
2026-09-12 15:57:53   3417/ 5507  65703           1.0 s  Freq=Y N.periodos=10
2026-09-12 15:57:53   3418/ 5507  65740           0.8 s  Freq=Y N.periodos=10
2026-09-12 15:57:54   3419/ 5507  65805           0.6 s  Freq=Y N.periodos=20
2026-09-12 15:57:55   3420/ 5507  65817           0.9 s  Freq=Y N.periodos=15
2026-09-12 15:57:56   3421/ 5507  65863           0.8 s  Freq=Y N.periodos=20
2026-09-12 15:57:56   3422/ 5507  65992           0.5 s  Freq=Y N.periodos=18
2026-09-12 15:57:57   3423/ 5507  66044           1.2 s  Freq=Y N.periodos=15
2026-09-12 15:57:58   3424/ 5507  79331           0.9 s  Freq=Q N.periodos=2
2026-09-12 15:57:59   3425/ 5507  65108           0.6 s  Freq=Q N.periodos=74
2026-09-12 15:57:59   3426/ 5507  65247           0.6 s  Freq=Q N.periodos=62
2026-09-12 15:58:00   3427/ 5507  65326           0.7 s  Freq=Q N.periodos=74
2026-09-12 15:58:01   3428/ 5507  65618           1.1 s  Freq=Y N.periodos=10
2026-09-12 15:58:02   3429/ 5507  65644           0.8 s  Freq=Y N.periodos=10
2026-09-12 15:58:03   3430/ 5507  65704           0.5 s  Freq=Y N.periodos=10
2026-09-12 15:58:03   3431/ 5507  65741           0.7 s  Freq=Y N.periodos=10
2026-09-12 15:58:04   3432/ 5507  65806           0.9 s  Freq=Y N.periodos=20
2026-09-12 15:58:05   3433/ 5507  65864           0.5 s  Freq=Y N.periodos=20
2026-09-12 15:58:05   3434/ 5507  65993           0.5 s  Freq=Y N.periodos=18
2026-09-12 15:58:06   3435/ 5507  66045           1.1 s  Freq=Y N.periodos=18
2026-09-12 15:58:07   3436/ 5507  79287           0.8 s  Freq=Q N.periodos=2
2026-09-12 15:58:08   3437/ 5507  65134           0.9 s  Freq=Q N.periodos=62
2026-09-12 15:58:09   3438/ 5507  65248           1.0 s  Freq=Q N.periodos=74
2026-09-12 15:58:10   3439/ 5507  65619           1.0 s  Freq=Y N.periodos=10
2026-09-12 15:58:11   3440/ 5507  65645           0.7 s  Freq=Y N.periodos=10
2026-09-12 15:58:12   3441/ 5507  65705           1.0 s  Freq=Y N.periodos=10
2026-09-12 15:58:13   3442/ 5507  65742           0.9 s  Freq=Y N.periodos=10
2026-09-12 15:58:13   3443/ 5507  65807           0.8 s  Freq=Y N.periodos=20
2026-09-12 15:58:14   3444/ 5507  65818           0.8 s  Freq=Y N.periodos=15
2026-09-12 15:58:15   3445/ 5507  65865           1.1 s  Freq=Y N.periodos=20
2026-09-12 15:58:16   3446/ 5507  66046           1.0 s  Freq=Y N.periodos=18
2026-09-12 15:58:17   3447/ 5507  79280           0.8 s  Freq=Q N.periodos=2
2026-09-12 15:58:18   3448/ 5507  79332           0.7 s  Freq=Q N.periodos=2
2026-09-12 15:58:19   3449/ 5507  65135           0.9 s  Freq=Q N.periodos=62
2026-09-12 15:58:20   3450/ 5507  65327           1.0 s  Freq=Q N.periodos=98
2026-09-12 15:58:20   3451/ 5507  65620           0.7 s  Freq=Y N.periodos=10
2026-09-12 15:58:21   3452/ 5507  65646           0.8 s  Freq=Y N.periodos=10
2026-09-12 15:58:22   3453/ 5507  65706           1.0 s  Freq=Y N.periodos=10
2026-09-12 15:58:23   3454/ 5507  65743           0.8 s  Freq=Y N.periodos=10
2026-09-12 15:58:24   3455/ 5507  65808           0.7 s  Freq=Y N.periodos=20
2026-09-12 15:58:24   3456/ 5507  65819           0.6 s  Freq=Y N.periodos=15
2026-09-12 15:58:25   3457/ 5507  65866           1.0 s  Freq=Y N.periodos=15
2026-09-12 15:58:26   3458/ 5507  66047           0.6 s  Freq=Y N.periodos=20
2026-09-12 15:58:26   3459/ 5507  79318           0.6 s  Freq=Q N.periodos=2
2026-09-12 15:58:27   3460/ 5507  65136           0.8 s  Freq=Q N.periodos=62
2026-09-12 15:58:28   3461/ 5507  65249           0.7 s  Freq=Q N.periodos=74
2026-09-12 15:58:29   3462/ 5507  65328           0.9 s  Freq=Q N.periodos=98
2026-09-12 15:58:30   3463/ 5507  65621           1.0 s  Freq=Y N.periodos=10
2026-09-12 15:58:30   3464/ 5507  65671           0.6 s  Freq=Y N.periodos=5
2026-09-12 15:58:31   3465/ 5507  65707           0.7 s  Freq=Y N.periodos=10
2026-09-12 15:58:32   3466/ 5507  65744           0.8 s  Freq=Y N.periodos=10
2026-09-12 15:58:32   3467/ 5507  65809           0.6 s  Freq=Y N.periodos=5
2026-09-12 15:58:33   3468/ 5507  65820           0.5 s  Freq=Y N.periodos=15
2026-09-12 15:58:34   3469/ 5507  65832           0.8 s  Freq=Y N.periodos=15
2026-09-12 15:58:35   3470/ 5507  65867           0.9 s  Freq=Y N.periodos=15
2026-09-12 15:58:36   3471/ 5507  66048           1.0 s  Freq=Y N.periodos=20
2026-09-12 15:58:37   3472/ 5507  65137           1.2 s  Freq=Q N.periodos=62
2026-09-12 15:58:38   3473/ 5507  65329           0.9 s  Freq=Q N.periodos=98
2026-09-12 15:58:38   3474/ 5507  65622           0.7 s  Freq=Y N.periodos=10
2026-09-12 15:58:39   3475/ 5507  65672           0.8 s  Freq=Y N.periodos=5
2026-09-12 15:58:40   3476/ 5507  65708           0.6 s  Freq=Y N.periodos=10
2026-09-12 15:58:41   3477/ 5507  65745           0.9 s  Freq=Y N.periodos=10
2026-09-12 15:58:42   3478/ 5507  65810           1.7 s  Freq=Y N.periodos=5
2026-09-12 15:58:43   3479/ 5507  65821           0.5 s  Freq=Y N.periodos=15
2026-09-12 15:58:44   3480/ 5507  65868           0.9 s  Freq=Y N.periodos=15
2026-09-12 15:58:44   3481/ 5507  66049           0.6 s  Freq=Y N.periodos=20
2026-09-12 15:58:45   3482/ 5507  79319           0.7 s  Freq=Q N.periodos=2
2026-09-12 15:58:46   3483/ 5507  65138           1.4 s  Freq=Q N.periodos=74
2026-09-12 15:58:47   3484/ 5507  65250           0.7 s  Freq=Q N.periodos=74
2026-09-12 15:58:49   3485/ 5507  65330           1.5 s  Freq=Q N.periodos=98
2026-09-12 15:58:49   3486/ 5507  65665           0.7 s  Freq=Y N.periodos=5
2026-09-12 15:58:50   3487/ 5507  65709           0.6 s  Freq=Y N.periodos=10
2026-09-12 15:58:51   3488/ 5507  65746           1.3 s  Freq=Y N.periodos=10
2026-09-12 15:58:52   3489/ 5507  65822           0.5 s  Freq=Y N.periodos=15
2026-09-12 15:58:52   3490/ 5507  65833           0.6 s  Freq=Y N.periodos=15
2026-09-12 15:58:53   3491/ 5507  65869           0.8 s  Freq=Y N.periodos=15
2026-09-12 15:58:54   3492/ 5507  66050           0.8 s  Freq=Y N.periodos=20
2026-09-12 15:58:54   3493/ 5507  65666           0.5 s  Freq=Y N.periodos=5
2026-09-12 15:58:55   3494/ 5507  65710           0.5 s  Freq=Y N.periodos=10
2026-09-12 15:58:56   3495/ 5507  65823           0.6 s  Freq=Y N.periodos=15
2026-09-12 15:58:56   3496/ 5507  65870           0.8 s  Freq=Y N.periodos=15
2026-09-12 15:58:57   3497/ 5507  66051           0.8 s  Freq=Y N.periodos=20
2026-09-12 15:58:58   3498/ 5507  79288           0.6 s  Freq=Q N.periodos=2
2026-09-12 15:58:59   3499/ 5507  79320           0.8 s  Freq=Q N.periodos=2
2026-09-12 15:59:00   3500/ 5507  65139           1.2 s  Freq=Q N.periodos=62
2026-09-12 15:59:01   3501/ 5507  65251           1.2 s  Freq=Q N.periodos=74
2026-09-12 15:59:02   3502/ 5507  65871           0.7 s  Freq=Y N.periodos=15
2026-09-12 15:59:03   3503/ 5507  66052           0.8 s  Freq=Y N.periodos=20
2026-09-12 15:59:04   3504/ 5507  65140           1.0 s  Freq=Q N.periodos=74
2026-09-12 15:59:05   3505/ 5507  65824           1.0 s  Freq=Y N.periodos=15
2026-09-12 15:59:05   3506/ 5507  65872           0.7 s  Freq=Y N.periodos=18
2026-09-12 15:59:06   3507/ 5507  66053           0.7 s  Freq=Y N.periodos=20
2026-09-12 15:59:07   3508/ 5507  79321           0.5 s  Freq=Q N.periodos=2
2026-09-12 15:59:07   3509/ 5507  65252           0.8 s  Freq=Q N.periodos=74
2026-09-12 15:59:08   3510/ 5507  65873           0.8 s  Freq=Y N.periodos=18
2026-09-12 15:59:09   3511/ 5507  66054           0.7 s  Freq=Y N.periodos=20
2026-09-12 15:59:10   3512/ 5507  79289           0.7 s  Freq=Q N.periodos=2
2026-09-12 15:59:11   3513/ 5507  65142           0.9 s  Freq=Q N.periodos=74
2026-09-12 15:59:11   3514/ 5507  65825           0.5 s  Freq=Y N.periodos=15
2026-09-12 15:59:12   3515/ 5507  65874           0.6 s  Freq=Y N.periodos=18
2026-09-12 15:59:12   3516/ 5507  66055           0.8 s  Freq=Y N.periodos=20
2026-09-12 15:59:13   3517/ 5507  79322           1.1 s  Freq=Q N.periodos=2
2026-09-12 15:59:14   3518/ 5507  65834           0.6 s  Freq=Y N.periodos=15
2026-09-12 15:59:15   3519/ 5507  65875           0.7 s  Freq=Y N.periodos=18
2026-09-12 15:59:16   3520/ 5507  66056           0.9 s  Freq=Y N.periodos=20
2026-09-12 15:59:16   3521/ 5507  79290           0.6 s  Freq=Q N.periodos=2
2026-09-12 15:59:17   3522/ 5507  65141           0.9 s  Freq=Q N.periodos=62
2026-09-12 15:59:18   3523/ 5507  65876           0.6 s  Freq=Y N.periodos=18
2026-09-12 15:59:18   3524/ 5507  66057           0.6 s  Freq=Y N.periodos=20
2026-09-12 15:59:19   3525/ 5507  65143           0.8 s  Freq=Q N.periodos=74
2026-09-12 15:59:20   3526/ 5507  65835           0.7 s  Freq=Y N.periodos=15
2026-09-12 15:59:21   3527/ 5507  65877           0.8 s  Freq=Y N.periodos=18
2026-09-12 15:59:22   3528/ 5507  66058           0.8 s  Freq=Y N.periodos=12
2026-09-12 15:59:22   3529/ 5507  65934           0.8 s  Freq=Y N.periodos=15
2026-09-12 15:59:23   3530/ 5507  66059           0.8 s  Freq=Y N.periodos=12
2026-09-12 15:59:24   3531/ 5507  65836           0.9 s  Freq=Y N.periodos=15
2026-09-12 15:59:25   3532/ 5507  65878           0.6 s  Freq=Y N.periodos=5
2026-09-12 15:59:25   3533/ 5507  66060           0.8 s  Freq=Y N.periodos=20
2026-09-12 15:59:26   3534/ 5507  65837           0.8 s  Freq=Y N.periodos=15
2026-09-12 15:59:27   3535/ 5507  65935           0.6 s  Freq=Y N.periodos=15
2026-09-12 15:59:30   3536/ 5507  66061           3.2 s  Freq=Y N.periodos=20
2026-09-12 15:59:31   3537/ 5507  65147           1.1 s  Freq=Q N.periodos=74
2026-09-12 15:59:32   3538/ 5507  65838           0.6 s  Freq=Y N.periodos=15
2026-09-12 15:59:32   3539/ 5507  65879           0.6 s  Freq=Y N.periodos=5
2026-09-12 15:59:34   3540/ 5507  66062           1.4 s  Freq=Y N.periodos=20
2026-09-12 15:59:35   3541/ 5507  65839           1.3 s  Freq=Y N.periodos=15
2026-09-12 15:59:36   3542/ 5507  65936           0.8 s  Freq=Y N.periodos=15
2026-09-12 15:59:37   3543/ 5507  66063           1.2 s  Freq=Y N.periodos=20
2026-09-12 15:59:39   3544/ 5507  79291           1.7 s  Freq=Q N.periodos=2
2026-09-12 15:59:40   3545/ 5507  65148           1.4 s  Freq=Q N.periodos=98
2026-09-12 15:59:41   3546/ 5507  65840           1.1 s  Freq=Y N.periodos=15
2026-09-12 15:59:43   3547/ 5507  65880           2.0 s  Freq=Y N.periodos=5
2026-09-12 15:59:44   3548/ 5507  66064           0.8 s  Freq=Y N.periodos=20
2026-09-12 15:59:46   3549/ 5507  65149           1.4 s  Freq=Q N.periodos=74
2026-09-12 15:59:47   3550/ 5507  65841           1.0 s  Freq=Y N.periodos=15
2026-09-12 15:59:47   3551/ 5507  66065           0.9 s  Freq=Y N.periodos=20
2026-09-12 15:59:49   3552/ 5507  79292           1.4 s  Freq=Q N.periodos=2
2026-09-12 15:59:50   3553/ 5507  65150           0.8 s  Freq=Q N.periodos=98
2026-09-12 15:59:50   3554/ 5507  65151           0.8 s  Freq=Q N.periodos=62
2026-09-12 15:59:52   3555/ 5507  65152           1.3 s  Freq=Q N.periodos=86
2026-09-12 15:59:53   3556/ 5507  65153           0.9 s  Freq=Q N.periodos=74
2026-09-12 15:59:53   3557/ 5507  79293           0.5 s  Freq=Q N.periodos=2
2026-09-12 15:59:54   3558/ 5507  65154           0.8 s  Freq=Q N.periodos=62
2026-09-12 15:59:55   3559/ 5507  65155           1.0 s  Freq=Q N.periodos=98
2026-09-12 15:59:56   3560/ 5507  65156           1.2 s  Freq=Q N.periodos=74
2026-09-12 15:59:57   3561/ 5507  79294           1.1 s  Freq=Q N.periodos=2
2026-09-12 15:59:58   3562/ 5507  65157           1.1 s  Freq=Q N.periodos=74
2026-09-12 15:59:59   3563/ 5507  65158           0.8 s  Freq=Q N.periodos=62
2026-09-12 16:00:00   3564/ 5507  65159           1.2 s  Freq=Q N.periodos=74
2026-09-12 16:00:02   3565/ 5507  79295           1.3 s  Freq=Q N.periodos=2
2026-09-12 16:00:03   3566/ 5507  65160           1.1 s  Freq=Q N.periodos=62
2026-09-12 16:00:04   3567/ 5507  65161           1.5 s  Freq=Q N.periodos=74
2026-09-12 16:00:06   3568/ 5507  79296           1.1 s  Freq=Q N.periodos=2
2026-09-12 16:00:07   3569/ 5507  65162           1.3 s  Freq=Q N.periodos=62
2026-09-12 16:00:08   3570/ 5507  65163           1.0 s  Freq=Q N.periodos=74
2026-09-12 16:00:09   3571/ 5507  79297           1.1 s  Freq=Q N.periodos=2
2026-09-12 16:00:10   3572/ 5507  65164           1.0 s  Freq=Q N.periodos=62
2026-09-12 16:00:11   3573/ 5507  65165           0.9 s  Freq=Q N.periodos=74
2026-09-12 16:00:11   3574/ 5507  79298           0.6 s  Freq=Q N.periodos=2
2026-09-12 16:00:12   3575/ 5507  65166           0.7 s  Freq=Q N.periodos=62
2026-09-12 16:00:14   3576/ 5507  65167           1.5 s  Freq=Q N.periodos=22
2026-09-12 16:00:14   3577/ 5507  79299           0.8 s  Freq=Q N.periodos=2
2026-09-12 16:00:15   3578/ 5507  65168           0.5 s  Freq=Q N.periodos=22
2026-09-12 16:00:16   3579/ 5507  65169           1.3 s  Freq=Q N.periodos=74
2026-09-12 16:00:17   3580/ 5507  79300           1.3 s  Freq=Q N.periodos=2
2026-09-12 16:00:19   3581/ 5507  65170           1.2 s  Freq=Q N.periodos=74
2026-09-12 16:00:19   3582/ 5507  79301           0.7 s  Freq=Q N.periodos=2
2026-09-12 16:00:20   3583/ 5507  65171           0.8 s  Freq=Q N.periodos=74
2026-09-12 16:00:21   3584/ 5507  79302           0.5 s  Freq=Q N.periodos=2
2026-09-12 16:00:21   3585/ 5507  65172           0.6 s  Freq=Q N.periodos=74
2026-09-12 16:00:22   3586/ 5507  79303           0.8 s  Freq=Q N.periodos=2
2026-09-12 16:00:23   3587/ 5507  65173           1.0 s  Freq=Q N.periodos=98
2026-09-12 16:00:24   3588/ 5507  65174           1.3 s  Freq=Q N.periodos=98
2026-09-12 16:00:25   3589/ 5507  65175           0.8 s  Freq=Q N.periodos=50
2026-09-12 16:00:26   3590/ 5507  65176           0.6 s  Freq=Q N.periodos=74
2026-09-12 16:00:26   3591/ 5507  79304           0.5 s  Freq=Q N.periodos=2
2026-09-12 16:00:27   3592/ 5507  65177           0.6 s  Freq=Q N.periodos=62
2026-09-12 16:00:28   3593/ 5507  65178           1.2 s  Freq=Q N.periodos=86
2026-09-12 16:00:29   3594/ 5507  65179           0.6 s  Freq=Q N.periodos=62
2026-09-12 16:00:30   3595/ 5507  79305           0.8 s  Freq=Q N.periodos=2
2026-09-12 16:00:31   3596/ 5507  65180           1.0 s  Freq=Q N.periodos=62
2026-09-12 16:00:32   3597/ 5507  79306           1.0 s  Freq=Q N.periodos=2
2026-09-12 16:00:32   3598/ 5507  65181           1.0 s  Freq=Q N.periodos=62
2026-09-12 16:00:33   3599/ 5507  79307           0.6 s  Freq=Q N.periodos=2
2026-09-12 16:00:34   3600/ 5507  65182           0.8 s  Freq=Q N.periodos=62
2026-09-12 16:00:35   3601/ 5507  79308           1.2 s  Freq=Q N.periodos=2
2026-09-12 16:00:36   3602/ 5507  65183           0.8 s  Freq=Q N.periodos=98
2026-09-12 16:00:37   3603/ 5507  65184           1.0 s  Freq=Q N.periodos=98
2026-09-12 16:00:38   3604/ 5507  65185           1.0 s  Freq=Q N.periodos=62
2026-09-12 16:00:39   3605/ 5507  65186           0.6 s  Freq=Q N.periodos=98
2026-09-12 16:00:40   3606/ 5507  65187           1.1 s  Freq=Q N.periodos=98
2026-09-12 16:00:40   3607/ 5507  65188           0.7 s  Freq=Q N.periodos=98
2026-09-12 16:00:42   3608/ 5507  65189           1.7 s  Freq=Q N.periodos=98
2026-09-12 16:00:44   3609/ 5507  65190           1.4 s  Freq=Q N.periodos=74
2026-09-12 16:00:44   3610/ 5507  79309           0.7 s  Freq=Q N.periodos=2
2026-09-12 16:00:45   3611/ 5507  65191           1.0 s  Freq=Q N.periodos=74
2026-09-12 16:00:46   3612/ 5507  79310           0.5 s  Freq=Q N.periodos=2
2026-09-12 16:00:47   3613/ 5507  65192           1.1 s  Freq=Q N.periodos=74
2026-09-12 16:00:48   3614/ 5507  79311           1.2 s  Freq=Q N.periodos=2
2026-09-12 16:00:50   3615/ 5507  65193           1.7 s  Freq=Q N.periodos=98
2026-09-12 16:00:51   3616/ 5507  65194           1.1 s  Freq=Q N.periodos=98
2026-09-12 16:00:52   3617/ 5507  65195           1.3 s  Freq=Q N.periodos=98
2026-09-12 16:00:53   3618/ 5507  65196           0.8 s  Freq=Q N.periodos=98
2026-09-12 16:00:54   3619/ 5507  65197           1.2 s  Freq=Q N.periodos=98
2026-09-12 16:00:56   3620/ 5507  65198           1.5 s  Freq=Q N.periodos=98
2026-09-12 16:00:57   3621/ 5507  65199           1.2 s  Freq=Q N.periodos=98
2026-09-12 16:00:58   3622/ 5507  65200           0.9 s  Freq=Q N.periodos=98
2026-09-12 16:00:59   3623/ 5507  65201           0.9 s  Freq=Q N.periodos=98
2026-09-12 16:01:00   3624/ 5507  65202           0.9 s  Freq=Q N.periodos=98
2026-09-12 16:01:01   3625/ 5507  65203           1.3 s  Freq=Q N.periodos=74
2026-09-12 16:01:02   3626/ 5507  79312           0.7 s  Freq=Q N.periodos=2
2026-09-12 16:01:03   3627/ 5507  65204           0.9 s  Freq=Q N.periodos=98
2026-09-12 16:01:04   3628/ 5507  65205           0.9 s  Freq=Q N.periodos=98
2026-09-12 16:01:05   3629/ 5507  65206           1.0 s  Freq=Q N.periodos=98
2026-09-12 16:01:06   3630/ 5507  65207           1.1 s  Freq=Q N.periodos=98
2026-09-12 16:01:07   3631/ 5507  65208           1.2 s  Freq=Q N.periodos=98
2026-09-12 16:01:08   3632/ 5507  65209           1.4 s  Freq=Q N.periodos=98
2026-09-12 16:01:09   3633/ 5507  65210           1.1 s  Freq=Q N.periodos=98
2026-09-12 16:01:10   3634/ 5507  65211           0.9 s  Freq=Q N.periodos=86
2026-09-12 16:01:11   3635/ 5507  65212           0.9 s  Freq=Q N.periodos=74
2026-09-12 16:01:12   3636/ 5507  79313           0.9 s  Freq=Q N.periodos=2
2026-09-12 16:01:13   3637/ 5507  65213           1.5 s  Freq=Q N.periodos=62
2026-09-12 16:01:14   3638/ 5507  65214           1.1 s  Freq=Q N.periodos=74
2026-09-12 16:01:15   3639/ 5507  79314           0.7 s  Freq=Q N.periodos=2
2026-09-12 16:01:17   3640/ 5507  65215           1.3 s  Freq=Q N.periodos=62
2026-09-12 16:01:17   3641/ 5507  65216           0.9 s  Freq=Q N.periodos=74
2026-09-12 16:01:18   3642/ 5507  79315           0.9 s  Freq=Q N.periodos=2
2026-09-12 16:01:19   3643/ 5507  65217           0.6 s  Freq=Q N.periodos=62
2026-09-12 16:01:20   3644/ 5507  20239           1.1 s  Freq=M N.periodos=367
2026-09-12 16:01:21   3645/ 5507  49359           1.0 s  Freq=M N.periodos=367
2026-09-12 16:01:22   3646/ 5507  20240           1.1 s  Freq=M N.periodos=175
2026-09-12 16:01:23   3647/ 5507  49360           1.0 s  Freq=M N.periodos=175
2026-09-12 16:01:24   3648/ 5507  20193           0.8 s  Freq=M N.periodos=175
2026-09-12 16:01:25   3649/ 5507  49361           1.0 s  Freq=M N.periodos=175
2026-09-12 16:01:26   3650/ 5507  26363           1.2 s  Freq=M N.periodos=115
2026-09-12 16:01:27   3651/ 5507  75727           0.6 s  Freq=M N.periodos=115
2026-09-12 16:01:28   3652/ 5507  6030            0.9 s  Freq=Q N.periodos=73
2026-09-12 16:01:28   3653/ 5507  6038            0.7 s  Freq=Q N.periodos=73
2026-09-12 16:01:29   3654/ 5507  6042            0.6 s  Freq=Q N.periodos=73
2026-09-12 16:01:30   3655/ 5507  6047            1.0 s  Freq=Q N.periodos=51
2026-09-12 16:01:32   3656/ 5507  6048            1.8 s  Freq=Q N.periodos=51
2026-09-12 16:01:33   3657/ 5507  6049            1.0 s  Freq=Q N.periodos=51
2026-09-12 16:01:33   3658/ 5507  6056            0.6 s  Freq=Q N.periodos=73
2026-09-12 16:01:35   3659/ 5507  6061            1.2 s  Freq=Q N.periodos=73
2026-09-12 16:01:36   3660/ 5507  6063            1.4 s  Freq=Q N.periodos=73
2026-09-12 16:01:37   3661/ 5507  6064            1.0 s  Freq=Q N.periodos=51
2026-09-12 16:01:38   3662/ 5507  6067            0.9 s  Freq=Q N.periodos=32
2026-09-12 16:01:38   3663/ 5507  6070            0.5 s  Freq=Q N.periodos=32
2026-09-12 16:01:39   3664/ 5507  6076            0.6 s  Freq=Q N.periodos=32
2026-09-12 16:01:40   3665/ 5507  6080            0.8 s  Freq=Q N.periodos=32
2026-09-12 16:01:41   3666/ 5507  60300           1.0 s  Freq=Q N.periodos=73
2026-09-12 16:01:42   3667/ 5507  79658           1.2 s  Freq=Q N.periodos=73
2026-09-12 16:01:43   3668/ 5507  6031            0.8 s  Freq=Q N.periodos=73
2026-09-12 16:01:44   3669/ 5507  6039            0.8 s  Freq=Q N.periodos=73
2026-09-12 16:01:45   3670/ 5507  6043            1.0 s  Freq=Q N.periodos=73
2026-09-12 16:01:45   3671/ 5507  6057            0.9 s  Freq=Q N.periodos=73
2026-09-12 16:01:46   3672/ 5507  6062            0.8 s  Freq=Q N.periodos=73
2026-09-12 16:01:47   3673/ 5507  6068            0.8 s  Freq=Q N.periodos=32
2026-09-12 16:01:48   3674/ 5507  6071            1.1 s  Freq=Q N.periodos=32
2026-09-12 16:01:49   3675/ 5507  6077            0.8 s  Freq=Q N.periodos=32
2026-09-12 16:01:50   3676/ 5507  6081            0.7 s  Freq=Q N.periodos=32
2026-09-12 16:01:54   3677/ 5507  6091            4.5 s  Freq=Q N.periodos=32
2026-09-12 16:01:56   3678/ 5507  79659           2.3 s  Freq=Q N.periodos=73
2026-09-12 16:01:57   3679/ 5507  6032            1.1 s  Freq=Q N.periodos=73
2026-09-12 16:01:58   3680/ 5507  6040            0.8 s  Freq=Q N.periodos=73
2026-09-12 16:01:59   3681/ 5507  6044            0.8 s  Freq=Q N.periodos=73
2026-09-12 16:02:00   3682/ 5507  6058            0.9 s  Freq=Q N.periodos=73
2026-09-12 16:02:01   3683/ 5507  6060            0.9 s  Freq=Q N.periodos=105
2026-09-12 16:02:02   3684/ 5507  6066            1.1 s  Freq=Q N.periodos=51
2026-09-12 16:02:03   3685/ 5507  6072            0.6 s  Freq=Q N.periodos=32
2026-09-12 16:02:03   3686/ 5507  6078            0.8 s  Freq=Q N.periodos=32
2026-09-12 16:02:04   3687/ 5507  6082            1.2 s  Freq=Q N.periodos=32
2026-09-12 16:02:05   3688/ 5507  11221           0.8 s  Freq=Q N.periodos=105
2026-09-12 16:02:06   3689/ 5507  79660           0.7 s  Freq=Q N.periodos=73
2026-09-12 16:02:08   3690/ 5507  6033            1.5 s  Freq=Q N.periodos=73
2026-09-12 16:02:08   3691/ 5507  6041            0.9 s  Freq=Q N.periodos=73
2026-09-12 16:02:09   3692/ 5507  6045            0.9 s  Freq=Q N.periodos=73
2026-09-12 16:02:10   3693/ 5507  6073            0.8 s  Freq=Q N.periodos=32
2026-09-12 16:02:11   3694/ 5507  6079            0.7 s  Freq=Q N.periodos=32
2026-09-12 16:02:12   3695/ 5507  6083            1.0 s  Freq=Q N.periodos=32
2026-09-12 16:02:13   3696/ 5507  11222           0.8 s  Freq=Q N.periodos=105
2026-09-12 16:02:14   3697/ 5507  79661           1.0 s  Freq=Q N.periodos=73
2026-09-12 16:02:15   3698/ 5507  6034            1.0 s  Freq=Q N.periodos=73
2026-09-12 16:02:16   3699/ 5507  6046            1.0 s  Freq=Q N.periodos=73
2026-09-12 16:02:16   3700/ 5507  6074            0.5 s  Freq=Q N.periodos=32
2026-09-12 16:02:21   3701/ 5507  79662           4.6 s  Freq=Q N.periodos=73
2026-09-12 16:02:22   3702/ 5507  6035            1.1 s  Freq=Q N.periodos=73
2026-09-12 16:02:23   3703/ 5507  6075            0.9 s  Freq=Q N.periodos=32
2026-09-12 16:02:24   3704/ 5507  6036            0.8 s  Freq=Q N.periodos=73
2026-09-12 16:02:24   3705/ 5507  6053            0.7 s  Freq=Q N.periodos=51
2026-09-12 16:02:25   3706/ 5507  59391           0.7 s  Freq=Q N.periodos=105
2026-09-12 16:02:26   3707/ 5507  6037            1.1 s  Freq=Q N.periodos=73
2026-09-12 16:02:27   3708/ 5507  6054            0.9 s  Freq=Q N.periodos=51
2026-09-12 16:02:29   3709/ 5507  59392           2.0 s  Freq=Q N.periodos=105
2026-09-12 16:02:30   3710/ 5507  6055            0.7 s  Freq=Q N.periodos=51
2026-09-12 16:02:31   3711/ 5507  6528            0.6 s  Freq=Y N.periodos=50
2026-09-12 16:02:33   3712/ 5507  6540            2.1 s  Freq=M N.periodos=600
2026-09-12 16:02:34   3713/ 5507  9107            1.4 s  Freq=Y N.periodos=20
2026-09-12 16:03:25   3714/ 5507  31998          50.6 s   <-- LENTO  Freq=Y N.periodos=15
2026-09-12 16:03:29   3715/ 5507  32856           4.1 s  Freq=Y N.periodos=15
2026-09-12 16:05:26   3716/ 5507  32876         117.7 s   <-- LENTO  Freq=Y N.periodos=15
2026-09-12 16:05:28   3717/ 5507  32901           1.5 s  Freq=Y N.periodos=15
2026-09-12 16:05:34   3718/ 5507  37539           5.8 s  Freq=Y N.periodos=15
2026-09-12 16:05:36   3719/ 5507  37643           2.5 s  Freq=Y N.periodos=15
2026-09-12 16:05:37   3720/ 5507  45533           0.8 s  Freq=Y N.periodos=6
2026-09-12 16:06:05   3721/ 5507  46672          28.0 s  Freq=Y N.periodos=15
2026-09-12 16:06:06   3722/ 5507  48861           1.0 s  Freq=Y N.periodos=33
2026-09-12 16:06:07   3723/ 5507  48872           0.9 s  Freq=Y N.periodos=50
2026-09-12 16:06:08   3724/ 5507  6529            1.0 s  Freq=Y N.periodos=50
2026-09-12 16:06:09   3725/ 5507  6541            0.7 s  Freq=M N.periodos=600
2026-09-12 16:06:09   3726/ 5507  6566            0.7 s  Freq=Y N.periodos=33
2026-09-12 16:06:10   3727/ 5507  6580            0.6 s  Freq=Y N.periodos=33
2026-09-12 16:06:11   3728/ 5507  6581            0.6 s  Freq=Y N.periodos=33
2026-09-12 16:06:11   3729/ 5507  9108            0.6 s  Freq=Y N.periodos=20
2026-09-12 16:06:14   3730/ 5507  32002           3.1 s  Freq=Y N.periodos=15
2026-09-12 16:06:18   3731/ 5507  32857           4.0 s  Freq=Y N.periodos=15
2026-09-12 16:06:26   3732/ 5507  32877           8.1 s  Freq=Y N.periodos=15
2026-09-12 16:06:28   3733/ 5507  32902           1.3 s  Freq=Y N.periodos=15
2026-09-12 16:06:31   3734/ 5507  37540           3.0 s  Freq=Y N.periodos=15
2026-09-12 16:06:32   3735/ 5507  37644           1.0 s  Freq=Y N.periodos=15
2026-09-12 16:06:32   3736/ 5507  45536           0.5 s  Freq=Y N.periodos=6
2026-09-12 16:06:33   3737/ 5507  48862           1.0 s  Freq=Y N.periodos=33
2026-09-12 16:06:37   3738/ 5507  77158           3.3 s  Freq=Y N.periodos=50
2026-09-12 16:06:38   3739/ 5507  6542            1.1 s  Freq=M N.periodos=996
2026-09-12 16:06:39   3740/ 5507  6567            0.9 s  Freq=Y N.periodos=33
2026-09-12 16:06:40   3741/ 5507  6582            1.1 s  Freq=Y N.periodos=33
2026-09-12 16:06:40   3742/ 5507  6583            0.8 s  Freq=Y N.periodos=33
2026-09-12 16:06:41   3743/ 5507  9109            0.7 s  Freq=Y N.periodos=20
2026-09-12 16:06:44   3744/ 5507  32005           3.3 s  Freq=Y N.periodos=15
2026-09-12 16:06:46   3745/ 5507  32862           1.4 s  Freq=Y N.periodos=15
2026-09-12 16:06:48   3746/ 5507  32879           2.5 s  Freq=Y N.periodos=15
2026-09-12 16:06:51   3747/ 5507  32890           3.1 s  Freq=Y N.periodos=15
2026-09-12 16:06:53   3748/ 5507  32903           1.6 s  Freq=Y N.periodos=15
2026-09-12 16:06:54   3749/ 5507  48863           1.0 s  Freq=Y N.periodos=18
2026-09-12 16:06:55   3750/ 5507  53667           0.7 s  Freq=Y N.periodos=15
2026-09-12 16:06:57   3751/ 5507  77159           2.5 s  Freq=Y N.periodos=50
2026-09-12 16:06:58   3752/ 5507  6530            0.6 s  Freq=Y N.periodos=84
2026-09-12 16:06:59   3753/ 5507  6543            0.9 s  Freq=M N.periodos=996
2026-09-12 16:07:00   3754/ 5507  6568            1.0 s  Freq=Y N.periodos=18
2026-09-12 16:07:00   3755/ 5507  6584            0.5 s  Freq=Y N.periodos=18
2026-09-12 16:07:02   3756/ 5507  6585            2.0 s  Freq=Y N.periodos=18
2026-09-12 16:07:03   3757/ 5507  9110            0.6 s  Freq=Y N.periodos=20
2026-09-12 16:07:05   3758/ 5507  32452           2.1 s  Freq=Y N.periodos=15
2026-09-12 16:07:06   3759/ 5507  32863           0.9 s  Freq=Y N.periodos=15
2026-09-12 16:07:07   3760/ 5507  32883           0.9 s  Freq=Y N.periodos=9
2026-09-12 16:07:11   3761/ 5507  32891           3.7 s  Freq=Y N.periodos=15
2026-09-12 16:07:12   3762/ 5507  32904           1.2 s  Freq=Y N.periodos=15
2026-09-12 16:07:13   3763/ 5507  37641           1.3 s  Freq=Y N.periodos=15
2026-09-12 16:07:14   3764/ 5507  77171           0.7 s  Freq=Y N.periodos=15
2026-09-12 16:07:15   3765/ 5507  6531            0.9 s  Freq=Y N.periodos=84
2026-09-12 16:07:16   3766/ 5507  9111            1.3 s  Freq=Y N.periodos=20
2026-09-12 16:07:17   3767/ 5507  32850           1.0 s  Freq=Y N.periodos=15
2026-09-12 16:07:25   3768/ 5507  32878           7.9 s  Freq=Y N.periodos=15
2026-09-12 16:07:32   3769/ 5507  32892           6.8 s  Freq=Y N.periodos=15
2026-09-12 16:07:34   3770/ 5507  37543           2.1 s  Freq=Y N.periodos=8
2026-09-12 16:07:35   3771/ 5507  37642           1.2 s  Freq=Y N.periodos=15
2026-09-12 16:07:36   3772/ 5507  70746           0.9 s  Freq=Y N.periodos=14
2026-09-12 16:07:38   3773/ 5507  70748           1.9 s  Freq=Y N.periodos=14
2026-09-12 16:07:39   3774/ 5507  77172           0.9 s  Freq=Y N.periodos=15
2026-09-12 16:07:41   3775/ 5507  6532            2.6 s  Freq=Y N.periodos=50
2026-09-12 16:07:42   3776/ 5507  9112            1.2 s  Freq=Y N.periodos=20
2026-09-12 16:07:43   3777/ 5507  32853           1.1 s  Freq=Y N.periodos=8
2026-09-12 16:07:48   3778/ 5507  32886           4.7 s  Freq=Y N.periodos=8
2026-09-12 16:07:51   3779/ 5507  37544           2.7 s  Freq=Y N.periodos=8
2026-09-12 16:07:52   3780/ 5507  53572           0.6 s  Freq=Y N.periodos=15
2026-09-12 16:07:53   3781/ 5507  70747           1.1 s  Freq=Y N.periodos=14
2026-09-12 16:07:54   3782/ 5507  70749           1.6 s  Freq=Y N.periodos=14
2026-09-12 16:07:56   3783/ 5507  6533            1.5 s  Freq=Y N.periodos=50
2026-09-12 16:07:58   3784/ 5507  9113            2.7 s  Freq=Y N.periodos=20
2026-09-12 16:07:59   3785/ 5507  32854           0.9 s  Freq=Y N.periodos=8
2026-09-12 16:08:01   3786/ 5507  32864           1.8 s  Freq=Y N.periodos=8
2026-09-12 16:08:03   3787/ 5507  32887           1.8 s  Freq=Y N.periodos=8
2026-09-12 16:08:04   3788/ 5507  32905           1.2 s  Freq=Y N.periodos=8
2026-09-12 16:08:07   3789/ 5507  37545           2.9 s  Freq=Y N.periodos=8
2026-09-12 16:08:10   3790/ 5507  37645           3.0 s  Freq=Y N.periodos=15
2026-09-12 16:08:13   3791/ 5507  6534            2.8 s  Freq=Y N.periodos=50
2026-09-12 16:08:15   3792/ 5507  9114            2.3 s  Freq=Y N.periodos=20
2026-09-12 16:08:16   3793/ 5507  32855           1.0 s  Freq=Y N.periodos=8
2026-09-12 16:08:17   3794/ 5507  32866           1.2 s  Freq=Y N.periodos=8
2026-09-12 16:08:19   3795/ 5507  32888           1.4 s  Freq=Y N.periodos=8
2026-09-12 16:08:21   3796/ 5507  32895           2.3 s  Freq=Y N.periodos=15
2026-09-12 16:08:22   3797/ 5507  32906           1.1 s  Freq=Y N.periodos=8
2026-09-12 16:08:25   3798/ 5507  37546           2.8 s  Freq=Y N.periodos=8
2026-09-12 16:08:27   3799/ 5507  37646           1.7 s  Freq=Y N.periodos=15
2026-09-12 16:08:28   3800/ 5507  6535            1.3 s  Freq=Y N.periodos=50
2026-09-12 16:08:29   3801/ 5507  32869           1.2 s  Freq=Y N.periodos=8
2026-09-12 16:08:31   3802/ 5507  32907           1.4 s  Freq=Y N.periodos=8
2026-09-12 16:08:32   3803/ 5507  37547           1.3 s  Freq=Y N.periodos=8
2026-09-12 16:08:33   3804/ 5507  53668           0.6 s  Freq=Y N.periodos=15
2026-09-12 16:08:33   3805/ 5507  60265           0.8 s  Freq=Y N.periodos=8
2026-09-12 16:08:34   3806/ 5507  60268           1.0 s  Freq=Y N.periodos=8
2026-09-12 16:08:36   3807/ 5507  6536            2.1 s  Freq=Y N.periodos=50
2026-09-12 16:08:37   3808/ 5507  32870           0.9 s  Freq=Y N.periodos=8
2026-09-12 16:08:38   3809/ 5507  32908           1.0 s  Freq=Y N.periodos=8
2026-09-12 16:08:40   3810/ 5507  37548           1.7 s  Freq=Y N.periodos=8
2026-09-12 16:08:41   3811/ 5507  60266           1.0 s  Freq=Y N.periodos=8
2026-09-12 16:08:42   3812/ 5507  60269           1.3 s  Freq=Y N.periodos=8
2026-09-12 16:08:45   3813/ 5507  6537            2.4 s  Freq=Y N.periodos=50
2026-09-12 16:08:47   3814/ 5507  32898           2.4 s  Freq=Y N.periodos=8
2026-09-12 16:08:48   3815/ 5507  37530           0.8 s  Freq=Y N.periodos=8
2026-09-12 16:08:49   3816/ 5507  37532           0.7 s  Freq=Y N.periodos=8
2026-09-12 16:08:50   3817/ 5507  60267           1.1 s  Freq=Y N.periodos=8
2026-09-12 16:08:51   3818/ 5507  60270           0.9 s  Freq=Y N.periodos=8
2026-09-12 16:08:52   3819/ 5507  6538            1.1 s  Freq=Y N.periodos=50
2026-09-12 16:08:54   3820/ 5507  32899           1.9 s  Freq=Y N.periodos=8
2026-09-12 16:08:54   3821/ 5507  37531           0.6 s  Freq=Y N.periodos=8
2026-09-12 16:08:55   3822/ 5507  37533           0.7 s  Freq=Y N.periodos=8
2026-09-12 16:08:57   3823/ 5507  6539            1.8 s  Freq=Y N.periodos=50
2026-09-12 16:08:58   3824/ 5507  32900           1.4 s  Freq=Y N.periodos=8
2026-09-12 16:08:59   3825/ 5507  6506            1.0 s  Freq=Y N.periodos=50
2026-09-12 16:09:00   3826/ 5507  6524            1.1 s  Freq=M N.periodos=600
2026-09-12 16:09:05   3827/ 5507  31932           4.2 s  Freq=Y N.periodos=16
2026-09-12 16:09:13   3828/ 5507  31933           8.9 s  Freq=Y N.periodos=16
2026-09-12 16:09:42   3829/ 5507  31934          28.4 s  Freq=Y N.periodos=16
2026-09-12 16:09:43   3830/ 5507  48861           0.8 s  Freq=Y N.periodos=33
2026-09-12 16:09:44   3831/ 5507  48864           1.1 s  Freq=Y N.periodos=50
2026-09-12 16:09:45   3832/ 5507  6507            1.0 s  Freq=Y N.periodos=50
2026-09-12 16:09:46   3833/ 5507  6525            1.0 s  Freq=M N.periodos=600
2026-09-12 16:09:47   3834/ 5507  6566            1.4 s  Freq=Y N.periodos=33
2026-09-12 16:09:48   3835/ 5507  6580            0.5 s  Freq=Y N.periodos=33
2026-09-12 16:09:48   3836/ 5507  6581            0.5 s  Freq=Y N.periodos=33
2026-09-12 16:09:50   3837/ 5507  31936           1.8 s  Freq=Y N.periodos=16
2026-09-12 16:09:57   3838/ 5507  31937           7.5 s  Freq=Y N.periodos=16
2026-09-12 16:10:00   3839/ 5507  31938           2.2 s  Freq=Y N.periodos=16
2026-09-12 16:10:01   3840/ 5507  48862           1.0 s  Freq=Y N.periodos=33
2026-09-12 16:10:03   3841/ 5507  6508            2.6 s  Freq=Y N.periodos=50
2026-09-12 16:10:05   3842/ 5507  6526            1.8 s  Freq=M N.periodos=408
2026-09-12 16:10:06   3843/ 5507  6567            0.8 s  Freq=Y N.periodos=33
2026-09-12 16:10:07   3844/ 5507  6582            0.9 s  Freq=Y N.periodos=33
2026-09-12 16:10:08   3845/ 5507  6583            1.1 s  Freq=Y N.periodos=33
2026-09-12 16:10:09   3846/ 5507  31940           1.5 s  Freq=Y N.periodos=16
2026-09-12 16:10:12   3847/ 5507  31941           2.7 s  Freq=Y N.periodos=16
2026-09-12 16:10:18   3848/ 5507  31942           6.1 s  Freq=Y N.periodos=16
2026-09-12 16:10:19   3849/ 5507  48863           0.9 s  Freq=Y N.periodos=18
2026-09-12 16:10:23   3850/ 5507  77166           4.1 s  Freq=Y N.periodos=16
2026-09-12 16:10:25   3851/ 5507  6509            1.6 s  Freq=Y N.periodos=50
2026-09-12 16:10:25   3852/ 5507  6527            0.6 s  Freq=M N.periodos=408
2026-09-12 16:10:26   3853/ 5507  6568            0.9 s  Freq=Y N.periodos=18
2026-09-12 16:10:27   3854/ 5507  6584            0.8 s  Freq=Y N.periodos=18
2026-09-12 16:10:28   3855/ 5507  6585            1.0 s  Freq=Y N.periodos=18
2026-09-12 16:10:29   3856/ 5507  77167           1.0 s  Freq=Y N.periodos=16
2026-09-12 16:10:30   3857/ 5507  6510            1.0 s  Freq=Y N.periodos=50
2026-09-12 16:10:32   3858/ 5507  31949           1.4 s  Freq=Y N.periodos=16
2026-09-12 16:10:34   3859/ 5507  31950           2.2 s  Freq=Y N.periodos=16
2026-09-12 16:10:42   3860/ 5507  31951           8.2 s  Freq=Y N.periodos=16
2026-09-12 16:10:43   3861/ 5507  77168           1.0 s  Freq=Y N.periodos=16
2026-09-12 16:10:44   3862/ 5507  6511            1.2 s  Freq=Y N.periodos=50
2026-09-12 16:10:45   3863/ 5507  31953           0.6 s  Freq=Y N.periodos=16
2026-09-12 16:10:48   3864/ 5507  31954           2.8 s  Freq=Y N.periodos=16
2026-09-12 16:10:50   3865/ 5507  31955           2.2 s  Freq=Y N.periodos=16
2026-09-12 16:10:57   3866/ 5507  77169           7.3 s  no se pudo leer el .px
2026-09-12 16:10:58   3867/ 5507  6512            1.1 s  Freq=Y N.periodos=50
2026-09-12 16:10:59   3868/ 5507  31958           1.2 s  Freq=Y N.periodos=16
2026-09-12 16:11:01   3869/ 5507  31959           1.7 s  Freq=Y N.periodos=16
2026-09-12 16:11:05   3870/ 5507  31960           4.1 s  Freq=Y N.periodos=16
2026-09-12 16:11:07   3871/ 5507  6513            1.4 s  Freq=Y N.periodos=50
2026-09-12 16:11:09   3872/ 5507  6514            2.7 s  Freq=Y N.periodos=50
2026-09-12 16:11:10   3873/ 5507  31978           0.8 s  Freq=Y N.periodos=16
2026-09-12 16:11:11   3874/ 5507  6515            1.1 s  Freq=Y N.periodos=50
2026-09-12 16:11:12   3875/ 5507  31982           0.9 s  Freq=Y N.periodos=16
2026-09-12 16:11:14   3876/ 5507  6516            1.4 s  Freq=Y N.periodos=50
2026-09-12 16:11:15   3877/ 5507  6517            1.6 s  Freq=Y N.periodos=50
2026-09-12 16:11:16   3878/ 5507  6518            1.0 s  Freq=Y N.periodos=84
2026-09-12 16:11:25   3879/ 5507  31994           9.2 s  Freq=Y N.periodos=16
2026-09-12 16:11:27   3880/ 5507  6519            1.4 s  Freq=Y N.periodos=84
2026-09-12 16:11:36   3881/ 5507  32006           9.1 s  Freq=Y N.periodos=16
2026-09-12 16:11:37   3882/ 5507  6520            0.8 s  Freq=Y N.periodos=84
2026-09-12 16:11:50   3883/ 5507  32010          13.2 s  Freq=Y N.periodos=8
2026-09-12 16:12:31   3884/ 5507  32011          41.2 s   <-- LENTO  Freq=Y N.periodos=8
2026-09-12 16:18:24   3885/ 5507  32012         352.9 s   <-- LENTO  Freq=Y N.periodos=8
2026-09-12 16:18:25   3886/ 5507  6521            1.2 s  Freq=Y N.periodos=50
2026-09-12 16:18:45   3887/ 5507  32466          19.6 s  Freq=Y N.periodos=8
2026-09-12 16:19:42   3888/ 5507  32467          57.3 s   <-- LENTO  Freq=Y N.periodos=8
2026-09-12 16:21:47   3889/ 5507  32468         125.1 s   <-- LENTO  Freq=Y N.periodos=8
2026-09-12 16:21:49   3890/ 5507  6522            1.4 s  Freq=Y N.periodos=10
2026-09-12 16:21:56   3891/ 5507  32463           7.9 s  Freq=Y N.periodos=8
2026-09-12 16:22:24   3892/ 5507  32464          27.9 s  Freq=Y N.periodos=8
2026-09-12 16:23:11   3893/ 5507  32465          47.1 s   <-- LENTO  Freq=Y N.periodos=8
2026-09-12 16:23:12   3894/ 5507  6523            0.9 s  Freq=Y N.periodos=10
2026-09-12 16:23:14   3895/ 5507  58929           1.9 s  Freq=Y N.periodos=16
2026-09-12 16:23:16   3896/ 5507  58931           2.0 s  Freq=Y N.periodos=16
2026-09-12 16:23:17   3897/ 5507  58930           1.3 s  Freq=Y N.periodos=16
2026-09-12 16:23:19   3898/ 5507  58932           1.2 s  Freq=Y N.periodos=16
2026-09-12 16:23:20   3899/ 5507  6545            1.3 s  Freq=Y N.periodos=50
2026-09-12 16:23:21   3900/ 5507  6561            1.0 s  Freq=M N.periodos=600
2026-09-12 16:23:27   3901/ 5507  31868           5.7 s  Freq=Y N.periodos=16
2026-09-12 16:23:39   3902/ 5507  31912          12.0 s  Freq=Y N.periodos=16
2026-09-12 16:24:21   3903/ 5507  31917          42.7 s   <-- LENTO  Freq=Y N.periodos=16
2026-09-12 16:24:22   3904/ 5507  48861           1.1 s  Freq=Y N.periodos=33
2026-09-12 16:24:23   3905/ 5507  48870           0.8 s  Freq=Y N.periodos=50
2026-09-12 16:24:24   3906/ 5507  6546            0.9 s  Freq=Y N.periodos=50
2026-09-12 16:24:25   3907/ 5507  6562            1.2 s  Freq=M N.periodos=600
2026-09-12 16:24:26   3908/ 5507  6566            0.5 s  Freq=Y N.periodos=33
2026-09-12 16:24:26   3909/ 5507  6580            0.5 s  Freq=Y N.periodos=33
2026-09-12 16:24:27   3910/ 5507  6581            0.5 s  Freq=Y N.periodos=33
2026-09-12 16:24:30   3911/ 5507  31869           3.1 s  Freq=Y N.periodos=16
2026-09-12 16:24:35   3912/ 5507  31913           5.1 s  Freq=Y N.periodos=16
2026-09-12 16:25:03   3913/ 5507  31918          27.9 s  Freq=Y N.periodos=16
2026-09-12 16:25:04   3914/ 5507  48862           1.5 s  Freq=Y N.periodos=33
2026-09-12 16:25:08   3915/ 5507  48871           3.0 s  Freq=Y N.periodos=50
2026-09-12 16:25:14   3916/ 5507  6547            6.1 s  Freq=Y N.periodos=50
2026-09-12 16:25:15   3917/ 5507  6563            0.9 s  Freq=M N.periodos=408
2026-09-12 16:25:15   3918/ 5507  6567            0.7 s  Freq=Y N.periodos=33
2026-09-12 16:25:16   3919/ 5507  6582            0.8 s  Freq=Y N.periodos=33
2026-09-12 16:25:17   3920/ 5507  6583            1.2 s  Freq=Y N.periodos=33
2026-09-12 16:25:18   3921/ 5507  31870           0.8 s  Freq=Y N.periodos=16
2026-09-12 16:25:19   3922/ 5507  31914           0.6 s  Freq=Y N.periodos=16
2026-09-12 16:25:19   3923/ 5507  48863           0.6 s  Freq=Y N.periodos=18
2026-09-12 16:25:27   3924/ 5507  77170           8.1 s  no se pudo leer el .px
2026-09-12 16:25:31   3925/ 5507  6548            3.5 s  Freq=Y N.periodos=50
2026-09-12 16:25:32   3926/ 5507  6564            0.9 s  Freq=M N.periodos=408
2026-09-12 16:25:32   3927/ 5507  6568            0.6 s  Freq=Y N.periodos=18
2026-09-12 16:25:34   3928/ 5507  6584            1.1 s  Freq=Y N.periodos=18
2026-09-12 16:25:35   3929/ 5507  6585            1.0 s  Freq=Y N.periodos=18
2026-09-12 16:25:35   3930/ 5507  31915           0.8 s  Freq=Y N.periodos=16
2026-09-12 16:25:36   3931/ 5507  70386           1.0 s  Freq=Y N.periodos=16
2026-09-12 16:25:38   3932/ 5507  6549            1.9 s  Freq=Y N.periodos=50
2026-09-12 16:25:43   3933/ 5507  31886           4.5 s  Freq=Y N.periodos=8
2026-09-12 16:25:53   3934/ 5507  31916          10.7 s  Freq=Y N.periodos=8
2026-09-12 16:26:28   3935/ 5507  31921          34.5 s   <-- LENTO  Freq=Y N.periodos=8
2026-09-12 16:26:30   3936/ 5507  6550            2.4 s  Freq=Y N.periodos=50
2026-09-12 16:26:31   3937/ 5507  31926           0.7 s  Freq=Y N.periodos=16
2026-09-12 16:26:33   3938/ 5507  31927           1.7 s  Freq=Y N.periodos=16
2026-09-12 16:26:36   3939/ 5507  31928           2.8 s  Freq=Y N.periodos=16
2026-09-12 16:26:38   3940/ 5507  6551            2.1 s  Freq=Y N.periodos=50
2026-09-12 16:26:40   3941/ 5507  32455           2.0 s  Freq=Y N.periodos=8
2026-09-12 16:26:44   3942/ 5507  32457           4.2 s  Freq=Y N.periodos=8
2026-09-12 16:26:56   3943/ 5507  32459          11.8 s  Freq=Y N.periodos=8
2026-09-12 16:26:57   3944/ 5507  6552            1.2 s  Freq=Y N.periodos=50
2026-09-12 16:26:59   3945/ 5507  32456           2.2 s  Freq=Y N.periodos=8
2026-09-12 16:27:04   3946/ 5507  32458           5.1 s  Freq=Y N.periodos=8
2026-09-12 16:27:24   3947/ 5507  32460          19.4 s  Freq=Y N.periodos=8
2026-09-12 16:27:25   3948/ 5507  6553            1.0 s  Freq=Y N.periodos=45
2026-09-12 16:27:26   3949/ 5507  58700           1.1 s  Freq=Y N.periodos=16
2026-09-12 16:27:27   3950/ 5507  6554            0.8 s  Freq=Y N.periodos=15
2026-09-12 16:27:27   3951/ 5507  58702           0.8 s  Freq=Y N.periodos=16
2026-09-12 16:27:30   3952/ 5507  6555            2.4 s  Freq=Y N.periodos=15
2026-09-12 16:27:31   3953/ 5507  58701           1.0 s  Freq=Y N.periodos=16
2026-09-12 16:27:32   3954/ 5507  6556            1.3 s  Freq=Y N.periodos=15
2026-09-12 16:27:33   3955/ 5507  70648           1.0 s  Freq=Y N.periodos=16
2026-09-12 16:27:35   3956/ 5507  6557            1.6 s  Freq=Y N.periodos=15
2026-09-12 16:27:36   3957/ 5507  6558            1.6 s  Freq=Y N.periodos=15
2026-09-12 16:27:38   3958/ 5507  6559            1.1 s  Freq=Y N.periodos=34
2026-09-12 16:27:39   3959/ 5507  6560            1.2 s  Freq=Y N.periodos=34
2026-09-12 16:27:40   3960/ 5507  14505           1.4 s  Freq=Y N.periodos=18
2026-09-12 16:27:41   3961/ 5507  75003           0.6 s  Freq=Y N.periodos=10
2026-09-12 16:27:42   3962/ 5507  80325           0.9 s  Freq=Y N.periodos=10
2026-09-12 16:27:43   3963/ 5507  10627           1.0 s  Freq=Y N.periodos=10
2026-09-12 16:27:44   3964/ 5507  28486           1.6 s  Freq=Y N.periodos=18
2026-09-12 16:27:46   3965/ 5507  73778           1.3 s  Freq=Y N.periodos=10
2026-09-12 16:27:46   3966/ 5507  73785           0.5 s  Freq=Y N.periodos=10
2026-09-12 16:27:47   3967/ 5507  73799           0.6 s  Freq=Y N.periodos=10
2026-09-12 16:27:48   3968/ 5507  73813           1.5 s  Freq=Y N.periodos=10
2026-09-12 16:27:49   3969/ 5507  73827           0.9 s  Freq=Y N.periodos=10
2026-09-12 16:27:51   3970/ 5507  73828           1.6 s  Freq=Y N.periodos=10
2026-09-12 16:27:52   3971/ 5507  73830           1.4 s  Freq=Y N.periodos=10
2026-09-12 16:27:53   3972/ 5507  73844           0.8 s  Freq=Y N.periodos=10
2026-09-12 16:27:53   3973/ 5507  73845           0.5 s  Freq=Y N.periodos=10
2026-09-12 16:27:54   3974/ 5507  73852           0.5 s  Freq=Y N.periodos=10
2026-09-12 16:27:54   3975/ 5507  73990           0.5 s  Freq=Y N.periodos=10
2026-09-12 16:27:55   3976/ 5507  73994           0.9 s  Freq=Y N.periodos=10
2026-09-12 16:27:57   3977/ 5507  74003           1.6 s  Freq=Y N.periodos=10
2026-09-12 16:27:58   3978/ 5507  74006           0.8 s  Freq=Y N.periodos=10
2026-09-12 16:27:59   3979/ 5507  75004           1.6 s  Freq=Y N.periodos=10
2026-09-12 16:28:00   3980/ 5507  10628           0.9 s  Freq=Y N.periodos=10
2026-09-12 16:28:01   3981/ 5507  73779           0.7 s  Freq=Y N.periodos=10
2026-09-12 16:28:02   3982/ 5507  73786           1.3 s  Freq=Y N.periodos=10
2026-09-12 16:28:03   3983/ 5507  73800           0.5 s  Freq=Y N.periodos=10
2026-09-12 16:28:04   3984/ 5507  73814           0.8 s  Freq=Y N.periodos=10
2026-09-12 16:28:05   3985/ 5507  73831           1.1 s  Freq=Y N.periodos=10
2026-09-12 16:28:06   3986/ 5507  73846           1.7 s  Freq=Y N.periodos=10
2026-09-12 16:28:08   3987/ 5507  73853           1.1 s  Freq=Y N.periodos=10
2026-09-12 16:28:08   3988/ 5507  73991           0.9 s  Freq=Y N.periodos=10
2026-09-12 16:28:09   3989/ 5507  73995           0.7 s  Freq=Y N.periodos=10
2026-09-12 16:28:10   3990/ 5507  74004           0.9 s  Freq=Y N.periodos=10
2026-09-12 16:28:11   3991/ 5507  75005           1.1 s  Freq=Y N.periodos=10
2026-09-12 16:28:12   3992/ 5507  10629           1.4 s  Freq=Y N.periodos=10
2026-09-12 16:28:14   3993/ 5507  73780           1.6 s  Freq=Y N.periodos=10
2026-09-12 16:28:15   3994/ 5507  73787           0.9 s  Freq=Y N.periodos=10
2026-09-12 16:28:16   3995/ 5507  73801           0.9 s  Freq=Y N.periodos=10
2026-09-12 16:28:17   3996/ 5507  73815           0.8 s  Freq=Y N.periodos=10
2026-09-12 16:28:18   3997/ 5507  73832           0.9 s  Freq=Y N.periodos=10
2026-09-12 16:28:19   3998/ 5507  73847           1.6 s  Freq=Y N.periodos=10
2026-09-12 16:28:20   3999/ 5507  73854           0.8 s  Freq=Y N.periodos=10
2026-09-12 16:28:21   4000/ 5507  73992           1.5 s  Freq=Y N.periodos=10
2026-09-12 16:28:22   4001/ 5507  73996           0.6 s  Freq=Y N.periodos=10
2026-09-12 16:28:23   4002/ 5507  74005           0.8 s  Freq=Y N.periodos=10
2026-09-12 16:28:24   4003/ 5507  75006           0.9 s  Freq=Y N.periodos=10
2026-09-12 16:28:25   4004/ 5507  10630           0.8 s  Freq=Y N.periodos=10
2026-09-12 16:28:26   4005/ 5507  73781           1.4 s  Freq=Y N.periodos=10
2026-09-12 16:28:27   4006/ 5507  73788           1.1 s  Freq=Y N.periodos=10
2026-09-12 16:28:28   4007/ 5507  73802           0.6 s  Freq=Y N.periodos=10
2026-09-12 16:28:29   4008/ 5507  73816           0.9 s  Freq=Y N.periodos=10
2026-09-12 16:28:30   4009/ 5507  73833           0.6 s  Freq=Y N.periodos=10
2026-09-12 16:28:31   4010/ 5507  73848           1.5 s  Freq=Y N.periodos=10
2026-09-12 16:28:32   4011/ 5507  73855           0.7 s  Freq=Y N.periodos=10
2026-09-12 16:28:33   4012/ 5507  73993           1.6 s  Freq=Y N.periodos=10
2026-09-12 16:28:37   4013/ 5507  73997           4.1 s  Freq=Y N.periodos=10
2026-09-12 16:28:38   4014/ 5507  75007           0.8 s  Freq=Y N.periodos=10
2026-09-12 16:28:39   4015/ 5507  10631           0.8 s  Freq=Y N.periodos=10
2026-09-12 16:28:40   4016/ 5507  73782           1.1 s  Freq=Y N.periodos=10
2026-09-12 16:28:41   4017/ 5507  73789           0.6 s  Freq=Y N.periodos=10
2026-09-12 16:28:41   4018/ 5507  73803           0.7 s  Freq=Y N.periodos=10
2026-09-12 16:28:42   4019/ 5507  73817           0.6 s  Freq=Y N.periodos=10
2026-09-12 16:28:42   4020/ 5507  73834           0.6 s  Freq=Y N.periodos=10
2026-09-12 16:28:44   4021/ 5507  73849           1.2 s  Freq=Y N.periodos=10
2026-09-12 16:28:44   4022/ 5507  73856           0.7 s  Freq=Y N.periodos=10
2026-09-12 16:28:45   4023/ 5507  73998           0.7 s  Freq=Y N.periodos=10
2026-09-12 16:28:46   4024/ 5507  75008           1.0 s  Freq=Y N.periodos=10
2026-09-12 16:28:47   4025/ 5507  10632           0.6 s  Freq=Y N.periodos=10
2026-09-12 16:28:48   4026/ 5507  73783           1.3 s  Freq=Y N.periodos=10
2026-09-12 16:28:48   4027/ 5507  73790           0.5 s  Freq=Y N.periodos=10
2026-09-12 16:28:49   4028/ 5507  73804           0.7 s  Freq=Y N.periodos=10
2026-09-12 16:28:50   4029/ 5507  73818           1.0 s  Freq=Y N.periodos=10
2026-09-12 16:28:51   4030/ 5507  73835           0.6 s  Freq=Y N.periodos=10
2026-09-12 16:28:51   4031/ 5507  73850           0.5 s  Freq=Y N.periodos=10
2026-09-12 16:28:52   4032/ 5507  73857           1.0 s  Freq=Y N.periodos=10
2026-09-12 16:28:53   4033/ 5507  73999           0.9 s  Freq=Y N.periodos=10
2026-09-12 16:28:54   4034/ 5507  75009           0.9 s  Freq=Y N.periodos=10
2026-09-12 16:28:55   4035/ 5507  75526           0.5 s  Freq=Y N.periodos=10
2026-09-12 16:28:56   4036/ 5507  10633           1.1 s  Freq=Y N.periodos=10
2026-09-12 16:28:57   4037/ 5507  73784           1.6 s  Freq=Y N.periodos=10
2026-09-12 16:28:58   4038/ 5507  73791           0.7 s  Freq=Y N.periodos=10
2026-09-12 16:28:59   4039/ 5507  73805           0.6 s  Freq=Y N.periodos=10
2026-09-12 16:28:59   4040/ 5507  73819           0.9 s  Freq=Y N.periodos=10
2026-09-12 16:29:00   4041/ 5507  73836           0.6 s  Freq=Y N.periodos=10
2026-09-12 16:29:01   4042/ 5507  73851           1.0 s  Freq=Y N.periodos=10
2026-09-12 16:29:02   4043/ 5507  73858           0.8 s  Freq=Y N.periodos=10
2026-09-12 16:29:03   4044/ 5507  74000           1.2 s  Freq=Y N.periodos=10
2026-09-12 16:29:04   4045/ 5507  10634           1.1 s  Freq=Y N.periodos=10
2026-09-12 16:29:05   4046/ 5507  73792           0.9 s  Freq=Y N.periodos=10
2026-09-12 16:29:06   4047/ 5507  73806           1.0 s  Freq=Y N.periodos=10
2026-09-12 16:29:07   4048/ 5507  73820           0.6 s  Freq=Y N.periodos=10
2026-09-12 16:29:07   4049/ 5507  73837           0.9 s  Freq=Y N.periodos=10
2026-09-12 16:29:08   4050/ 5507  73859           0.7 s  Freq=Y N.periodos=10
2026-09-12 16:29:09   4051/ 5507  74001           1.0 s  Freq=Y N.periodos=10
2026-09-12 16:29:10   4052/ 5507  75412           0.9 s  Freq=Y N.periodos=10
2026-09-12 16:29:11   4053/ 5507  10635           0.9 s  Freq=Y N.periodos=10
2026-09-12 16:29:12   4054/ 5507  73793           0.9 s  Freq=Y N.periodos=10
2026-09-12 16:29:13   4055/ 5507  73807           0.8 s  Freq=Y N.periodos=10
2026-09-12 16:29:14   4056/ 5507  73821           0.9 s  Freq=Y N.periodos=10
2026-09-12 16:29:14   4057/ 5507  73838           0.5 s  Freq=Y N.periodos=10
2026-09-12 16:29:15   4058/ 5507  73860           0.5 s  Freq=Y N.periodos=10
2026-09-12 16:29:15   4059/ 5507  74002           0.7 s  Freq=Y N.periodos=10
2026-09-12 16:29:16   4060/ 5507  75413           0.5 s  Freq=Y N.periodos=10
2026-09-12 16:29:17   4061/ 5507  73794           0.8 s  Freq=Y N.periodos=10
2026-09-12 16:29:17   4062/ 5507  73808           0.5 s  Freq=Y N.periodos=10
2026-09-12 16:29:18   4063/ 5507  73822           1.1 s  Freq=Y N.periodos=10
2026-09-12 16:29:19   4064/ 5507  73839           0.5 s  Freq=Y N.periodos=10
2026-09-12 16:29:19   4065/ 5507  73861           0.6 s  Freq=Y N.periodos=10
2026-09-12 16:29:20   4066/ 5507  73795           1.1 s  Freq=Y N.periodos=10
2026-09-12 16:29:21   4067/ 5507  73809           0.6 s  Freq=Y N.periodos=10
2026-09-12 16:29:22   4068/ 5507  73823           0.6 s  Freq=Y N.periodos=10
2026-09-12 16:29:22   4069/ 5507  73840           0.8 s  Freq=Y N.periodos=10
2026-09-12 16:29:23   4070/ 5507  73862           0.9 s  Freq=Y N.periodos=10
2026-09-12 16:29:24   4071/ 5507  73796           0.8 s  Freq=Y N.periodos=10
2026-09-12 16:29:25   4072/ 5507  73810           1.0 s  Freq=Y N.periodos=10
2026-09-12 16:29:26   4073/ 5507  73824           1.0 s  Freq=Y N.periodos=10
2026-09-12 16:29:27   4074/ 5507  73841           0.7 s  Freq=Y N.periodos=10
2026-09-12 16:29:27   4075/ 5507  73863           0.5 s  Freq=Y N.periodos=10
2026-09-12 16:29:28   4076/ 5507  73797           0.5 s  Freq=Y N.periodos=10
2026-09-12 16:29:29   4077/ 5507  73811           0.9 s  Freq=Y N.periodos=10
2026-09-12 16:29:29   4078/ 5507  73825           0.7 s  Freq=Y N.periodos=10
2026-09-12 16:29:30   4079/ 5507  73842           0.6 s  Freq=Y N.periodos=10
2026-09-12 16:29:31   4080/ 5507  73864           0.6 s  Freq=Y N.periodos=10
2026-09-12 16:29:32   4081/ 5507  73798           0.9 s  Freq=Y N.periodos=10
2026-09-12 16:29:32   4082/ 5507  73812           0.9 s  Freq=Y N.periodos=10
2026-09-12 16:29:33   4083/ 5507  73826           0.7 s  Freq=Y N.periodos=10
2026-09-12 16:29:34   4084/ 5507  73843           0.9 s  Freq=Y N.periodos=10
2026-09-12 16:29:35   4085/ 5507  73865           0.6 s  Freq=Y N.periodos=10
2026-09-12 16:29:37   4086/ 5507  2941            2.7 s  Freq=M N.periodos=307
2026-09-12 16:29:40   4087/ 5507  3149            2.9 s  Freq=M N.periodos=307
2026-09-12 16:29:43   4088/ 5507  3152            2.5 s  Freq=M N.periodos=307
2026-09-12 16:29:43   4089/ 5507  46663           0.6 s  Freq=M N.periodos=67
2026-09-12 16:29:44   4090/ 5507  49381           0.7 s  Freq=M N.periodos=19
2026-09-12 16:29:45   4091/ 5507  61766           1.4 s  Freq=M N.periodos=151
2026-09-12 16:29:48   4092/ 5507  80326           2.3 s  Freq=M N.periodos=307
2026-09-12 16:29:51   4093/ 5507  2044            2.9 s  Freq=M N.periodos=307
2026-09-12 16:29:52   4094/ 5507  2940            1.0 s  Freq=M N.periodos=307
2026-09-12 16:29:52   4095/ 5507  3150            0.8 s  Freq=M N.periodos=307
2026-09-12 16:29:53   4096/ 5507  3153            0.9 s  Freq=M N.periodos=307
2026-09-12 16:29:54   4097/ 5507  46664           0.7 s  Freq=M N.periodos=67
2026-09-12 16:29:55   4098/ 5507  49382           0.5 s  Freq=M N.periodos=19
2026-09-12 16:29:55   4099/ 5507  61767           0.8 s  Freq=M N.periodos=151
2026-09-12 16:29:57   4100/ 5507  2024            2.0 s  Freq=M N.periodos=307
2026-09-12 16:30:01   4101/ 5507  3151            2.9 s  Freq=M N.periodos=307
2026-09-12 16:30:02   4102/ 5507  3154            1.6 s  Freq=M N.periodos=307
2026-09-12 16:30:03   4103/ 5507  46665           0.9 s  Freq=M N.periodos=67
2026-09-12 16:30:04   4104/ 5507  49383           0.9 s  Freq=M N.periodos=19
2026-09-12 16:30:12   4105/ 5507  61768           7.6 s  Freq=M N.periodos=151
2026-09-12 16:30:14   4106/ 5507  2025            2.0 s  Freq=M N.periodos=307
2026-09-12 16:30:16   4107/ 5507  2942            2.1 s  Freq=M N.periodos=307
2026-09-12 16:30:17   4108/ 5507  9664            0.9 s  Freq=M N.periodos=150
2026-09-12 16:30:18   4109/ 5507  9665            1.9 s  Freq=M N.periodos=151
2026-09-12 16:30:19   4110/ 5507  9666            1.0 s  Freq=M N.periodos=150
2026-09-12 16:30:20   4111/ 5507  9667            0.9 s  Freq=M N.periodos=150
2026-09-12 16:30:22   4112/ 5507  9671            1.6 s  Freq=M N.periodos=149
2026-09-12 16:30:23   4113/ 5507  67194           1.0 s  Freq=M N.periodos=150
2026-09-12 16:30:24   4114/ 5507  9668            0.6 s  Freq=M N.periodos=150
2026-09-12 16:30:24   4115/ 5507  9672            0.6 s  Freq=M N.periodos=150
2026-09-12 16:30:25   4116/ 5507  9669            0.6 s  Freq=M N.periodos=149
2026-09-12 16:30:25   4117/ 5507  9670            0.7 s  Freq=M N.periodos=149
2026-09-12 16:30:26   4118/ 5507  10839           0.8 s  Freq=M N.periodos=130
2026-09-12 16:30:27   4119/ 5507  23992           0.6 s  Freq=Y N.periodos=10
2026-09-12 16:30:27   4120/ 5507  23998           0.6 s  Freq=Y N.periodos=10
2026-09-12 16:30:28   4121/ 5507  75714           1.1 s  Freq=M N.periodos=130
2026-09-12 16:30:30   4122/ 5507  13949           1.1 s  Freq=M N.periodos=127
2026-09-12 16:30:31   4123/ 5507  23993           1.2 s  Freq=Y N.periodos=10
2026-09-12 16:30:31   4124/ 5507  23999           0.6 s  Freq=Y N.periodos=10
2026-09-12 16:30:32   4125/ 5507  75715           0.8 s  Freq=M N.periodos=130
2026-09-12 16:30:33   4126/ 5507  23994           0.8 s  Freq=Y N.periodos=10
2026-09-12 16:30:34   4127/ 5507  24745           0.6 s  Freq=Y N.periodos=10
2026-09-12 16:30:34   4128/ 5507  75716           0.7 s  Freq=M N.periodos=130
2026-09-12 16:30:35   4129/ 5507  10828           0.9 s  Freq=M N.periodos=130
2026-09-12 16:30:36   4130/ 5507  24746           0.8 s  Freq=Y N.periodos=10
2026-09-12 16:30:37   4131/ 5507  32373           1.3 s  Freq=Y N.periodos=10
2026-09-12 16:30:38   4132/ 5507  75717           0.9 s  Freq=M N.periodos=130
2026-09-12 16:30:39   4133/ 5507  10836           0.9 s  Freq=M N.periodos=130
2026-09-12 16:30:40   4134/ 5507  23995           0.6 s  Freq=Y N.periodos=10
2026-09-12 16:30:41   4135/ 5507  25330           1.0 s  Freq=Y N.periodos=10
2026-09-12 16:30:42   4136/ 5507  75718           1.1 s  Freq=M N.periodos=130
2026-09-12 16:30:43   4137/ 5507  10838           1.0 s  Freq=M N.periodos=130
2026-09-12 16:30:43   4138/ 5507  23996           0.6 s  Freq=Y N.periodos=10
2026-09-12 16:30:44   4139/ 5507  10840           0.7 s  Freq=M N.periodos=130
2026-09-12 16:30:45   4140/ 5507  23997           0.5 s  Freq=Y N.periodos=10
2026-09-12 16:30:46   4141/ 5507  10841           1.1 s  Freq=M N.periodos=130
2026-09-12 16:30:46   4142/ 5507  24743           0.6 s  Freq=Y N.periodos=10
2026-09-12 16:30:47   4143/ 5507  24744           0.7 s  Freq=Y N.periodos=10
2026-09-12 16:30:48   4144/ 5507  25328           0.8 s  Freq=Y N.periodos=10
2026-09-12 16:30:49   4145/ 5507  25329           0.7 s  Freq=Y N.periodos=10
2026-09-12 16:30:49   4146/ 5507  13938           0.7 s  Freq=M N.periodos=130
2026-09-12 16:30:50   4147/ 5507  10821           0.6 s  Freq=M N.periodos=130
2026-09-12 16:30:51   4148/ 5507  10823           0.6 s  Freq=M N.periodos=130
2026-09-12 16:30:52   4149/ 5507  23981           1.0 s  Freq=Y N.periodos=10
2026-09-12 16:30:52   4150/ 5507  23988           0.5 s  Freq=Y N.periodos=10
2026-09-12 16:30:53   4151/ 5507  75719           0.7 s  Freq=M N.periodos=130
2026-09-12 16:30:54   4152/ 5507  10835           1.0 s  Freq=M N.periodos=130
2026-09-12 16:30:54   4153/ 5507  23982           0.5 s  Freq=Y N.periodos=10
2026-09-12 16:30:55   4154/ 5507  75720           0.6 s  Freq=M N.periodos=130
2026-09-12 16:30:56   4155/ 5507  10826           0.8 s  Freq=M N.periodos=130
2026-09-12 16:30:56   4156/ 5507  23983           0.7 s  Freq=Y N.periodos=10
2026-09-12 16:30:57   4157/ 5507  75721           0.9 s  Freq=M N.periodos=130
2026-09-12 16:30:58   4158/ 5507  10822           0.7 s  Freq=M N.periodos=130
2026-09-12 16:36:45   4159/ 5507  13884         347.2 s   <-- LENTO  no se pudo leer el .px
2026-09-12 16:36:46   4160/ 5507  23984           0.7 s  Freq=Y N.periodos=10
2026-09-12 16:36:46   4161/ 5507  75722           0.6 s  Freq=M N.periodos=130
2026-09-12 16:36:48   4162/ 5507  13864           1.8 s  Freq=M N.periodos=130
2026-09-12 16:36:49   4163/ 5507  23985           1.1 s  Freq=Y N.periodos=10
2026-09-12 16:53:04   4164/ 5507  75723         974.3 s   <-- LENTO  no se pudo leer el .px
2026-09-12 16:53:05   4165/ 5507  13865           1.1 s  Freq=M N.periodos=130
2026-09-12 16:53:06   4166/ 5507  23986           0.8 s  Freq=Y N.periodos=10
2026-09-12 16:53:06   4167/ 5507  14290           0.7 s  Freq=M N.periodos=130
2026-09-12 16:53:07   4168/ 5507  23987           0.9 s  Freq=Y N.periodos=10
2026-09-12 16:53:08   4169/ 5507  10802           0.9 s  Freq=M N.periodos=138
2026-09-12 16:53:09   4170/ 5507  10879           0.6 s  Freq=Y N.periodos=17
2026-09-12 16:53:09   4171/ 5507  10882           0.7 s  Freq=Y N.periodos=15
2026-09-12 16:53:11   4172/ 5507  10889           1.9 s  Freq=Y N.periodos=17
2026-09-12 16:53:12   4173/ 5507  10893           0.6 s  Freq=Y N.periodos=17
2026-09-12 16:53:13   4174/ 5507  10900           0.8 s  Freq=Y N.periodos=15
2026-09-12 16:53:13   4175/ 5507  10911           0.7 s  Freq=Y N.periodos=15
2026-09-12 16:53:15   4176/ 5507  10926           1.2 s  Freq=Y N.periodos=18
2026-09-12 16:53:15   4177/ 5507  10939           0.8 s  Freq=Y N.periodos=18
2026-09-12 16:53:16   4178/ 5507  10943           0.5 s  Freq=Y N.periodos=17
2026-09-12 16:53:17   4179/ 5507  11009           0.8 s  Freq=Y N.periodos=17
2026-09-12 16:53:18   4180/ 5507  11026           1.4 s  Freq=Y N.periodos=17
2026-09-12 16:53:19   4181/ 5507  11171           0.8 s  Freq=Y N.periodos=17
2026-09-12 16:53:20   4182/ 5507  11177           0.8 s  Freq=Y N.periodos=17
2026-09-12 16:53:20   4183/ 5507  11178           0.9 s  Freq=Y N.periodos=17
2026-09-12 16:53:21   4184/ 5507  11185           0.7 s  Freq=Y N.periodos=17
2026-09-12 16:53:22   4185/ 5507  11187           0.5 s  Freq=Y N.periodos=18
2026-09-12 16:53:22   4186/ 5507  11191           0.6 s  Freq=Y N.periodos=17
2026-09-12 16:53:23   4187/ 5507  11200           0.9 s  Freq=Y N.periodos=17
2026-09-12 16:53:24   4188/ 5507  12539           1.0 s  Freq=Y N.periodos=4
2026-09-12 16:53:25   4189/ 5507  12543           1.0 s  Freq=Y N.periodos=15
2026-09-12 16:53:26   4190/ 5507  12545           1.0 s  Freq=Y N.periodos=6
2026-09-12 16:53:27   4191/ 5507  12548           0.7 s  Freq=Y N.periodos=4
2026-09-12 16:53:28   4192/ 5507  12718           1.0 s  Freq=Y N.periodos=13
2026-09-12 16:53:29   4193/ 5507  12725           0.9 s  Freq=Y N.periodos=3
2026-09-12 16:53:30   4194/ 5507  12729           1.0 s  Freq=Y N.periodos=5
2026-09-12 16:53:30   4195/ 5507  12732           0.8 s  Freq=Y N.periodos=11
2026-09-12 16:53:31   4196/ 5507  12734           0.5 s  Freq=Y N.periodos=14
2026-09-12 16:53:32   4197/ 5507  12736           1.0 s  Freq=Y N.periodos=5
2026-09-12 16:53:33   4198/ 5507  14631           0.9 s  Freq=Y N.periodos=2
2026-09-12 16:53:34   4199/ 5507  24082           1.5 s  Freq=Y N.periodos=17
2026-09-12 16:53:35   4200/ 5507  74859           0.6 s  Freq=Y N.periodos=12
2026-09-12 16:53:36   4201/ 5507  10883           1.0 s  Freq=Y N.periodos=13
2026-09-12 16:53:37   4202/ 5507  10885           0.7 s  Freq=Y N.periodos=15
2026-09-12 16:53:38   4203/ 5507  10890           0.9 s  Freq=Y N.periodos=13
2026-09-12 16:53:38   4204/ 5507  10896           0.6 s  Freq=Y N.periodos=17
2026-09-12 16:53:39   4205/ 5507  10902           0.9 s  Freq=Y N.periodos=15
2026-09-12 16:53:40   4206/ 5507  10916           0.6 s  Freq=Y N.periodos=15
2026-09-12 16:53:41   4207/ 5507  10928           1.0 s  Freq=Y N.periodos=18
2026-09-12 16:53:42   4208/ 5507  10941           1.4 s  Freq=Y N.periodos=18
2026-09-12 16:53:43   4209/ 5507  11022           0.9 s  Freq=Y N.periodos=17
2026-09-12 16:53:44   4210/ 5507  11023           0.9 s  Freq=Y N.periodos=6
2026-09-12 16:53:45   4211/ 5507  11027           1.0 s  Freq=Y N.periodos=17
2026-09-12 16:53:46   4212/ 5507  11172           0.8 s  Freq=Y N.periodos=15
2026-09-12 16:53:47   4213/ 5507  11179           1.0 s  Freq=Y N.periodos=17
2026-09-12 16:53:48   4214/ 5507  11182           0.9 s  Freq=Y N.periodos=17
2026-09-12 16:53:49   4215/ 5507  11186           1.0 s  Freq=Y N.periodos=17
2026-09-12 16:53:50   4216/ 5507  11188           1.0 s  Freq=Y N.periodos=18
2026-09-12 16:53:51   4217/ 5507  11190           0.8 s  Freq=Y N.periodos=17
2026-09-12 16:53:51   4218/ 5507  11194           0.5 s  Freq=Y N.periodos=17
2026-09-12 16:53:52   4219/ 5507  11202           0.9 s  Freq=Y N.periodos=5
2026-09-12 16:53:53   4220/ 5507  12544           0.5 s  Freq=Y N.periodos=11
2026-09-12 16:53:53   4221/ 5507  12546           0.7 s  Freq=Y N.periodos=11
2026-09-12 16:53:55   4222/ 5507  12549           1.8 s  Freq=Y N.periodos=11
2026-09-12 16:53:56   4223/ 5507  12726           0.9 s  Freq=Y N.periodos=11
2026-09-12 16:53:57   4224/ 5507  12733           0.5 s  Freq=Y N.periodos=12
2026-09-12 16:53:58   4225/ 5507  12735           1.2 s  Freq=Y N.periodos=11
2026-09-12 16:53:58   4226/ 5507  13228           0.5 s  Freq=Y N.periodos=10
2026-09-12 16:53:59   4227/ 5507  14638           0.5 s  Freq=Y N.periodos=2
2026-09-12 16:54:00   4228/ 5507  24083           1.3 s  Freq=Y N.periodos=17
2026-09-12 16:54:01   4229/ 5507  74860           0.8 s  Freq=Y N.periodos=12
2026-09-12 16:54:02   4230/ 5507  10886           0.8 s  Freq=Y N.periodos=17
2026-09-12 16:54:03   4231/ 5507  10888           0.8 s  Freq=Y N.periodos=15
2026-09-12 16:54:03   4232/ 5507  10894           0.7 s  Freq=Y N.periodos=17
2026-09-12 16:54:04   4233/ 5507  10904           0.6 s  Freq=Y N.periodos=15
2026-09-12 16:54:05   4234/ 5507  10919           1.0 s  Freq=Y N.periodos=15
2026-09-12 16:54:05   4235/ 5507  10942           0.5 s  Freq=Y N.periodos=18
2026-09-12 16:54:06   4236/ 5507  11024           0.7 s  Freq=Y N.periodos=15
2026-09-12 16:54:07   4237/ 5507  11025           0.5 s  Freq=Y N.periodos=17
2026-09-12 16:54:07   4238/ 5507  11173           0.8 s  Freq=Y N.periodos=17
2026-09-12 16:54:08   4239/ 5507  11175           0.5 s  Freq=Y N.periodos=15
2026-09-12 16:54:09   4240/ 5507  11176           0.5 s  Freq=Y N.periodos=17
2026-09-12 16:54:09   4241/ 5507  11180           0.8 s  Freq=Y N.periodos=17
2026-09-12 16:54:10   4242/ 5507  11184           0.7 s  Freq=Y N.periodos=17
2026-09-12 16:54:11   4243/ 5507  11193           0.8 s  Freq=Y N.periodos=17
2026-09-12 16:54:11   4244/ 5507  12540           0.5 s  Freq=Y N.periodos=4
2026-09-12 16:54:12   4245/ 5507  12720           1.0 s  Freq=Y N.periodos=11
2026-09-12 16:54:13   4246/ 5507  12727           0.8 s  Freq=Y N.periodos=11
2026-09-12 16:54:14   4247/ 5507  12737           0.6 s  Freq=Y N.periodos=12
2026-09-12 16:54:14   4248/ 5507  13583           0.6 s  Freq=Y N.periodos=17
2026-09-12 16:54:15   4249/ 5507  14640           0.8 s  Freq=Y N.periodos=2
2026-09-12 16:54:16   4250/ 5507  14820           0.7 s  Freq=Y N.periodos=10
2026-09-12 16:54:16   4251/ 5507  14883           0.5 s  Freq=Y N.periodos=11
2026-09-12 16:54:17   4252/ 5507  74861           0.8 s  Freq=Y N.periodos=11
2026-09-12 16:54:18   4253/ 5507  10887           0.8 s  Freq=Y N.periodos=17
2026-09-12 16:54:19   4254/ 5507  10891           0.7 s  Freq=Y N.periodos=15
2026-09-12 16:54:20   4255/ 5507  10897           1.0 s  Freq=Y N.periodos=17
2026-09-12 16:54:22   4256/ 5507  10920           2.3 s  Freq=Y N.periodos=12
2026-09-12 16:54:23   4257/ 5507  10927           0.8 s  Freq=Y N.periodos=17
2026-09-12 16:54:24   4258/ 5507  10944           0.9 s  Freq=Y N.periodos=17
2026-09-12 16:54:24   4259/ 5507  11028           0.6 s  Freq=Y N.periodos=15
2026-09-12 16:54:25   4260/ 5507  11181           0.5 s  Freq=Y N.periodos=17
2026-09-12 16:54:25   4261/ 5507  11204           0.5 s  Freq=Y N.periodos=17
2026-09-12 16:54:26   4262/ 5507  11765           1.2 s  Freq=Y N.periodos=16
2026-09-12 16:54:27   4263/ 5507  13229           0.8 s  Freq=Y N.periodos=9
2026-09-12 16:54:28   4264/ 5507  13945           0.9 s  Freq=Y N.periodos=18
2026-09-12 16:54:29   4265/ 5507  14641           0.9 s  Freq=Y N.periodos=2
2026-09-12 16:54:30   4266/ 5507  74862           0.9 s  Freq=Y N.periodos=11
2026-09-12 16:54:31   4267/ 5507  10892           0.8 s  Freq=Y N.periodos=16
2026-09-12 16:54:31   4268/ 5507  10898           0.7 s  Freq=Y N.periodos=17
2026-09-12 16:54:32   4269/ 5507  10905           1.1 s  Freq=Y N.periodos=16
2026-09-12 16:54:33   4270/ 5507  10936           0.9 s  Freq=Y N.periodos=17
2026-09-12 16:54:34   4271/ 5507  11169           0.9 s  Freq=Y N.periodos=17
2026-09-12 16:54:35   4272/ 5507  11183           0.7 s  Freq=Y N.periodos=17
2026-09-12 16:54:35   4273/ 5507  11206           0.5 s  Freq=Y N.periodos=17
2026-09-12 16:54:37   4274/ 5507  12541           1.3 s  Freq=Y N.periodos=4
2026-09-12 16:54:37   4275/ 5507  12722           0.6 s  Freq=Y N.periodos=10
2026-09-12 16:54:38   4276/ 5507  13886           0.8 s  Freq=Y N.periodos=11
2026-09-12 16:54:39   4277/ 5507  14642           0.6 s  Freq=Y N.periodos=2
2026-09-12 16:54:39   4278/ 5507  25201           0.5 s  Freq=Y N.periodos=10
2026-09-12 16:54:40   4279/ 5507  31409           0.5 s  Freq=? N.periodos=0
2026-09-12 16:54:40   4280/ 5507  74863           0.5 s  Freq=Y N.periodos=11
2026-09-12 16:54:41   4281/ 5507  10895           0.6 s  Freq=Y N.periodos=16
2026-09-12 16:54:42   4282/ 5507  10899           0.5 s  Freq=Y N.periodos=17
2026-09-12 16:54:42   4283/ 5507  10908           0.5 s  Freq=Y N.periodos=16
2026-09-12 16:54:43   4284/ 5507  11170           0.5 s  Freq=Y N.periodos=17
2026-09-12 16:54:43   4285/ 5507  11207           0.6 s  Freq=Y N.periodos=12
2026-09-12 16:54:44   4286/ 5507  14882           0.6 s  Freq=Y N.periodos=10
2026-09-12 16:54:44   4287/ 5507  53513           0.5 s  Freq=Y N.periodos=17
2026-09-12 16:54:45   4288/ 5507  74864           0.5 s  Freq=Y N.periodos=11
2026-09-12 16:54:45   4289/ 5507  10910           0.7 s  Freq=Y N.periodos=16
2026-09-12 16:54:46   4290/ 5507  10922           0.5 s  Freq=Y N.periodos=16
2026-09-12 16:54:47   4291/ 5507  11211           0.5 s  Freq=Y N.periodos=17
2026-09-12 16:54:47   4292/ 5507  12542           0.5 s  Freq=Y N.periodos=13
2026-09-12 16:54:48   4293/ 5507  12724           0.5 s  Freq=Y N.periodos=10
2026-09-12 16:54:48   4294/ 5507  28101           0.8 s  Freq=Y N.periodos=16
2026-09-12 16:54:49   4295/ 5507  53551           0.6 s  Freq=Y N.periodos=5
2026-09-12 16:54:49   4296/ 5507  31406           0.6 s  Freq=Y N.periodos=1
2026-09-12 16:54:50   4297/ 5507  10924           0.8 s  Freq=Y N.periodos=12
2026-09-12 16:54:51   4298/ 5507  11213           0.5 s  Freq=Y N.periodos=17
2026-09-12 16:54:51   4299/ 5507  11214           0.5 s  Freq=Y N.periodos=17
2026-09-12 16:54:52   4300/ 5507  31408           0.5 s  Freq=? N.periodos=0
2026-09-12 16:54:53   4301/ 5507  10938           0.8 s  Freq=Y N.periodos=12
2026-09-12 16:54:54   4302/ 5507  11215           0.8 s  Freq=Y N.periodos=17
2026-09-12 16:54:55   4303/ 5507  11216           1.1 s  Freq=Y N.periodos=17
2026-09-12 16:54:55   4304/ 5507  53550           0.5 s  Freq=Y N.periodos=5
2026-09-12 16:54:56   4305/ 5507  10940           0.9 s  Freq=Y N.periodos=17
2026-09-12 16:54:57   4306/ 5507  11217           0.8 s  Freq=Y N.periodos=17
2026-09-12 16:54:58   4307/ 5507  11218           0.8 s  Freq=Y N.periodos=17
2026-09-12 16:54:59   4308/ 5507  12420           0.9 s  Freq=M N.periodos=135
2026-09-12 16:54:59   4309/ 5507  12427           0.7 s  Freq=Q N.periodos=45
2026-09-12 16:55:01   4310/ 5507  12434           1.4 s  Freq=Q N.periodos=45
2026-09-12 16:55:02   4311/ 5507  12437           1.3 s  Freq=Q N.periodos=45
2026-09-12 16:55:03   4312/ 5507  12446           0.9 s  Freq=Q N.periodos=45
2026-09-12 16:55:04   4313/ 5507  12448           1.4 s  Freq=Q N.periodos=45
2026-09-12 16:55:05   4314/ 5507  12494           0.9 s  Freq=M N.periodos=134
2026-09-12 16:55:06   4315/ 5507  13234           0.7 s  Freq=Q N.periodos=45
2026-09-12 16:55:14   4316/ 5507  14297           8.0 s  no se pudo leer el .px
2026-09-12 16:55:15   4317/ 5507  24919           1.0 s  Freq=Y N.periodos=11
2026-09-12 16:55:16   4318/ 5507  24927           0.7 s  Freq=Y N.periodos=11
2026-09-12 16:55:16   4319/ 5507  24931           0.6 s  Freq=Y N.periodos=11
2026-09-12 16:55:17   4320/ 5507  24938           0.6 s  Freq=Y N.periodos=11
2026-09-12 16:55:18   4321/ 5507  24942           0.8 s  Freq=Y N.periodos=11
2026-09-12 16:55:18   4322/ 5507  24946           0.8 s  Freq=Y N.periodos=11
2026-09-12 16:55:19   4323/ 5507  25754           0.6 s  Freq=Y N.periodos=11
2026-09-12 16:55:20   4324/ 5507  25755           0.6 s  Freq=Y N.periodos=11
2026-09-12 16:55:21   4325/ 5507  25873           0.9 s  Freq=Y N.periodos=11
2026-09-12 16:55:21   4326/ 5507  25882           0.9 s  Freq=Y N.periodos=11
2026-09-12 16:55:22   4327/ 5507  67186           0.7 s  Freq=Y N.periodos=11
2026-09-12 16:55:23   4328/ 5507  68550           0.6 s  Freq=Y N.periodos=10
2026-09-12 16:55:23   4329/ 5507  76186           0.6 s  Freq=Y N.periodos=11
2026-09-12 16:55:24   4330/ 5507  12421           1.0 s  Freq=M N.periodos=134
2026-09-12 16:55:26   4331/ 5507  12428           1.2 s  Freq=Q N.periodos=45
2026-09-12 16:55:27   4332/ 5507  12435           1.9 s  Freq=Q N.periodos=45
2026-09-12 16:55:29   4333/ 5507  12439           1.5 s  Freq=Q N.periodos=45
2026-09-12 16:55:30   4334/ 5507  12447           0.9 s  Freq=Q N.periodos=45
2026-09-12 16:55:32   4335/ 5507  12449           1.7 s  Freq=Q N.periodos=45
2026-09-12 16:55:33   4336/ 5507  12495           1.0 s  Freq=M N.periodos=134
2026-09-12 16:55:34   4337/ 5507  14298           1.7 s  Freq=Q N.periodos=45
2026-09-12 16:55:42   4338/ 5507  15797           7.9 s  no se pudo leer el .px
2026-09-12 16:55:43   4339/ 5507  24920           1.2 s  Freq=Y N.periodos=11
2026-09-12 16:55:44   4340/ 5507  24928           0.7 s  Freq=Y N.periodos=11
2026-09-12 16:55:45   4341/ 5507  24932           0.7 s  Freq=Y N.periodos=11
2026-09-12 16:55:46   4342/ 5507  24939           1.3 s  Freq=Y N.periodos=11
2026-09-12 16:55:47   4343/ 5507  24943           0.9 s  Freq=Y N.periodos=11
2026-09-12 16:55:48   4344/ 5507  24947           1.0 s  Freq=Y N.periodos=11
2026-09-12 16:55:49   4345/ 5507  25756           0.9 s  Freq=Y N.periodos=11
2026-09-12 16:55:50   4346/ 5507  25867           0.9 s  Freq=Y N.periodos=11
2026-09-12 16:55:50   4347/ 5507  61299           0.7 s  Freq=Q N.periodos=45
2026-09-12 16:55:51   4348/ 5507  61300           0.6 s  Freq=Y N.periodos=11
2026-09-12 16:55:52   4349/ 5507  68551           0.8 s  Freq=Y N.periodos=10
2026-09-12 16:55:53   4350/ 5507  76187           1.4 s  Freq=Q N.periodos=45
2026-09-12 16:55:55   4351/ 5507  12422           1.3 s  Freq=M N.periodos=134
2026-09-12 16:55:56   4352/ 5507  12429           1.3 s  Freq=Q N.periodos=45
2026-09-12 16:55:58   4353/ 5507  12436           2.2 s  Freq=Q N.periodos=45
2026-09-12 16:56:00   4354/ 5507  12440           1.5 s  Freq=Q N.periodos=45
2026-09-12 16:56:01   4355/ 5507  12442           0.9 s  Freq=Q N.periodos=45
2026-09-12 16:56:02   4356/ 5507  12450           1.9 s  Freq=Q N.periodos=45
2026-09-12 16:56:03   4357/ 5507  12497           0.7 s  Freq=M N.periodos=134
2026-09-12 16:56:04   4358/ 5507  13232           0.8 s  Freq=Q N.periodos=45
2026-09-12 16:56:12   4359/ 5507  15796           8.1 s  no se pudo leer el .px
2026-09-12 16:56:17   4360/ 5507  24921           4.4 s  Freq=Y N.periodos=11
2026-09-12 16:56:17   4361/ 5507  24929           0.9 s  Freq=Y N.periodos=11
2026-09-12 16:56:18   4362/ 5507  24933           1.0 s  Freq=Y N.periodos=11
2026-09-12 16:56:19   4363/ 5507  24935           1.0 s  Freq=Y N.periodos=11
2026-09-12 16:56:20   4364/ 5507  24940           0.9 s  Freq=Y N.periodos=11
2026-09-12 16:56:21   4365/ 5507  24944           1.0 s  Freq=Y N.periodos=11
2026-09-12 16:56:22   4366/ 5507  25758           1.0 s  Freq=Y N.periodos=11
2026-09-12 16:56:23   4367/ 5507  25868           0.7 s  Freq=Y N.periodos=11
2026-09-12 16:56:24   4368/ 5507  68552           1.2 s  Freq=Y N.periodos=10
2026-09-12 16:56:25   4369/ 5507  76188           0.9 s  Freq=Y N.periodos=11
2026-09-12 16:56:26   4370/ 5507  12423           1.0 s  Freq=M N.periodos=134
2026-09-12 16:56:27   4371/ 5507  12430           1.2 s  Freq=Q N.periodos=45
2026-09-12 16:56:28   4372/ 5507  12444           0.6 s  Freq=Q N.periodos=45
2026-09-12 16:56:29   4373/ 5507  12496           0.7 s  Freq=M N.periodos=134
2026-09-12 16:56:29   4374/ 5507  13230           1.0 s  Freq=Q N.periodos=45
2026-09-12 16:56:30   4375/ 5507  13231           0.6 s  Freq=Q N.periodos=45
2026-09-12 16:56:31   4376/ 5507  13233           0.6 s  Freq=Q N.periodos=45
2026-09-12 16:56:31   4377/ 5507  24922           0.7 s  Freq=Y N.periodos=11
2026-09-12 16:56:32   4378/ 5507  24930           0.9 s  Freq=Y N.periodos=11
2026-09-12 16:56:33   4379/ 5507  24936           0.8 s  Freq=Y N.periodos=11
2026-09-12 16:56:34   4380/ 5507  24941           0.9 s  Freq=Y N.periodos=11
2026-09-12 16:56:35   4381/ 5507  24945           1.0 s  Freq=Y N.periodos=11
2026-09-12 16:56:36   4382/ 5507  25759           1.4 s  Freq=Y N.periodos=11
2026-09-12 16:56:37   4383/ 5507  25869           0.8 s  Freq=Y N.periodos=11
2026-09-12 16:56:38   4384/ 5507  68553           1.2 s  Freq=Y N.periodos=10
2026-09-12 16:56:39   4385/ 5507  76189           0.6 s  Freq=Y N.periodos=11
2026-09-12 16:56:40   4386/ 5507  12424           0.7 s  Freq=M N.periodos=134
2026-09-12 16:56:42   4387/ 5507  12431           2.1 s  Freq=Q N.periodos=45
2026-09-12 16:56:43   4388/ 5507  12445           1.4 s  Freq=Q N.periodos=45
2026-09-12 16:56:44   4389/ 5507  24923           1.0 s  Freq=Y N.periodos=11
2026-09-12 16:56:45   4390/ 5507  24937           0.9 s  Freq=Y N.periodos=11
2026-09-12 16:56:46   4391/ 5507  25760           0.6 s  Freq=Y N.periodos=11
2026-09-12 16:56:46   4392/ 5507  25870           0.8 s  Freq=Y N.periodos=11
2026-09-12 16:56:47   4393/ 5507  68554           0.9 s  Freq=Y N.periodos=3
2026-09-12 16:56:55   4394/ 5507  76190           8.1 s  no se pudo leer el .px
2026-09-12 16:56:57   4395/ 5507  12432           1.4 s  Freq=Q N.periodos=45
2026-09-12 16:56:58   4396/ 5507  24924           1.0 s  Freq=Y N.periodos=11
2026-09-12 16:56:59   4397/ 5507  25761           0.9 s  Freq=Y N.periodos=11
2026-09-12 16:57:00   4398/ 5507  25871           1.4 s  Freq=Y N.periodos=11
2026-09-12 16:57:01   4399/ 5507  68555           0.7 s  Freq=Y N.periodos=3
2026-09-12 16:57:02   4400/ 5507  12433           1.2 s  Freq=Q N.periodos=45
2026-09-12 16:57:03   4401/ 5507  24925           0.9 s  Freq=Y N.periodos=11
2026-09-12 16:57:04   4402/ 5507  25814           0.9 s  Freq=Y N.periodos=11
2026-09-12 16:57:05   4403/ 5507  25872           0.6 s  Freq=Y N.periodos=11
2026-09-12 16:57:05   4404/ 5507  68556           0.7 s  Freq=Y N.periodos=3
2026-09-12 16:57:07   4405/ 5507  14295           1.1 s  Freq=Q N.periodos=45
2026-09-12 16:57:08   4406/ 5507  24926           1.0 s  Freq=Y N.periodos=11
2026-09-12 16:57:08   4407/ 5507  25815           1.0 s  Freq=Y N.periodos=11
2026-09-12 16:57:09   4408/ 5507  68557           0.9 s  Freq=Y N.periodos=3
2026-09-12 16:57:10   4409/ 5507  68558           0.7 s  Freq=Y N.periodos=3
2026-09-12 16:57:11   4410/ 5507  68559           1.1 s  Freq=Y N.periodos=3
2026-09-12 16:57:12   4411/ 5507  15021           0.6 s  Freq=Y N.periodos=13
2026-09-12 16:57:13   4412/ 5507  15082           0.9 s  Freq=Y N.periodos=13
2026-09-12 16:57:14   4413/ 5507  17557           0.9 s  Freq=Y N.periodos=13
2026-09-12 16:57:14   4414/ 5507  70007           0.8 s  Freq=Y N.periodos=13
2026-09-12 16:57:16   4415/ 5507  15070           1.2 s  Freq=Y N.periodos=13
2026-09-12 16:57:16   4416/ 5507  15083           0.6 s  Freq=Y N.periodos=13
2026-09-12 16:57:17   4417/ 5507  17558           1.0 s  Freq=Y N.periodos=13
2026-09-12 16:57:18   4418/ 5507  70008           1.1 s  Freq=Y N.periodos=13
2026-09-12 16:57:19   4419/ 5507  15071           0.9 s  Freq=Y N.periodos=13
2026-09-12 16:57:20   4420/ 5507  15798           1.3 s  Freq=Y N.periodos=13
2026-09-12 16:57:23   4421/ 5507  17559           2.7 s  Freq=Y N.periodos=13
2026-09-12 16:57:25   4422/ 5507  59429           2.0 s  Freq=Y N.periodos=13
2026-09-12 16:57:26   4423/ 5507  70009           1.0 s  Freq=Y N.periodos=13
2026-09-12 16:57:29   4424/ 5507  15072           2.6 s  Freq=Y N.periodos=13
2026-09-12 16:57:31   4425/ 5507  15799           2.2 s  Freq=Y N.periodos=13
2026-09-12 16:57:32   4426/ 5507  17560           1.5 s  Freq=Y N.periodos=13
2026-09-12 16:57:35   4427/ 5507  59430           2.8 s  Freq=Y N.periodos=13
2026-09-12 16:57:36   4428/ 5507  70010           0.8 s  Freq=Y N.periodos=13
2026-09-12 16:57:37   4429/ 5507  15073           0.6 s  Freq=Y N.periodos=13
2026-09-12 16:57:38   4430/ 5507  15800           1.7 s  Freq=Y N.periodos=13
2026-09-12 16:57:40   4431/ 5507  17561           2.0 s  Freq=Y N.periodos=13
2026-09-12 16:57:41   4432/ 5507  70011           0.6 s  Freq=Y N.periodos=13
2026-09-12 16:57:42   4433/ 5507  52060           0.7 s  Freq=Y N.periodos=7
2026-09-12 16:57:43   4434/ 5507  70012           1.4 s  Freq=Y N.periodos=13
2026-09-12 16:57:44   4435/ 5507  52061           1.0 s  Freq=Y N.periodos=6
2026-09-12 16:57:45   4436/ 5507  52062           1.2 s  Freq=Y N.periodos=6
2026-09-12 16:57:46   4437/ 5507  52063           0.7 s  Freq=Y N.periodos=6
2026-09-12 16:57:46   4438/ 5507  52064           0.5 s  Freq=Y N.periodos=5
2026-09-12 16:57:48   4439/ 5507  67195           1.0 s  Freq=Y N.periodos=30
2026-09-12 16:57:49   4440/ 5507  69069           1.1 s  Freq=Y N.periodos=30
2026-09-12 16:57:50   4441/ 5507  71129           1.2 s  Freq=Y N.periodos=30
2026-09-12 16:57:51   4442/ 5507  67197           0.8 s  Freq=Y N.periodos=30
2026-09-12 16:57:51   4443/ 5507  69070           0.7 s  Freq=Y N.periodos=30
2026-09-12 16:57:53   4444/ 5507  67202           1.7 s  Freq=Y N.periodos=30
2026-09-12 16:57:54   4445/ 5507  69071           1.0 s  Freq=Y N.periodos=30
2026-09-12 16:57:55   4446/ 5507  71132           1.3 s  Freq=Y N.periodos=30
2026-09-12 16:57:56   4447/ 5507  69072           1.1 s  Freq=Y N.periodos=30
2026-09-12 16:57:57   4448/ 5507  71133           1.1 s  Freq=Y N.periodos=30
2026-09-12 16:57:59   4449/ 5507  76276           1.8 s  Freq=Y N.periodos=30
2026-09-12 16:58:02   4450/ 5507  67199           2.2 s  Freq=Y N.periodos=30
2026-09-12 16:58:03   4451/ 5507  69073           1.5 s  Freq=Y N.periodos=30
2026-09-12 16:58:04   4452/ 5507  69074           1.0 s  Freq=Y N.periodos=29
2026-09-12 16:58:05   4453/ 5507  30656           1.3 s  Freq=Y N.periodos=9
2026-09-12 16:58:43   4454/ 5507  30824          37.3 s   <-- LENTO  Freq=Y N.periodos=9
2026-09-12 16:58:45   4455/ 5507  30833           1.9 s  Freq=Y N.periodos=9
2026-09-12 16:58:45   4456/ 5507  30842           0.9 s  Freq=Y N.periodos=9
2026-09-12 16:58:47   4457/ 5507  30851           1.8 s  Freq=Y N.periodos=9
2026-09-12 16:58:48   4458/ 5507  30860           1.3 s  Freq=Y N.periodos=9
2026-09-12 16:58:50   4459/ 5507  30869           1.2 s  Freq=Y N.periodos=9
2026-09-12 16:58:51   4460/ 5507  30878           1.6 s  Freq=Y N.periodos=9
2026-09-12 16:58:52   4461/ 5507  30887           1.1 s  Freq=Y N.periodos=9
2026-09-12 16:58:55   4462/ 5507  30896           2.7 s  Freq=Y N.periodos=9
2026-09-12 16:58:56   4463/ 5507  30917           1.3 s  Freq=Y N.periodos=9
2026-09-12 16:58:58   4464/ 5507  30926           1.2 s  Freq=Y N.periodos=9
2026-09-12 16:58:59   4465/ 5507  30935           1.2 s  Freq=Y N.periodos=9
2026-09-12 16:59:00   4466/ 5507  30944           1.1 s  Freq=Y N.periodos=9
2026-09-12 16:59:01   4467/ 5507  30953           0.9 s  Freq=Y N.periodos=9
2026-09-12 16:59:02   4468/ 5507  30962           1.4 s  Freq=Y N.periodos=9
2026-09-12 16:59:03   4469/ 5507  30971           1.0 s  Freq=Y N.periodos=9
2026-09-12 16:59:05   4470/ 5507  30980           1.6 s  Freq=Y N.periodos=9
2026-09-12 16:59:06   4471/ 5507  30989           1.4 s  Freq=Y N.periodos=9
2026-09-12 16:59:07   4472/ 5507  30998           1.3 s  Freq=Y N.periodos=9
2026-09-12 16:59:09   4473/ 5507  31007           1.6 s  Freq=Y N.periodos=8
2026-09-12 16:59:10   4474/ 5507  31016           1.3 s  Freq=Y N.periodos=9
2026-09-12 16:59:11   4475/ 5507  31025           1.2 s  Freq=Y N.periodos=9
2026-09-12 16:59:13   4476/ 5507  31034           1.7 s  Freq=Y N.periodos=9
2026-09-12 16:59:14   4477/ 5507  31043           0.9 s  Freq=Y N.periodos=9
2026-09-12 16:59:15   4478/ 5507  31052           1.5 s  Freq=Y N.periodos=9
2026-09-12 16:59:16   4479/ 5507  31061           0.9 s  Freq=Y N.periodos=9
2026-09-12 16:59:18   4480/ 5507  31070           2.1 s  Freq=Y N.periodos=9
2026-09-12 16:59:21   4481/ 5507  31079           3.0 s  Freq=Y N.periodos=9
2026-09-12 16:59:23   4482/ 5507  31088           1.3 s  Freq=Y N.periodos=9
2026-09-12 16:59:27   4483/ 5507  31097           4.2 s  Freq=Y N.periodos=9
2026-09-12 16:59:30   4484/ 5507  31106           2.8 s  Freq=Y N.periodos=9
2026-09-12 16:59:31   4485/ 5507  31115           1.7 s  Freq=Y N.periodos=9
2026-09-12 16:59:33   4486/ 5507  31124           1.6 s  Freq=Y N.periodos=9
2026-09-12 16:59:35   4487/ 5507  31133           1.8 s  Freq=Y N.periodos=9
2026-09-12 16:59:36   4488/ 5507  31142           1.4 s  Freq=Y N.periodos=9
2026-09-12 16:59:38   4489/ 5507  31151           2.1 s  Freq=Y N.periodos=9
2026-09-12 16:59:40   4490/ 5507  31160           2.0 s  Freq=Y N.periodos=9
2026-09-12 16:59:42   4491/ 5507  31169           1.7 s  Freq=Y N.periodos=9
2026-09-12 16:59:44   4492/ 5507  31178           2.2 s  Freq=Y N.periodos=9
2026-09-12 16:59:46   4493/ 5507  31187           1.9 s  Freq=Y N.periodos=9
2026-09-12 16:59:48   4494/ 5507  31196           1.6 s  Freq=Y N.periodos=9
2026-09-12 16:59:50   4495/ 5507  31205           2.7 s  Freq=Y N.periodos=9
2026-09-12 16:59:52   4496/ 5507  31214           1.9 s  Freq=Y N.periodos=9
2026-09-12 16:59:54   4497/ 5507  31223           1.3 s  Freq=Y N.periodos=9
2026-09-12 16:59:56   4498/ 5507  31232           2.3 s  Freq=Y N.periodos=9
2026-09-12 16:59:58   4499/ 5507  31241           2.0 s  Freq=Y N.periodos=9
2026-09-12 17:00:00   4500/ 5507  31250           2.5 s  Freq=Y N.periodos=9
2026-09-12 17:00:02   4501/ 5507  31259           1.8 s  Freq=Y N.periodos=9
2026-09-12 17:00:05   4502/ 5507  31268           2.1 s  Freq=Y N.periodos=9
2026-09-12 17:00:06   4503/ 5507  31277           1.5 s  Freq=Y N.periodos=9
2026-09-12 17:00:07   4504/ 5507  31286           0.9 s  Freq=Y N.periodos=9
2026-09-12 17:00:08   4505/ 5507  31295           0.7 s  Freq=Y N.periodos=9
2026-09-12 17:00:09   4506/ 5507  53689           1.2 s  Freq=Y N.periodos=9
2026-09-12 17:00:10   4507/ 5507  30813           1.2 s  Freq=Y N.periodos=9
2026-09-12 17:00:39   4508/ 5507  30825          29.0 s  Freq=Y N.periodos=9
2026-09-12 17:00:41   4509/ 5507  30834           1.6 s  Freq=Y N.periodos=9
2026-09-12 17:00:43   4510/ 5507  30843           2.1 s  Freq=Y N.periodos=9
2026-09-12 17:00:44   4511/ 5507  30852           1.0 s  Freq=Y N.periodos=4
2026-09-12 17:00:49   4512/ 5507  30861           4.8 s  Freq=Y N.periodos=9
2026-09-12 17:00:50   4513/ 5507  30870           1.5 s  Freq=Y N.periodos=9
2026-09-12 17:00:52   4514/ 5507  30879           1.3 s  Freq=Y N.periodos=9
2026-09-12 17:00:53   4515/ 5507  30888           1.5 s  Freq=Y N.periodos=9
2026-09-12 17:00:56   4516/ 5507  30897           2.8 s  Freq=Y N.periodos=9
2026-09-12 17:00:57   4517/ 5507  30918           1.3 s  Freq=Y N.periodos=9
2026-09-12 17:00:59   4518/ 5507  30927           1.4 s  Freq=Y N.periodos=9
2026-09-12 17:01:00   4519/ 5507  30936           1.5 s  Freq=Y N.periodos=9
2026-09-12 17:01:01   4520/ 5507  30945           1.4 s  Freq=Y N.periodos=9
2026-09-12 17:01:03   4521/ 5507  30954           1.4 s  Freq=Y N.periodos=9
2026-09-12 17:01:04   4522/ 5507  30963           1.3 s  Freq=Y N.periodos=9
2026-09-12 17:01:05   4523/ 5507  30972           1.3 s  Freq=Y N.periodos=9
2026-09-12 17:01:07   4524/ 5507  30981           1.5 s  Freq=Y N.periodos=9
2026-09-12 17:01:09   4525/ 5507  30990           2.3 s  Freq=Y N.periodos=9
2026-09-12 17:01:11   4526/ 5507  30999           1.4 s  Freq=Y N.periodos=9
2026-09-12 17:01:12   4527/ 5507  31008           1.6 s  Freq=Y N.periodos=8
2026-09-12 17:01:13   4528/ 5507  31017           1.3 s  Freq=Y N.periodos=9
2026-09-12 17:01:15   4529/ 5507  31026           1.3 s  Freq=Y N.periodos=9
2026-09-12 17:01:16   4530/ 5507  31035           1.5 s  Freq=Y N.periodos=9
2026-09-12 17:01:18   4531/ 5507  31044           1.3 s  Freq=Y N.periodos=9
2026-09-12 17:01:19   4532/ 5507  31053           1.2 s  Freq=Y N.periodos=9
2026-09-12 17:01:21   4533/ 5507  31062           1.7 s  Freq=Y N.periodos=9
2026-09-12 17:01:22   4534/ 5507  31071           1.4 s  Freq=Y N.periodos=9
2026-09-12 17:01:23   4535/ 5507  31080           1.4 s  Freq=Y N.periodos=9
2026-09-12 17:01:28   4536/ 5507  31089           4.2 s  Freq=Y N.periodos=9
2026-09-12 17:01:31   4537/ 5507  31098           3.0 s  Freq=Y N.periodos=9
2026-09-12 17:01:33   4538/ 5507  31107           2.0 s  Freq=Y N.periodos=9
2026-09-12 17:01:34   4539/ 5507  31116           1.3 s  Freq=Y N.periodos=9
2026-09-12 17:01:35   4540/ 5507  31125           0.9 s  Freq=Y N.periodos=7
2026-09-12 17:01:36   4541/ 5507  31134           1.3 s  Freq=Y N.periodos=9
2026-09-12 17:01:37   4542/ 5507  31143           0.8 s  Freq=Y N.periodos=9
2026-09-12 17:01:38   4543/ 5507  31152           0.9 s  Freq=Y N.periodos=9
2026-09-12 17:01:39   4544/ 5507  31161           1.1 s  Freq=Y N.periodos=9
2026-09-12 17:01:42   4545/ 5507  31170           2.9 s  Freq=Y N.periodos=9
2026-09-12 17:01:44   4546/ 5507  31179           1.7 s  Freq=Y N.periodos=9
2026-09-12 17:01:45   4547/ 5507  31188           1.3 s  Freq=Y N.periodos=9
2026-09-12 17:01:46   4548/ 5507  31197           1.0 s  Freq=Y N.periodos=9
2026-09-12 17:01:47   4549/ 5507  31206           1.4 s  Freq=Y N.periodos=9
2026-09-12 17:01:48   4550/ 5507  31215           1.0 s  Freq=Y N.periodos=9
2026-09-12 17:01:50   4551/ 5507  31224           1.2 s  Freq=Y N.periodos=9
2026-09-12 17:01:51   4552/ 5507  31233           1.1 s  Freq=Y N.periodos=9
2026-09-12 17:01:52   4553/ 5507  31242           1.2 s  Freq=Y N.periodos=9
2026-09-12 17:01:55   4554/ 5507  31251           2.8 s  Freq=Y N.periodos=9
2026-09-12 17:01:57   4555/ 5507  31260           2.1 s  Freq=Y N.periodos=9
2026-09-12 17:01:58   4556/ 5507  31269           1.5 s  Freq=Y N.periodos=9
2026-09-12 17:02:00   4557/ 5507  31278           1.4 s  Freq=Y N.periodos=9
2026-09-12 17:02:00   4558/ 5507  31287           0.8 s  Freq=Y N.periodos=9
2026-09-12 17:02:01   4559/ 5507  31296           0.6 s  Freq=Y N.periodos=9
2026-09-12 17:02:02   4560/ 5507  53687           1.3 s  Freq=Y N.periodos=9
2026-09-12 17:02:03   4561/ 5507  30657           1.3 s  Freq=Y N.periodos=9
2026-09-12 17:02:40   4562/ 5507  30826          36.1 s   <-- LENTO  Freq=Y N.periodos=9
2026-09-12 17:02:42   4563/ 5507  30835           2.8 s  Freq=Y N.periodos=9
2026-09-12 17:02:44   4564/ 5507  30844           1.9 s  Freq=Y N.periodos=9
2026-09-12 17:02:45   4565/ 5507  30853           1.1 s  Freq=Y N.periodos=4
2026-09-12 17:02:47   4566/ 5507  30862           1.5 s  Freq=Y N.periodos=9
2026-09-12 17:02:48   4567/ 5507  30871           1.5 s  Freq=Y N.periodos=9
2026-09-12 17:02:50   4568/ 5507  30880           1.5 s  Freq=Y N.periodos=9
2026-09-12 17:02:52   4569/ 5507  30889           1.7 s  Freq=Y N.periodos=9
2026-09-12 17:02:54   4570/ 5507  30898           2.9 s  Freq=Y N.periodos=9
2026-09-12 17:02:56   4571/ 5507  30919           1.7 s  Freq=Y N.periodos=9
2026-09-12 17:02:59   4572/ 5507  30928           2.9 s  Freq=Y N.periodos=9
2026-09-12 17:03:00   4573/ 5507  30937           1.2 s  Freq=Y N.periodos=9
2026-09-12 17:03:01   4574/ 5507  30946           1.2 s  Freq=Y N.periodos=9
2026-09-12 17:03:02   4575/ 5507  30955           1.0 s  Freq=Y N.periodos=9
2026-09-12 17:03:03   4576/ 5507  30964           1.1 s  Freq=Y N.periodos=9
2026-09-12 17:03:05   4577/ 5507  30973           1.3 s  Freq=Y N.periodos=9
2026-09-12 17:03:07   4578/ 5507  30982           2.1 s  Freq=Y N.periodos=9
2026-09-12 17:03:08   4579/ 5507  30991           1.5 s  Freq=Y N.periodos=9
2026-09-12 17:03:10   4580/ 5507  31000           1.5 s  Freq=Y N.periodos=9
2026-09-12 17:03:11   4581/ 5507  31018           1.2 s  Freq=Y N.periodos=9
2026-09-12 17:03:13   4582/ 5507  31027           1.6 s  Freq=Y N.periodos=9
2026-09-12 17:03:14   4583/ 5507  31036           1.6 s  Freq=Y N.periodos=9
2026-09-12 17:03:15   4584/ 5507  31045           1.2 s  Freq=Y N.periodos=9
2026-09-12 17:03:17   4585/ 5507  31054           2.0 s  Freq=Y N.periodos=9
2026-09-12 17:03:20   4586/ 5507  31063           2.3 s  Freq=Y N.periodos=9
2026-09-12 17:03:21   4587/ 5507  31072           1.3 s  Freq=Y N.periodos=9
2026-09-12 17:03:23   4588/ 5507  31081           1.6 s  Freq=Y N.periodos=9
2026-09-12 17:03:24   4589/ 5507  31090           1.0 s  Freq=Y N.periodos=9
2026-09-12 17:03:27   4590/ 5507  31099           3.8 s  Freq=Y N.periodos=9
2026-09-12 17:03:30   4591/ 5507  31108           2.2 s  Freq=Y N.periodos=9
2026-09-12 17:03:31   4592/ 5507  31117           1.6 s  Freq=Y N.periodos=9
2026-09-12 17:03:33   4593/ 5507  31126           2.0 s  Freq=Y N.periodos=3
2026-09-12 17:03:35   4594/ 5507  31135           1.7 s  Freq=Y N.periodos=9
2026-09-12 17:03:36   4595/ 5507  31144           1.5 s  Freq=Y N.periodos=9
2026-09-12 17:03:39   4596/ 5507  31153           2.3 s  Freq=Y N.periodos=9
2026-09-12 17:03:40   4597/ 5507  31162           1.3 s  Freq=Y N.periodos=9
2026-09-12 17:03:41   4598/ 5507  31171           1.2 s  Freq=Y N.periodos=9
2026-09-12 17:03:43   4599/ 5507  31180           1.4 s  Freq=Y N.periodos=9
2026-09-12 17:03:44   4600/ 5507  31189           1.5 s  Freq=Y N.periodos=9
2026-09-12 17:03:46   4601/ 5507  31198           1.6 s  Freq=Y N.periodos=9
2026-09-12 17:03:48   4602/ 5507  31207           1.9 s  Freq=Y N.periodos=9
2026-09-12 17:03:50   4603/ 5507  31216           1.5 s  Freq=Y N.periodos=9
2026-09-12 17:03:52   4604/ 5507  31225           1.9 s  Freq=Y N.periodos=9
2026-09-12 17:03:53   4605/ 5507  31234           1.6 s  Freq=Y N.periodos=9
2026-09-12 17:03:55   4606/ 5507  31243           1.6 s  Freq=Y N.periodos=9
2026-09-12 17:03:58   4607/ 5507  31252           2.8 s  Freq=Y N.periodos=9
2026-09-12 17:03:59   4608/ 5507  31261           1.3 s  Freq=Y N.periodos=9
2026-09-12 17:04:01   4609/ 5507  31270           1.9 s  Freq=Y N.periodos=9
2026-09-12 17:04:02   4610/ 5507  31279           1.5 s  Freq=Y N.periodos=9
2026-09-12 17:04:04   4611/ 5507  31288           1.5 s  Freq=Y N.periodos=9
2026-09-12 17:04:05   4612/ 5507  31297           0.9 s  Freq=Y N.periodos=9
2026-09-12 17:04:06   4613/ 5507  48549           1.1 s  Freq=Y N.periodos=8
2026-09-12 17:04:07   4614/ 5507  53690           1.2 s  Freq=Y N.periodos=9
2026-09-12 17:04:08   4615/ 5507  30659           1.5 s  Freq=Y N.periodos=9
2026-09-12 17:05:09   4616/ 5507  30827          61.0 s   <-- LENTO  Freq=Y N.periodos=9
2026-09-12 17:05:12   4617/ 5507  30836           2.7 s  Freq=Y N.periodos=9
2026-09-12 17:05:14   4618/ 5507  30845           1.6 s  Freq=Y N.periodos=9
2026-09-12 17:05:15   4619/ 5507  30854           1.1 s  Freq=Y N.periodos=4
2026-09-12 17:05:17   4620/ 5507  30863           2.1 s  Freq=Y N.periodos=9
2026-09-12 17:05:18   4621/ 5507  30872           1.5 s  Freq=Y N.periodos=9
2026-09-12 17:05:21   4622/ 5507  30881           2.4 s  Freq=Y N.periodos=9
2026-09-12 17:05:23   4623/ 5507  30890           1.6 s  Freq=Y N.periodos=9
2026-09-12 17:05:27   4624/ 5507  30899           4.5 s  Freq=Y N.periodos=9
2026-09-12 17:05:29   4625/ 5507  30920           2.4 s  Freq=Y N.periodos=9
2026-09-12 17:05:31   4626/ 5507  30929           1.9 s  Freq=Y N.periodos=9
2026-09-12 17:05:33   4627/ 5507  30938           1.3 s  Freq=Y N.periodos=9
2026-09-12 17:05:34   4628/ 5507  30947           1.8 s  Freq=Y N.periodos=9
2026-09-12 17:05:36   4629/ 5507  30956           1.9 s  Freq=Y N.periodos=9
2026-09-12 17:05:38   4630/ 5507  30965           1.6 s  Freq=Y N.periodos=9
2026-09-12 17:05:40   4631/ 5507  30974           1.5 s  Freq=Y N.periodos=9
2026-09-12 17:05:42   4632/ 5507  30983           1.9 s  Freq=Y N.periodos=9
2026-09-12 17:05:43   4633/ 5507  30992           1.8 s  Freq=Y N.periodos=9
2026-09-12 17:05:45   4634/ 5507  31001           1.6 s  Freq=Y N.periodos=9
2026-09-12 17:05:47   4635/ 5507  31019           1.5 s  Freq=Y N.periodos=9
2026-09-12 17:05:48   4636/ 5507  31028           1.9 s  Freq=Y N.periodos=9
2026-09-12 17:05:51   4637/ 5507  31037           2.4 s  Freq=Y N.periodos=9
2026-09-12 17:05:53   4638/ 5507  31046           2.3 s  Freq=Y N.periodos=9
2026-09-12 17:05:54   4639/ 5507  31055           1.3 s  Freq=Y N.periodos=9
2026-09-12 17:05:56   4640/ 5507  31064           1.5 s  Freq=Y N.periodos=9
2026-09-12 17:05:58   4641/ 5507  31073           2.1 s  Freq=Y N.periodos=9
2026-09-12 17:06:02   4642/ 5507  31082           3.8 s  Freq=Y N.periodos=9
2026-09-12 17:06:03   4643/ 5507  31091           1.5 s  Freq=Y N.periodos=9
2026-09-12 17:06:08   4644/ 5507  31100           5.1 s  Freq=Y N.periodos=9
2026-09-12 17:06:12   4645/ 5507  31109           3.1 s  Freq=Y N.periodos=9
2026-09-12 17:06:13   4646/ 5507  31118           1.9 s  Freq=Y N.periodos=9
2026-09-12 17:06:16   4647/ 5507  31127           2.7 s  Freq=Y N.periodos=3
2026-09-12 17:06:18   4648/ 5507  31136           1.4 s  Freq=Y N.periodos=9
2026-09-12 17:06:19   4649/ 5507  31145           1.7 s  Freq=Y N.periodos=9
2026-09-12 17:06:21   4650/ 5507  31154           1.5 s  Freq=Y N.periodos=9
2026-09-12 17:06:22   4651/ 5507  31163           1.5 s  Freq=Y N.periodos=9
2026-09-12 17:06:24   4652/ 5507  31172           1.5 s  Freq=Y N.periodos=9
2026-09-12 17:06:26   4653/ 5507  31181           2.0 s  Freq=Y N.periodos=9
2026-09-12 17:06:27   4654/ 5507  31190           1.6 s  Freq=Y N.periodos=9
2026-09-12 17:06:29   4655/ 5507  31199           1.4 s  Freq=Y N.periodos=9
2026-09-12 17:06:32   4656/ 5507  31208           3.3 s  Freq=Y N.periodos=9
2026-09-12 17:06:34   4657/ 5507  31217           1.7 s  Freq=Y N.periodos=9
2026-09-12 17:06:36   4658/ 5507  31226           1.9 s  Freq=Y N.periodos=9
2026-09-12 17:06:37   4659/ 5507  31235           1.5 s  Freq=Y N.periodos=9
2026-09-12 17:06:39   4660/ 5507  31244           1.7 s  Freq=Y N.periodos=9
2026-09-12 17:06:42   4661/ 5507  31253           3.4 s  Freq=Y N.periodos=9
2026-09-12 17:06:44   4662/ 5507  31262           1.5 s  Freq=Y N.periodos=9
2026-09-12 17:06:45   4663/ 5507  31271           1.6 s  Freq=Y N.periodos=9
2026-09-12 17:06:47   4664/ 5507  31280           1.9 s  Freq=Y N.periodos=9
2026-09-12 17:06:48   4665/ 5507  31289           0.9 s  Freq=Y N.periodos=9
2026-09-12 17:06:49   4666/ 5507  31298           1.1 s  Freq=Y N.periodos=9
2026-09-12 17:06:51   4667/ 5507  37728           1.6 s  Freq=Y N.periodos=8
2026-09-12 17:06:52   4668/ 5507  53692           1.1 s  Freq=Y N.periodos=9
2026-09-12 17:06:53   4669/ 5507  30660           1.0 s  Freq=Y N.periodos=9
2026-09-12 17:07:26   4670/ 5507  30828          33.0 s   <-- LENTO  Freq=Y N.periodos=9
2026-09-12 17:07:28   4671/ 5507  30837           2.0 s  Freq=Y N.periodos=9
2026-09-12 17:07:29   4672/ 5507  30846           1.1 s  Freq=Y N.periodos=9
2026-09-12 17:07:31   4673/ 5507  30855           1.6 s  Freq=Y N.periodos=4
2026-09-12 17:07:33   4674/ 5507  30864           2.2 s  Freq=Y N.periodos=9
2026-09-12 17:07:34   4675/ 5507  30873           1.2 s  Freq=Y N.periodos=9
2026-09-12 17:07:35   4676/ 5507  30882           1.3 s  Freq=Y N.periodos=9
2026-09-12 17:07:37   4677/ 5507  30891           1.5 s  Freq=Y N.periodos=9
2026-09-12 17:07:41   4678/ 5507  30900           4.6 s  Freq=Y N.periodos=9
2026-09-12 17:07:46   4679/ 5507  30921           4.3 s  Freq=Y N.periodos=6
2026-09-12 17:07:48   4680/ 5507  30930           2.4 s  Freq=Y N.periodos=9
2026-09-12 17:07:50   4681/ 5507  30939           2.1 s  Freq=Y N.periodos=9
2026-09-12 17:07:52   4682/ 5507  30948           2.3 s  Freq=Y N.periodos=9
2026-09-12 17:07:54   4683/ 5507  30957           1.6 s  Freq=Y N.periodos=9
2026-09-12 17:07:55   4684/ 5507  30966           1.5 s  Freq=Y N.periodos=9
2026-09-12 17:07:57   4685/ 5507  30975           1.9 s  Freq=Y N.periodos=9
2026-09-12 17:07:59   4686/ 5507  30984           1.9 s  Freq=Y N.periodos=9
2026-09-12 17:08:02   4687/ 5507  30993           2.3 s  Freq=Y N.periodos=9
2026-09-12 17:08:03   4688/ 5507  31002           1.8 s  Freq=Y N.periodos=9
2026-09-12 17:08:06   4689/ 5507  31020           2.9 s  Freq=Y N.periodos=9
2026-09-12 17:08:09   4690/ 5507  31029           2.5 s  Freq=Y N.periodos=9
2026-09-12 17:08:11   4691/ 5507  31038           1.7 s  Freq=Y N.periodos=9
2026-09-12 17:08:12   4692/ 5507  31047           1.5 s  Freq=Y N.periodos=9
2026-09-12 17:08:14   4693/ 5507  31056           1.7 s  Freq=Y N.periodos=9
2026-09-12 17:08:16   4694/ 5507  31065           2.8 s  Freq=Y N.periodos=9
2026-09-12 17:08:18   4695/ 5507  31074           1.6 s  Freq=Y N.periodos=9
2026-09-12 17:08:20   4696/ 5507  31083           1.7 s  Freq=Y N.periodos=9
2026-09-12 17:08:21   4697/ 5507  31092           1.2 s  Freq=Y N.periodos=9
2026-09-12 17:08:26   4698/ 5507  31101           5.3 s  Freq=Y N.periodos=9
2026-09-12 17:08:29   4699/ 5507  31110           2.5 s  Freq=Y N.periodos=9
2026-09-12 17:08:31   4700/ 5507  31119           2.1 s  Freq=Y N.periodos=9
2026-09-12 17:08:34   4701/ 5507  31128           2.4 s  Freq=Y N.periodos=3
2026-09-12 17:08:35   4702/ 5507  31137           1.5 s  Freq=Y N.periodos=9
2026-09-12 17:08:37   4703/ 5507  31146           1.5 s  Freq=Y N.periodos=9
2026-09-12 17:08:38   4704/ 5507  31155           1.8 s  Freq=Y N.periodos=9
2026-09-12 17:08:40   4705/ 5507  31164           2.0 s  Freq=Y N.periodos=9
2026-09-12 17:08:42   4706/ 5507  31173           2.0 s  Freq=Y N.periodos=9
2026-09-12 17:08:44   4707/ 5507  31182           1.8 s  Freq=Y N.periodos=9
2026-09-12 17:08:46   4708/ 5507  31191           1.7 s  Freq=Y N.periodos=9
2026-09-12 17:08:47   4709/ 5507  31200           1.3 s  Freq=Y N.periodos=9
2026-09-12 17:08:52   4710/ 5507  31209           4.5 s  Freq=Y N.periodos=9
2026-09-12 17:08:53   4711/ 5507  31218           1.4 s  Freq=Y N.periodos=9
2026-09-12 17:08:55   4712/ 5507  31227           1.7 s  Freq=Y N.periodos=9
2026-09-12 17:08:56   4713/ 5507  31236           1.5 s  Freq=Y N.periodos=9
2026-09-12 17:08:58   4714/ 5507  31245           1.9 s  Freq=Y N.periodos=9
2026-09-12 17:09:02   4715/ 5507  31254           3.4 s  Freq=Y N.periodos=9
2026-09-12 17:09:04   4716/ 5507  31263           2.2 s  Freq=Y N.periodos=9
2026-09-12 17:09:05   4717/ 5507  31272           1.5 s  Freq=Y N.periodos=9
2026-09-12 17:09:07   4718/ 5507  31281           1.9 s  Freq=Y N.periodos=9
2026-09-12 17:09:08   4719/ 5507  31290           0.9 s  Freq=Y N.periodos=9
2026-09-12 17:09:09   4720/ 5507  31299           1.1 s  Freq=Y N.periodos=9
2026-09-12 17:09:11   4721/ 5507  48439           1.3 s  Freq=Y N.periodos=6
2026-09-12 17:09:11   4722/ 5507  53693           0.9 s  Freq=Y N.periodos=9
2026-09-12 17:09:13   4723/ 5507  30661           1.4 s  Freq=Y N.periodos=9
2026-09-12 17:10:11   4724/ 5507  30829          58.7 s   <-- LENTO  Freq=Y N.periodos=9
2026-09-12 17:10:14   4725/ 5507  30838           2.3 s  Freq=Y N.periodos=9
2026-09-12 17:10:15   4726/ 5507  30847           1.5 s  Freq=Y N.periodos=9
2026-09-12 17:10:16   4727/ 5507  30856           1.1 s  Freq=Y N.periodos=4
2026-09-12 17:10:18   4728/ 5507  30865           1.7 s  Freq=Y N.periodos=9
2026-09-12 17:10:20   4729/ 5507  30874           1.8 s  Freq=Y N.periodos=9
2026-09-12 17:10:21   4730/ 5507  30883           1.4 s  Freq=Y N.periodos=9
2026-09-12 17:10:23   4731/ 5507  30892           1.3 s  Freq=Y N.periodos=9
2026-09-12 17:10:27   4732/ 5507  30901           4.4 s  Freq=Y N.periodos=9
2026-09-12 17:10:29   4733/ 5507  30922           2.0 s  Freq=Y N.periodos=9
2026-09-12 17:10:31   4734/ 5507  30931           2.0 s  Freq=Y N.periodos=9
2026-09-12 17:10:32   4735/ 5507  30940           1.3 s  Freq=Y N.periodos=9
2026-09-12 17:10:34   4736/ 5507  30949           1.7 s  Freq=Y N.periodos=9
2026-09-12 17:10:35   4737/ 5507  30958           1.1 s  Freq=Y N.periodos=9
2026-09-12 17:10:37   4738/ 5507  30967           1.6 s  Freq=Y N.periodos=9
2026-09-12 17:10:38   4739/ 5507  30976           1.4 s  Freq=Y N.periodos=9
2026-09-12 17:10:40   4740/ 5507  30985           1.9 s  Freq=Y N.periodos=9
2026-09-12 17:10:42   4741/ 5507  30994           1.8 s  Freq=Y N.periodos=9
2026-09-12 17:10:43   4742/ 5507  31003           1.3 s  Freq=Y N.periodos=9
2026-09-12 17:10:45   4743/ 5507  31021           1.7 s  Freq=Y N.periodos=9
2026-09-12 17:10:46   4744/ 5507  31030           1.6 s  Freq=Y N.periodos=9
2026-09-12 17:10:48   4745/ 5507  31039           1.5 s  Freq=Y N.periodos=9
2026-09-12 17:10:50   4746/ 5507  31048           2.1 s  Freq=Y N.periodos=9
2026-09-12 17:10:52   4747/ 5507  31057           1.8 s  Freq=Y N.periodos=9
2026-09-12 17:10:53   4748/ 5507  31066           1.1 s  Freq=Y N.periodos=9
2026-09-12 17:10:54   4749/ 5507  31075           1.3 s  Freq=Y N.periodos=9
2026-09-12 17:10:55   4750/ 5507  31084           1.4 s  Freq=Y N.periodos=9
2026-09-12 17:10:56   4751/ 5507  31093           1.1 s  Freq=Y N.periodos=9
2026-09-12 17:11:00   4752/ 5507  31102           3.6 s  Freq=Y N.periodos=9
2026-09-12 17:11:02   4753/ 5507  31111           1.8 s  Freq=Y N.periodos=9
2026-09-12 17:11:04   4754/ 5507  31120           2.1 s  Freq=Y N.periodos=9
2026-09-12 17:11:05   4755/ 5507  31129           1.2 s  Freq=Y N.periodos=3
2026-09-12 17:11:06   4756/ 5507  31138           0.9 s  Freq=Y N.periodos=9
2026-09-12 17:11:08   4757/ 5507  31147           1.6 s  Freq=Y N.periodos=9
2026-09-12 17:11:09   4758/ 5507  31156           1.2 s  Freq=Y N.periodos=9
2026-09-12 17:11:11   4759/ 5507  31165           2.1 s  Freq=Y N.periodos=9
2026-09-12 17:11:12   4760/ 5507  31174           1.4 s  Freq=Y N.periodos=9
2026-09-12 17:11:14   4761/ 5507  31183           1.7 s  Freq=Y N.periodos=9
2026-09-12 17:11:16   4762/ 5507  31192           1.5 s  Freq=Y N.periodos=9
2026-09-12 17:11:17   4763/ 5507  31201           1.2 s  Freq=Y N.periodos=9
2026-09-12 17:11:19   4764/ 5507  31210           1.9 s  Freq=Y N.periodos=9
2026-09-12 17:11:20   4765/ 5507  31219           1.1 s  Freq=Y N.periodos=9
2026-09-12 17:11:21   4766/ 5507  31228           1.5 s  Freq=Y N.periodos=9
2026-09-12 17:11:23   4767/ 5507  31237           1.4 s  Freq=Y N.periodos=9
2026-09-12 17:11:24   4768/ 5507  31246           1.6 s  Freq=Y N.periodos=9
2026-09-12 17:11:27   4769/ 5507  31255           2.7 s  Freq=Y N.periodos=9
2026-09-12 17:11:28   4770/ 5507  31264           1.4 s  Freq=Y N.periodos=9
2026-09-12 17:11:30   4771/ 5507  31273           1.7 s  Freq=Y N.periodos=9
2026-09-12 17:11:32   4772/ 5507  31282           2.1 s  Freq=Y N.periodos=9
2026-09-12 17:11:33   4773/ 5507  31291           0.8 s  Freq=Y N.periodos=9
2026-09-12 17:11:33   4774/ 5507  31300           0.6 s  Freq=Y N.periodos=9
2026-09-12 17:11:35   4775/ 5507  37742           1.1 s  Freq=Y N.periodos=8
2026-09-12 17:11:35   4776/ 5507  53694           0.6 s  Freq=Y N.periodos=9
2026-09-12 17:11:37   4777/ 5507  30662           1.9 s  Freq=Y N.periodos=9
2026-09-12 17:15:16   4778/ 5507  30830         219.2 s   <-- LENTO  Freq=Y N.periodos=9
2026-09-12 17:15:20   4779/ 5507  30839           3.9 s  Freq=Y N.periodos=9
2026-09-12 17:15:22   4780/ 5507  30848           2.1 s  Freq=Y N.periodos=9
2026-09-12 17:15:24   4781/ 5507  30857           1.7 s  Freq=Y N.periodos=4
2026-09-12 17:15:28   4782/ 5507  30866           3.6 s  Freq=Y N.periodos=9
2026-09-12 17:15:29   4783/ 5507  30875           2.0 s  Freq=Y N.periodos=9
2026-09-12 17:15:32   4784/ 5507  30884           2.2 s  Freq=Y N.periodos=9
2026-09-12 17:15:34   4785/ 5507  30893           2.4 s  Freq=Y N.periodos=9
2026-09-12 17:15:42   4786/ 5507  30902           8.2 s  Freq=Y N.periodos=9
2026-09-12 17:15:46   4787/ 5507  30923           3.7 s  Freq=Y N.periodos=9
2026-09-12 17:15:49   4788/ 5507  30932           3.2 s  Freq=Y N.periodos=9
2026-09-12 17:15:52   4789/ 5507  30941           2.4 s  Freq=Y N.periodos=9
2026-09-12 17:15:54   4790/ 5507  30950           2.8 s  Freq=Y N.periodos=9
2026-09-12 17:15:56   4791/ 5507  30959           2.0 s  Freq=Y N.periodos=9
2026-09-12 17:15:59   4792/ 5507  30968           2.2 s  Freq=Y N.periodos=9
2026-09-12 17:16:01   4793/ 5507  30977           2.0 s  Freq=Y N.periodos=9
2026-09-12 17:16:03   4794/ 5507  30986           2.4 s  Freq=Y N.periodos=9
2026-09-12 17:16:06   4795/ 5507  30995           2.8 s  Freq=Y N.periodos=9
2026-09-12 17:16:08   4796/ 5507  31004           1.9 s  Freq=Y N.periodos=9
2026-09-12 17:16:10   4797/ 5507  31022           2.4 s  Freq=Y N.periodos=9
2026-09-12 17:16:12   4798/ 5507  31031           2.4 s  Freq=Y N.periodos=9
2026-09-12 17:16:15   4799/ 5507  31040           2.9 s  Freq=Y N.periodos=9
2026-09-12 17:16:18   4800/ 5507  31049           2.7 s  Freq=Y N.periodos=9
2026-09-12 17:16:21   4801/ 5507  31058           2.2 s  Freq=Y N.periodos=9
2026-09-12 17:16:23   4802/ 5507  31067           2.2 s  Freq=Y N.periodos=9
2026-09-12 17:16:25   4803/ 5507  31076           2.3 s  Freq=Y N.periodos=9
2026-09-12 17:16:27   4804/ 5507  31085           2.2 s  Freq=Y N.periodos=9
2026-09-12 17:16:29   4805/ 5507  31094           1.8 s  Freq=Y N.periodos=9
2026-09-12 17:16:37   4806/ 5507  31103           8.1 s  Freq=Y N.periodos=9
2026-09-12 17:16:40   4807/ 5507  31112           3.3 s  Freq=Y N.periodos=9
2026-09-12 17:16:43   4808/ 5507  31121           2.9 s  Freq=Y N.periodos=9
2026-09-12 17:16:47   4809/ 5507  31130           3.3 s  Freq=Y N.periodos=3
2026-09-12 17:16:49   4810/ 5507  31139           1.9 s  Freq=Y N.periodos=9
2026-09-12 17:16:50   4811/ 5507  31148           1.7 s  Freq=Y N.periodos=9
2026-09-12 17:16:53   4812/ 5507  31157           2.4 s  Freq=Y N.periodos=9
2026-09-12 17:16:55   4813/ 5507  31166           2.7 s  Freq=Y N.periodos=9
2026-09-12 17:16:58   4814/ 5507  31175           2.8 s  Freq=Y N.periodos=9
2026-09-12 17:17:01   4815/ 5507  31184           3.0 s  Freq=Y N.periodos=9
2026-09-12 17:17:04   4816/ 5507  31193           2.9 s  Freq=Y N.periodos=9
2026-09-12 17:17:06   4817/ 5507  31202           2.1 s  Freq=Y N.periodos=9
2026-09-12 17:17:13   4818/ 5507  31211           6.8 s  Freq=Y N.periodos=9
2026-09-12 17:17:16   4819/ 5507  31220           2.6 s  Freq=Y N.periodos=9
2026-09-12 17:17:20   4820/ 5507  31229           4.6 s  Freq=Y N.periodos=9
2026-09-12 17:17:25   4821/ 5507  31238           4.2 s  Freq=Y N.periodos=9
2026-09-12 17:17:30   4822/ 5507  31247           5.2 s  Freq=Y N.periodos=9
2026-09-12 17:17:41   4823/ 5507  31256          11.0 s  Freq=Y N.periodos=9
2026-09-12 17:17:44   4824/ 5507  31265           3.6 s  Freq=Y N.periodos=9
2026-09-12 17:17:48   4825/ 5507  31274           3.8 s  Freq=Y N.periodos=9
2026-09-12 17:17:52   4826/ 5507  31283           3.8 s  Freq=Y N.periodos=9
2026-09-12 17:17:53   4827/ 5507  31292           1.0 s  Freq=Y N.periodos=9
2026-09-12 17:17:54   4828/ 5507  31301           1.2 s  Freq=Y N.periodos=9
2026-09-12 17:17:56   4829/ 5507  37729           2.3 s  Freq=Y N.periodos=8
2026-09-12 17:17:57   4830/ 5507  53695           0.7 s  Freq=Y N.periodos=9
2026-09-12 17:17:59   4831/ 5507  30663           1.5 s  Freq=Y N.periodos=9
2026-09-12 17:19:05   4832/ 5507  30831          66.1 s   <-- LENTO  Freq=Y N.periodos=9
2026-09-12 17:19:08   4833/ 5507  30840           3.2 s  Freq=Y N.periodos=9
2026-09-12 17:19:10   4834/ 5507  30849           1.8 s  Freq=Y N.periodos=9
2026-09-12 17:19:11   4835/ 5507  30858           1.0 s  Freq=Y N.periodos=4
2026-09-12 17:19:13   4836/ 5507  30867           1.9 s  Freq=Y N.periodos=9
2026-09-12 17:19:14   4837/ 5507  30876           1.6 s  Freq=Y N.periodos=9
2026-09-12 17:19:16   4838/ 5507  30885           1.9 s  Freq=Y N.periodos=9
2026-09-12 17:19:18   4839/ 5507  30894           2.0 s  Freq=Y N.periodos=9
2026-09-12 17:19:24   4840/ 5507  30903           5.5 s  Freq=Y N.periodos=9
2026-09-12 17:19:26   4841/ 5507  30924           2.4 s  Freq=Y N.periodos=6
2026-09-12 17:19:28   4842/ 5507  30933           2.3 s  Freq=Y N.periodos=9
2026-09-12 17:19:30   4843/ 5507  30942           1.9 s  Freq=Y N.periodos=9
2026-09-12 17:19:32   4844/ 5507  30951           1.8 s  Freq=Y N.periodos=9
2026-09-12 17:19:35   4845/ 5507  30960           2.4 s  Freq=Y N.periodos=9
2026-09-12 17:19:36   4846/ 5507  30969           1.6 s  Freq=Y N.periodos=9
2026-09-12 17:19:38   4847/ 5507  30978           2.3 s  Freq=Y N.periodos=9
2026-09-12 17:19:40   4848/ 5507  30987           1.8 s  Freq=Y N.periodos=9
2026-09-12 17:19:43   4849/ 5507  30996           2.5 s  Freq=Y N.periodos=9
2026-09-12 17:19:44   4850/ 5507  31005           1.5 s  Freq=Y N.periodos=9
2026-09-12 17:19:46   4851/ 5507  31023           1.6 s  Freq=Y N.periodos=9
2026-09-12 17:19:48   4852/ 5507  31032           1.8 s  Freq=Y N.periodos=9
2026-09-12 17:19:50   4853/ 5507  31041           2.3 s  Freq=Y N.periodos=9
2026-09-12 17:19:51   4854/ 5507  31050           1.4 s  Freq=Y N.periodos=9
2026-09-12 17:19:53   4855/ 5507  31059           1.6 s  Freq=Y N.periodos=9
2026-09-12 17:19:55   4856/ 5507  31068           2.1 s  Freq=Y N.periodos=9
2026-09-12 17:19:57   4857/ 5507  31077           1.7 s  Freq=Y N.periodos=9
2026-09-12 17:19:59   4858/ 5507  31086           2.3 s  Freq=Y N.periodos=9
2026-09-12 17:20:00   4859/ 5507  31095           1.4 s  Freq=Y N.periodos=9
2026-09-12 17:20:09   4860/ 5507  31104           8.9 s  Freq=Y N.periodos=9
2026-09-12 17:20:12   4861/ 5507  31113           3.1 s  Freq=Y N.periodos=9
2026-09-12 17:20:15   4862/ 5507  31122           2.2 s  Freq=Y N.periodos=9
2026-09-12 17:20:17   4863/ 5507  31131           2.2 s  Freq=Y N.periodos=3
2026-09-12 17:20:18   4864/ 5507  31140           1.5 s  Freq=Y N.periodos=9
2026-09-12 17:20:20   4865/ 5507  31149           1.5 s  Freq=Y N.periodos=9
2026-09-12 17:20:22   4866/ 5507  31158           1.8 s  Freq=Y N.periodos=9
2026-09-12 17:20:23   4867/ 5507  31167           1.8 s  Freq=Y N.periodos=9
2026-09-12 17:20:25   4868/ 5507  31176           2.0 s  Freq=Y N.periodos=9
2026-09-12 17:20:27   4869/ 5507  31185           2.0 s  Freq=Y N.periodos=9
2026-09-12 17:20:29   4870/ 5507  31194           1.7 s  Freq=Y N.periodos=9
2026-09-12 17:20:31   4871/ 5507  31203           1.5 s  Freq=Y N.periodos=9
2026-09-12 17:20:34   4872/ 5507  31212           3.3 s  Freq=Y N.periodos=9
2026-09-12 17:20:35   4873/ 5507  31221           1.4 s  Freq=Y N.periodos=9
2026-09-12 17:20:37   4874/ 5507  31230           1.9 s  Freq=Y N.periodos=9
2026-09-12 17:20:39   4875/ 5507  31239           2.0 s  Freq=Y N.periodos=9
2026-09-12 17:20:41   4876/ 5507  31248           1.8 s  Freq=Y N.periodos=9
2026-09-12 17:20:44   4877/ 5507  31257           3.3 s  Freq=Y N.periodos=9
2026-09-12 17:20:47   4878/ 5507  31266           2.4 s  Freq=Y N.periodos=9
2026-09-12 17:20:48   4879/ 5507  31275           1.8 s  Freq=Y N.periodos=9
2026-09-12 17:20:51   4880/ 5507  31284           2.3 s  Freq=Y N.periodos=9
2026-09-12 17:20:52   4881/ 5507  31293           1.2 s  Freq=Y N.periodos=9
2026-09-12 17:20:53   4882/ 5507  31302           0.7 s  Freq=Y N.periodos=9
2026-09-12 17:20:54   4883/ 5507  48550           1.5 s  Freq=Y N.periodos=6
2026-09-12 17:20:55   4884/ 5507  53696           0.8 s  Freq=Y N.periodos=9
2026-09-12 17:20:55   4885/ 5507  37607           0.6 s  Freq=Y N.periodos=9
2026-09-12 17:20:56   4886/ 5507  37608           1.0 s  Freq=Y N.periodos=9
2026-09-12 17:21:03   4887/ 5507  37677           6.4 s  Freq=Y N.periodos=9
2026-09-12 17:21:04   4888/ 5507  37678           1.3 s  Freq=Y N.periodos=9
2026-09-12 17:21:05   4889/ 5507  37679           1.1 s  Freq=Y N.periodos=9
2026-09-12 17:21:06   4890/ 5507  37680           0.7 s  Freq=Y N.periodos=9
2026-09-12 17:21:07   4891/ 5507  37682           1.0 s  Freq=Y N.periodos=9
2026-09-12 17:21:07   4892/ 5507  37683           0.6 s  Freq=Y N.periodos=9
2026-09-12 17:21:09   4893/ 5507  37684           1.3 s  Freq=Y N.periodos=9
2026-09-12 17:21:10   4894/ 5507  37685           1.3 s  Freq=Y N.periodos=9
2026-09-12 17:21:11   4895/ 5507  37686           1.4 s  Freq=Y N.periodos=9
2026-09-12 17:21:13   4896/ 5507  37687           1.4 s  Freq=Y N.periodos=9
2026-09-12 17:21:14   4897/ 5507  37688           0.7 s  Freq=Y N.periodos=9
2026-09-12 17:21:14   4898/ 5507  37689           0.9 s  Freq=Y N.periodos=9
2026-09-12 17:21:15   4899/ 5507  37690           0.9 s  Freq=Y N.periodos=9
2026-09-12 17:21:16   4900/ 5507  37691           0.7 s  Freq=Y N.periodos=9
2026-09-12 17:21:17   4901/ 5507  37692           0.9 s  Freq=Y N.periodos=9
2026-09-12 17:21:18   4902/ 5507  37693           1.2 s  Freq=Y N.periodos=9
2026-09-12 17:21:20   4903/ 5507  37694           1.5 s  Freq=Y N.periodos=9
2026-09-12 17:21:21   4904/ 5507  37695           1.2 s  Freq=Y N.periodos=9
2026-09-12 17:21:22   4905/ 5507  37697           0.9 s  Freq=Y N.periodos=9
2026-09-12 17:21:23   4906/ 5507  37698           0.7 s  Freq=Y N.periodos=9
2026-09-12 17:21:24   4907/ 5507  37699           1.5 s  Freq=Y N.periodos=9
2026-09-12 17:21:25   4908/ 5507  37700           0.6 s  Freq=Y N.periodos=9
2026-09-12 17:21:26   4909/ 5507  37701           0.8 s  Freq=Y N.periodos=9
2026-09-12 17:21:27   4910/ 5507  37702           1.1 s  Freq=Y N.periodos=9
2026-09-12 17:21:28   4911/ 5507  37703           0.9 s  Freq=Y N.periodos=9
2026-09-12 17:21:29   4912/ 5507  37704           1.2 s  Freq=Y N.periodos=9
2026-09-12 17:21:29   4913/ 5507  37705           0.6 s  Freq=Y N.periodos=9
2026-09-12 17:21:30   4914/ 5507  37706           0.8 s  Freq=Y N.periodos=9
2026-09-12 17:21:31   4915/ 5507  37707           1.1 s  Freq=Y N.periodos=9
2026-09-12 17:21:32   4916/ 5507  37708           0.7 s  Freq=Y N.periodos=9
2026-09-12 17:21:33   4917/ 5507  37709           0.7 s  Freq=Y N.periodos=9
2026-09-12 17:21:34   4918/ 5507  37710           1.5 s  Freq=Y N.periodos=9
2026-09-12 17:21:35   4919/ 5507  37711           0.8 s  Freq=Y N.periodos=9
2026-09-12 17:21:36   4920/ 5507  37712           0.6 s  Freq=Y N.periodos=9
2026-09-12 17:21:36   4921/ 5507  37713           0.9 s  Freq=Y N.periodos=9
2026-09-12 17:21:37   4922/ 5507  37714           0.8 s  Freq=Y N.periodos=9
2026-09-12 17:21:38   4923/ 5507  37715           0.6 s  Freq=Y N.periodos=9
2026-09-12 17:21:39   4924/ 5507  37716           1.2 s  Freq=Y N.periodos=9
2026-09-12 17:21:40   4925/ 5507  37717           0.7 s  Freq=Y N.periodos=9
2026-09-12 17:21:41   4926/ 5507  37718           0.7 s  Freq=Y N.periodos=9
2026-09-12 17:21:42   4927/ 5507  37719           1.6 s  Freq=Y N.periodos=9
2026-09-12 17:21:43   4928/ 5507  37720           0.8 s  Freq=Y N.periodos=9
2026-09-12 17:21:44   4929/ 5507  37721           1.4 s  Freq=Y N.periodos=9
2026-09-12 17:21:46   4930/ 5507  37722           1.6 s  Freq=Y N.periodos=9
2026-09-12 17:21:47   4931/ 5507  37723           1.0 s  Freq=Y N.periodos=9
2026-09-12 17:21:48   4932/ 5507  37724           0.8 s  Freq=Y N.periodos=9
2026-09-12 17:21:49   4933/ 5507  37727           1.4 s  Freq=Y N.periodos=9
2026-09-12 17:21:50   4934/ 5507  37730           0.9 s  Freq=Y N.periodos=8
2026-09-12 17:21:51   4935/ 5507  37731           1.1 s  Freq=Y N.periodos=3
2026-09-12 17:21:52   4936/ 5507  37732           0.7 s  Freq=Y N.periodos=4
2026-09-12 17:21:53   4937/ 5507  37733           0.8 s  Freq=Y N.periodos=9
2026-09-12 17:21:53   4938/ 5507  53688           0.7 s  Freq=Y N.periodos=9
2026-09-12 17:21:54   4939/ 5507  30814           1.1 s  Freq=Y N.periodos=9
2026-09-12 17:22:10   4940/ 5507  30832          15.3 s  Freq=Y N.periodos=9
2026-09-12 17:22:12   4941/ 5507  30841           1.8 s  Freq=Y N.periodos=9
2026-09-12 17:22:13   4942/ 5507  30850           1.1 s  Freq=Y N.periodos=9
2026-09-12 17:22:13   4943/ 5507  30859           0.7 s  Freq=Y N.periodos=9
2026-09-12 17:22:15   4944/ 5507  30868           1.6 s  Freq=Y N.periodos=9
2026-09-12 17:22:16   4945/ 5507  30877           1.3 s  Freq=Y N.periodos=9
2026-09-12 17:22:18   4946/ 5507  30886           1.8 s  Freq=Y N.periodos=9
2026-09-12 17:22:19   4947/ 5507  30895           1.0 s  Freq=Y N.periodos=9
2026-09-12 17:22:21   4948/ 5507  30904           2.0 s  Freq=Y N.periodos=9
2026-09-12 17:22:23   4949/ 5507  30925           2.0 s  Freq=Y N.periodos=9
2026-09-12 17:22:24   4950/ 5507  30934           1.3 s  Freq=Y N.periodos=9
2026-09-12 17:22:25   4951/ 5507  30943           1.0 s  Freq=Y N.periodos=9
2026-09-12 17:22:27   4952/ 5507  30952           1.4 s  Freq=Y N.periodos=9
2026-09-12 17:22:28   4953/ 5507  30961           1.2 s  Freq=Y N.periodos=9
2026-09-12 17:22:30   4954/ 5507  30970           1.5 s  Freq=Y N.periodos=9
2026-09-12 17:22:31   4955/ 5507  30979           1.1 s  Freq=Y N.periodos=9
2026-09-12 17:22:32   4956/ 5507  30988           1.1 s  Freq=Y N.periodos=9
2026-09-12 17:22:33   4957/ 5507  30997           1.0 s  Freq=Y N.periodos=9
2026-09-12 17:22:35   4958/ 5507  31006           1.8 s  Freq=Y N.periodos=9
2026-09-12 17:22:36   4959/ 5507  31015           0.9 s  Freq=Y N.periodos=9
2026-09-12 17:22:36   4960/ 5507  31024           0.9 s  Freq=Y N.periodos=9
2026-09-12 17:22:38   4961/ 5507  31033           1.3 s  Freq=Y N.periodos=9
2026-09-12 17:22:40   4962/ 5507  31042           2.3 s  Freq=Y N.periodos=9
2026-09-12 17:22:41   4963/ 5507  31051           1.3 s  Freq=Y N.periodos=9
2026-09-12 17:22:42   4964/ 5507  31060           1.0 s  Freq=Y N.periodos=9
2026-09-12 17:22:44   4965/ 5507  31069           1.6 s  Freq=Y N.periodos=9
2026-09-12 17:22:45   4966/ 5507  31078           1.2 s  Freq=Y N.periodos=9
2026-09-12 17:22:47   4967/ 5507  31087           1.3 s  Freq=Y N.periodos=9
2026-09-12 17:22:48   4968/ 5507  31096           1.0 s  Freq=Y N.periodos=9
2026-09-12 17:22:50   4969/ 5507  31105           2.1 s  Freq=Y N.periodos=9
2026-09-12 17:22:51   4970/ 5507  31114           1.3 s  Freq=Y N.periodos=9
2026-09-12 17:22:52   4971/ 5507  31123           1.4 s  Freq=Y N.periodos=9
2026-09-12 17:22:54   4972/ 5507  31132           1.7 s  Freq=Y N.periodos=9
2026-09-12 17:22:55   4973/ 5507  31141           1.1 s  Freq=Y N.periodos=9
2026-09-12 17:22:56   4974/ 5507  31150           1.1 s  Freq=Y N.periodos=9
2026-09-12 17:22:58   4975/ 5507  31159           1.2 s  Freq=Y N.periodos=9
2026-09-12 17:22:59   4976/ 5507  31168           1.2 s  Freq=Y N.periodos=9
2026-09-12 17:23:00   4977/ 5507  31177           1.0 s  Freq=Y N.periodos=9
2026-09-12 17:23:01   4978/ 5507  31186           1.1 s  Freq=Y N.periodos=9
2026-09-12 17:23:02   4979/ 5507  31195           1.3 s  Freq=Y N.periodos=9
2026-09-12 17:23:04   4980/ 5507  31204           2.3 s  Freq=Y N.periodos=9
2026-09-12 17:23:06   4981/ 5507  31213           1.4 s  Freq=Y N.periodos=9
2026-09-12 17:23:07   4982/ 5507  31222           1.4 s  Freq=Y N.periodos=9
2026-09-12 17:23:08   4983/ 5507  31231           1.1 s  Freq=Y N.periodos=9
2026-09-12 17:23:10   4984/ 5507  31240           1.5 s  Freq=Y N.periodos=9
2026-09-12 17:23:11   4985/ 5507  31249           1.5 s  Freq=Y N.periodos=9
2026-09-12 17:23:13   4986/ 5507  31258           1.5 s  Freq=Y N.periodos=9
2026-09-12 17:23:14   4987/ 5507  31267           1.7 s  Freq=Y N.periodos=9
2026-09-12 17:23:15   4988/ 5507  31276           1.2 s  Freq=Y N.periodos=9
2026-09-12 17:23:17   4989/ 5507  31285           1.7 s  Freq=Y N.periodos=9
2026-09-12 17:23:19   4990/ 5507  31294           1.8 s  Freq=Y N.periodos=9
2026-09-12 17:23:20   4991/ 5507  31303           0.9 s  Freq=Y N.periodos=9
2026-09-12 17:23:21   4992/ 5507  53776           0.8 s  Freq=Y N.periodos=9
2026-09-12 17:23:24   4993/ 5507  37813           3.6 s  Freq=D N.periodos=146
2026-09-12 17:23:27   4994/ 5507  36193           2.4 s  Freq=D N.periodos=91
2026-09-12 17:23:32   4995/ 5507  48191           5.2 s  Freq=D N.periodos=249
2026-09-12 17:23:34   4996/ 5507  34961           2.1 s  Freq=D N.periodos=91
2026-09-12 17:23:37   4997/ 5507  37809           3.2 s  Freq=D N.periodos=146
2026-09-12 17:23:41   4998/ 5507  48251           4.0 s  Freq=D N.periodos=249
2026-09-12 17:23:42   4999/ 5507  35167           1.1 s  Freq=D N.periodos=91
2026-09-12 17:23:43   5000/ 5507  37811           0.7 s  Freq=D N.periodos=146
2026-09-12 17:23:44   5001/ 5507  48252           1.1 s  Freq=D N.periodos=249
2026-09-12 17:23:45   5002/ 5507  36192           1.2 s  Freq=? N.periodos=0
2026-09-12 17:23:54   5003/ 5507  37810           8.4 s  no se pudo leer el .px
2026-09-12 17:23:55   5004/ 5507  48253           1.5 s  Freq=D N.periodos=2
2026-09-12 17:23:56   5005/ 5507  36191           0.6 s  Freq=? N.periodos=0
2026-09-12 17:24:03   5006/ 5507  37812           7.0 s  no se pudo leer el .px
2026-09-12 17:24:04   5007/ 5507  48254           1.0 s  Freq=D N.periodos=2
2026-09-12 17:24:05   5008/ 5507  35168           1.0 s  Freq=W N.periodos=552
2026-09-12 17:24:07   5009/ 5507  35177           1.6 s  Freq=W N.periodos=2692
2026-09-12 17:24:11   5010/ 5507  35169           4.2 s  Freq=W N.periodos=343
2026-09-12 17:24:13   5011/ 5507  35176           2.5 s  Freq=W N.periodos=2692
2026-09-12 17:24:14   5012/ 5507  62277           0.9 s  Freq=M N.periodos=210
2026-09-12 17:24:15   5013/ 5507  35178           1.3 s  Freq=W N.periodos=2692
2026-09-12 17:24:16   5014/ 5507  46318           1.0 s  Freq=W N.periodos=343
2026-09-12 17:24:17   5015/ 5507  62278           1.1 s  Freq=M N.periodos=210
2026-09-12 17:24:56   5016/ 5507  35179          38.5 s   <-- LENTO  Freq=W N.periodos=2692
2026-09-12 17:24:57   5017/ 5507  62279           1.2 s  Freq=M N.periodos=210
2026-09-12 17:26:31   5018/ 5507  36166          93.7 s   <-- LENTO  Freq=W N.periodos=2692
2026-09-12 17:26:35   5019/ 5507  62280           4.5 s  Freq=M N.periodos=210
2026-09-12 17:26:44   5020/ 5507  62281           8.4 s  Freq=M N.periodos=210
2026-09-12 17:26:45   5021/ 5507  36826           0.9 s  Freq=? N.periodos=0
2026-09-12 17:26:45   5022/ 5507  36837           0.5 s  Freq=? N.periodos=0
2026-09-12 17:26:46   5023/ 5507  36839           0.7 s  Freq=? N.periodos=0
2026-09-12 17:26:47   5024/ 5507  36841           0.9 s  Freq=? N.periodos=0
2026-09-12 17:26:47   5025/ 5507  36843           0.5 s  Freq=? N.periodos=0
2026-09-12 17:26:48   5026/ 5507  36845           0.5 s  Freq=? N.periodos=0
2026-09-12 17:26:48   5027/ 5507  36855           0.6 s  Freq=? N.periodos=0
2026-09-12 17:26:49   5028/ 5507  36885           0.6 s  Freq=? N.periodos=0
2026-09-12 17:26:50   5029/ 5507  36890           0.6 s  Freq=? N.periodos=0
2026-09-12 17:26:50   5030/ 5507  36897           0.7 s  Freq=? N.periodos=0
2026-09-12 17:26:51   5031/ 5507  70668           0.6 s  Freq=? N.periodos=0
2026-09-12 17:26:51   5032/ 5507  70679           0.5 s  Freq=? N.periodos=0
2026-09-12 17:26:52   5033/ 5507  70681           1.1 s  Freq=? N.periodos=0
2026-09-12 17:26:53   5034/ 5507  70683           0.5 s  Freq=? N.periodos=0
2026-09-12 17:26:53   5035/ 5507  70685           0.5 s  Freq=? N.periodos=0
2026-09-12 17:26:54   5036/ 5507  70687           0.7 s  Freq=? N.periodos=0
2026-09-12 17:26:55   5037/ 5507  70697           0.6 s  Freq=? N.periodos=0
2026-09-12 17:26:55   5038/ 5507  70726           0.5 s  Freq=? N.periodos=0
2026-09-12 17:26:57   5039/ 5507  70731           1.2 s  Freq=? N.periodos=0
2026-09-12 17:26:58   5040/ 5507  70738           1.3 s  Freq=? N.periodos=0
2026-09-12 17:26:59   5041/ 5507  36827           0.6 s  Freq=? N.periodos=0
2026-09-12 17:27:00   5042/ 5507  36838           0.9 s  Freq=? N.periodos=0
2026-09-12 17:27:00   5043/ 5507  36840           1.0 s  Freq=? N.periodos=0
2026-09-12 17:27:01   5044/ 5507  36842           0.9 s  Freq=? N.periodos=0
2026-09-12 17:27:02   5045/ 5507  36844           0.5 s  Freq=? N.periodos=0
2026-09-12 17:27:03   5046/ 5507  36846           1.0 s  Freq=? N.periodos=0
2026-09-12 17:27:04   5047/ 5507  36856           1.2 s  Freq=? N.periodos=0
2026-09-12 17:27:05   5048/ 5507  36886           1.2 s  Freq=? N.periodos=0
2026-09-12 17:27:06   5049/ 5507  36891           0.8 s  Freq=? N.periodos=0
2026-09-12 17:27:07   5050/ 5507  36898           0.6 s  Freq=? N.periodos=0
2026-09-12 17:27:07   5051/ 5507  70669           0.5 s  Freq=? N.periodos=0
2026-09-12 17:27:08   5052/ 5507  70680           0.6 s  Freq=? N.periodos=0
2026-09-12 17:27:08   5053/ 5507  70682           0.5 s  Freq=? N.periodos=0
2026-09-12 17:27:09   5054/ 5507  70684           0.5 s  Freq=? N.periodos=0
2026-09-12 17:27:10   5055/ 5507  70686           0.7 s  Freq=? N.periodos=0
2026-09-12 17:27:10   5056/ 5507  70688           0.6 s  Freq=? N.periodos=0
2026-09-12 17:27:11   5057/ 5507  70698           0.9 s  Freq=? N.periodos=0
2026-09-12 17:27:12   5058/ 5507  70727           0.8 s  Freq=? N.periodos=0
2026-09-12 17:27:13   5059/ 5507  70732           0.7 s  Freq=? N.periodos=0
2026-09-12 17:27:13   5060/ 5507  70739           0.7 s  Freq=? N.periodos=0
2026-09-12 17:27:21   5061/ 5507  36828           7.6 s  no se pudo leer el .px
2026-09-12 17:27:22   5062/ 5507  36847           0.8 s  Freq=? N.periodos=0
2026-09-12 17:27:22   5063/ 5507  36857           0.6 s  Freq=? N.periodos=0
2026-09-12 17:27:23   5064/ 5507  36887           0.7 s  Freq=? N.periodos=0
2026-09-12 17:27:24   5065/ 5507  36892           0.9 s  Freq=? N.periodos=0
2026-09-12 17:27:25   5066/ 5507  36899           1.0 s  Freq=? N.periodos=0
2026-09-12 17:27:32   5067/ 5507  70670           7.4 s  no se pudo leer el .px
2026-09-12 17:27:33   5068/ 5507  70689           0.8 s  Freq=? N.periodos=0
2026-09-12 17:27:34   5069/ 5507  70699           0.9 s  Freq=? N.periodos=0
2026-09-12 17:27:35   5070/ 5507  70728           1.0 s  Freq=? N.periodos=0
2026-09-12 17:27:36   5071/ 5507  70733           0.7 s  Freq=? N.periodos=0
2026-09-12 17:27:37   5072/ 5507  70740           1.0 s  Freq=? N.periodos=0
2026-09-12 17:27:37   5073/ 5507  36829           0.6 s  Freq=? N.periodos=0
2026-09-12 17:27:38   5074/ 5507  36848           0.7 s  Freq=? N.periodos=0
2026-09-12 17:27:39   5075/ 5507  36858           0.6 s  Freq=? N.periodos=0
2026-09-12 17:27:40   5076/ 5507  36888           1.0 s  Freq=? N.periodos=0
2026-09-12 17:27:41   5077/ 5507  36893           0.8 s  Freq=? N.periodos=0
2026-09-12 17:27:41   5078/ 5507  36900           0.6 s  Freq=? N.periodos=0
2026-09-12 17:27:42   5079/ 5507  70671           0.6 s  Freq=? N.periodos=0
2026-09-12 17:27:42   5080/ 5507  70690           0.6 s  Freq=? N.periodos=0
2026-09-12 17:27:43   5081/ 5507  70700           0.6 s  Freq=? N.periodos=0
2026-09-12 17:27:44   5082/ 5507  70729           0.7 s  Freq=? N.periodos=0
2026-09-12 17:27:44   5083/ 5507  70734           0.7 s  Freq=? N.periodos=0
2026-09-12 17:27:45   5084/ 5507  70741           0.8 s  Freq=? N.periodos=0
2026-09-12 17:27:46   5085/ 5507  36830           0.6 s  Freq=? N.periodos=0
2026-09-12 17:27:46   5086/ 5507  36849           0.5 s  Freq=? N.periodos=0
2026-09-12 17:27:47   5087/ 5507  36860           1.0 s  Freq=? N.periodos=0
2026-09-12 17:27:48   5088/ 5507  36889           1.0 s  Freq=? N.periodos=0
2026-09-12 17:27:49   5089/ 5507  36894           1.0 s  Freq=? N.periodos=0
2026-09-12 17:27:50   5090/ 5507  36911           0.6 s  Freq=? N.periodos=0
2026-09-12 17:27:51   5091/ 5507  70672           0.7 s  Freq=? N.periodos=0
2026-09-12 17:27:51   5092/ 5507  70691           0.6 s  Freq=? N.periodos=0
2026-09-12 17:27:52   5093/ 5507  70701           0.9 s  Freq=? N.periodos=0
2026-09-12 17:27:53   5094/ 5507  70730           0.9 s  Freq=? N.periodos=0
2026-09-12 17:27:54   5095/ 5507  70735           0.8 s  Freq=? N.periodos=0
2026-09-12 17:27:55   5096/ 5507  70742           1.3 s  Freq=? N.periodos=0
2026-09-12 17:27:56   5097/ 5507  36831           0.8 s  Freq=? N.periodos=0
2026-09-12 17:27:57   5098/ 5507  36850           0.7 s  Freq=? N.periodos=0
2026-09-12 17:27:57   5099/ 5507  36861           0.5 s  Freq=? N.periodos=0
2026-09-12 17:27:58   5100/ 5507  36895           1.0 s  Freq=? N.periodos=0
2026-09-12 17:27:59   5101/ 5507  36962           0.7 s  Freq=? N.periodos=0
2026-09-12 17:28:00   5102/ 5507  70673           0.9 s  Freq=? N.periodos=0
2026-09-12 17:28:01   5103/ 5507  70692           0.7 s  Freq=? N.periodos=0
2026-09-12 17:28:02   5104/ 5507  70702           0.8 s  Freq=? N.periodos=0
2026-09-12 17:28:02   5105/ 5507  70736           0.5 s  Freq=? N.periodos=0
2026-09-12 17:28:04   5106/ 5507  70743           1.7 s  Freq=? N.periodos=0
2026-09-12 17:28:05   5107/ 5507  36832           0.8 s  Freq=? N.periodos=0
2026-09-12 17:28:05   5108/ 5507  36851           0.6 s  Freq=? N.periodos=0
2026-09-12 17:28:06   5109/ 5507  36862           1.1 s  Freq=? N.periodos=0
2026-09-12 17:28:07   5110/ 5507  36896           0.6 s  Freq=? N.periodos=0
2026-09-12 17:28:08   5111/ 5507  70674           0.7 s  Freq=? N.periodos=0
2026-09-12 17:28:08   5112/ 5507  70693           0.8 s  Freq=? N.periodos=0
2026-09-12 17:28:09   5113/ 5507  70703           1.1 s  Freq=? N.periodos=0
2026-09-12 17:28:10   5114/ 5507  70737           1.0 s  Freq=? N.periodos=0
2026-09-12 17:28:11   5115/ 5507  36833           0.5 s  Freq=? N.periodos=0
2026-09-12 17:28:12   5116/ 5507  36852           1.0 s  Freq=? N.periodos=0
2026-09-12 17:28:13   5117/ 5507  36863           0.9 s  Freq=? N.periodos=0
2026-09-12 17:28:13   5118/ 5507  70675           0.5 s  Freq=? N.periodos=0
2026-09-12 17:28:14   5119/ 5507  70694           0.8 s  Freq=? N.periodos=0
2026-09-12 17:28:15   5120/ 5507  70704           0.7 s  Freq=? N.periodos=0
2026-09-12 17:28:16   5121/ 5507  36834           1.4 s  Freq=? N.periodos=0
2026-09-12 17:28:17   5122/ 5507  36853           0.9 s  Freq=? N.periodos=0
2026-09-12 17:28:19   5123/ 5507  36864           1.2 s  Freq=? N.periodos=0
2026-09-12 17:28:20   5124/ 5507  70676           1.0 s  Freq=? N.periodos=0
2026-09-12 17:28:20   5125/ 5507  70695           0.5 s  Freq=? N.periodos=0
2026-09-12 17:28:21   5126/ 5507  70705           1.3 s  Freq=? N.periodos=0
2026-09-12 17:28:22   5127/ 5507  36835           1.2 s  Freq=? N.periodos=0
2026-09-12 17:28:23   5128/ 5507  36854           0.7 s  Freq=? N.periodos=0
2026-09-12 17:28:24   5129/ 5507  36865           0.8 s  Freq=? N.periodos=0
2026-09-12 17:28:25   5130/ 5507  70677           0.6 s  Freq=? N.periodos=0
2026-09-12 17:28:25   5131/ 5507  70696           0.5 s  Freq=? N.periodos=0
2026-09-12 17:28:26   5132/ 5507  70706           0.7 s  Freq=? N.periodos=0
2026-09-12 17:28:27   5133/ 5507  36836           1.2 s  Freq=? N.periodos=0
2026-09-12 17:28:28   5134/ 5507  36866           0.8 s  Freq=? N.periodos=0
2026-09-12 17:28:28   5135/ 5507  70678           0.5 s  Freq=? N.periodos=0
2026-09-12 17:28:30   5136/ 5507  70707           1.2 s  Freq=? N.periodos=0
2026-09-12 17:28:30   5137/ 5507  36867           0.7 s  Freq=? N.periodos=0
2026-09-12 17:28:31   5138/ 5507  70708           1.0 s  Freq=? N.periodos=0
2026-09-12 17:28:32   5139/ 5507  36868           0.6 s  Freq=? N.periodos=0
2026-09-12 17:28:33   5140/ 5507  70709           0.9 s  Freq=? N.periodos=0
2026-09-12 17:28:34   5141/ 5507  36869           0.9 s  Freq=? N.periodos=0
2026-09-12 17:28:34   5142/ 5507  70710           0.8 s  Freq=? N.periodos=0
2026-09-12 17:28:35   5143/ 5507  36870           0.6 s  Freq=? N.periodos=0
2026-09-12 17:28:36   5144/ 5507  70711           1.2 s  Freq=? N.periodos=0
2026-09-12 17:28:37   5145/ 5507  36871           0.7 s  Freq=? N.periodos=0
2026-09-12 17:28:38   5146/ 5507  70712           0.9 s  Freq=? N.periodos=0
2026-09-12 17:28:39   5147/ 5507  36872           1.1 s  Freq=? N.periodos=0
2026-09-12 17:28:40   5148/ 5507  70713           0.6 s  Freq=? N.periodos=0
2026-09-12 17:28:40   5149/ 5507  36873           0.5 s  Freq=? N.periodos=0
2026-09-12 17:28:41   5150/ 5507  70714           0.5 s  Freq=? N.periodos=0
2026-09-12 17:28:41   5151/ 5507  36874           0.6 s  Freq=? N.periodos=0
2026-09-12 17:28:42   5152/ 5507  70715           0.7 s  Freq=? N.periodos=0
2026-09-12 17:28:42   5153/ 5507  36875           0.5 s  Freq=? N.periodos=0
2026-09-12 17:28:44   5154/ 5507  70716           1.1 s  Freq=? N.periodos=0
2026-09-12 17:28:44   5155/ 5507  36876           0.8 s  Freq=? N.periodos=0
2026-09-12 17:28:45   5156/ 5507  70717           0.9 s  Freq=? N.periodos=0
2026-09-12 17:28:46   5157/ 5507  36877           0.6 s  Freq=? N.periodos=0
2026-09-12 17:28:46   5158/ 5507  70718           0.5 s  Freq=? N.periodos=0
2026-09-12 17:28:48   5159/ 5507  36878           1.2 s  Freq=? N.periodos=0
2026-09-12 17:28:48   5160/ 5507  70719           0.8 s  Freq=? N.periodos=0
2026-09-12 17:28:49   5161/ 5507  36879           0.5 s  Freq=? N.periodos=0
2026-09-12 17:28:50   5162/ 5507  70720           1.0 s  Freq=? N.periodos=0
2026-09-12 17:28:51   5163/ 5507  36880           0.9 s  Freq=? N.periodos=0
2026-09-12 17:28:51   5164/ 5507  70721           0.6 s  Freq=? N.periodos=0
2026-09-12 17:28:52   5165/ 5507  36881           0.5 s  Freq=? N.periodos=0
2026-09-12 17:28:52   5166/ 5507  70722           0.5 s  Freq=? N.periodos=0
2026-09-12 17:28:53   5167/ 5507  36882           0.9 s  Freq=? N.periodos=0
2026-09-12 17:28:54   5168/ 5507  70723           0.5 s  Freq=? N.periodos=0
2026-09-12 17:28:55   5169/ 5507  36883           1.0 s  Freq=? N.periodos=0
2026-09-12 17:28:56   5170/ 5507  70724           0.7 s  Freq=? N.periodos=0
2026-09-12 17:28:56   5171/ 5507  36884           0.5 s  Freq=? N.periodos=0
2026-09-12 17:28:57   5172/ 5507  70725           0.7 s  Freq=? N.periodos=0
2026-09-12 17:28:57   5173/ 5507  39364           0.6 s  Freq=M N.periodos=13
2026-09-12 17:28:58   5174/ 5507  46141           0.9 s  Freq=M N.periodos=13
2026-09-12 17:29:01   5175/ 5507  39363           3.0 s  Freq=M N.periodos=13
2026-09-12 17:29:02   5176/ 5507  39365           0.5 s  Freq=M N.periodos=13
2026-09-12 17:29:03   5177/ 5507  39366           1.5 s  Freq=M N.periodos=13
2026-09-12 17:29:05   5178/ 5507  37803           1.6 s  Freq=Q N.periodos=32
2026-09-12 17:29:06   5179/ 5507  37804           1.5 s  Freq=Q N.periodos=32
2026-09-12 17:29:07   5180/ 5507  37805           1.0 s  Freq=Y N.periodos=8
2026-09-12 17:29:08   5181/ 5507  37806           0.8 s  Freq=Y N.periodos=8
2026-09-12 17:29:09   5182/ 5507  37670           0.8 s  Freq=Q N.periodos=32
2026-09-12 17:29:10   5183/ 5507  37734           1.2 s  Freq=Y N.periodos=8
2026-09-12 17:29:11   5184/ 5507  37671           0.7 s  Freq=Q N.periodos=32
2026-09-12 17:29:12   5185/ 5507  37735           1.0 s  Freq=Y N.periodos=8
2026-09-12 17:29:13   5186/ 5507  37672           1.2 s  Freq=Q N.periodos=32
2026-09-12 17:29:14   5187/ 5507  37736           0.8 s  Freq=Y N.periodos=8
2026-09-12 17:29:15   5188/ 5507  37673           1.1 s  Freq=Q N.periodos=32
2026-09-12 17:29:16   5189/ 5507  37737           0.7 s  Freq=Y N.periodos=8
2026-09-12 17:29:17   5190/ 5507  39367           0.9 s  Freq=Q N.periodos=32
2026-09-12 17:29:17   5191/ 5507  39369           0.6 s  Freq=Y N.periodos=8
2026-09-12 17:29:19   5192/ 5507  46678           2.1 s  Freq=M N.periodos=162
2026-09-12 17:29:20   5193/ 5507  46682           0.8 s  Freq=M N.periodos=126
2026-09-12 17:29:24   5194/ 5507  46679           4.3 s  Freq=M N.periodos=162
2026-09-12 17:29:25   5195/ 5507  46683           0.7 s  Freq=M N.periodos=126
2026-09-12 17:29:28   5196/ 5507  46680           2.5 s  Freq=M N.periodos=162
2026-09-12 17:29:30   5197/ 5507  46684           2.3 s  Freq=M N.periodos=126
2026-09-12 17:29:34   5198/ 5507  46681           3.8 s  Freq=M N.periodos=162
2026-09-12 17:29:35   5199/ 5507  37808           0.9 s  Freq=D N.periodos=2784
2026-09-12 17:29:35   5200/ 5507  48423           0.8 s  Freq=M N.periodos=99
2026-09-12 17:29:37   5201/ 5507  48428           1.0 s  Freq=Y N.periodos=8
2026-09-12 17:29:37   5202/ 5507  48440           0.7 s  Freq=Y N.periodos=8
2026-09-12 17:29:39   5203/ 5507  48424           1.8 s  Freq=M N.periodos=99
2026-09-12 17:29:40   5204/ 5507  48429           0.7 s  Freq=Y N.periodos=8
2026-09-12 17:29:42   5205/ 5507  48441           2.1 s  Freq=M N.periodos=96
2026-09-12 17:29:42   5206/ 5507  48425           0.6 s  Freq=M N.periodos=99
2026-09-12 17:29:43   5207/ 5507  48430           0.9 s  Freq=Y N.periodos=8
2026-09-12 17:29:45   5208/ 5507  48426           1.2 s  Freq=M N.periodos=99
2026-09-12 17:29:45   5209/ 5507  48431           0.9 s  Freq=Y N.periodos=8
2026-09-12 17:29:46   5210/ 5507  48427           0.8 s  Freq=Y N.periodos=8
2026-09-12 17:29:47   5211/ 5507  48433           1.0 s  Freq=Y N.periodos=8
2026-09-12 17:29:48   5212/ 5507  48434           0.5 s  Freq=Y N.periodos=8
2026-09-12 17:29:49   5213/ 5507  48435           0.8 s  Freq=Y N.periodos=8
2026-09-12 17:29:49   5214/ 5507  48436           0.5 s  Freq=Y N.periodos=8
2026-09-12 17:29:50   5215/ 5507  59056           0.9 s  Freq=Y N.periodos=14
2026-09-12 17:29:51   5216/ 5507  59058           1.3 s  Freq=Y N.periodos=14
2026-09-12 17:29:52   5217/ 5507  59060           1.0 s  Freq=Y N.periodos=14
2026-09-12 17:29:53   5218/ 5507  59062           0.8 s  Freq=Y N.periodos=13
2026-09-12 17:29:54   5219/ 5507  59064           0.9 s  Freq=Y N.periodos=13
2026-09-12 17:29:55   5220/ 5507  59066           0.6 s  Freq=Y N.periodos=13
2026-09-12 17:29:55   5221/ 5507  59057           0.8 s  Freq=Y N.periodos=14
2026-09-12 17:29:56   5222/ 5507  59059           0.6 s  Freq=Y N.periodos=14
2026-09-12 17:29:57   5223/ 5507  59061           0.7 s  Freq=Y N.periodos=14
2026-09-12 17:29:57   5224/ 5507  59063           0.6 s  Freq=Y N.periodos=13
2026-09-12 17:29:58   5225/ 5507  59065           0.5 s  Freq=Y N.periodos=13
2026-09-12 17:29:58   5226/ 5507  59067           0.5 s  Freq=Y N.periodos=13
2026-09-12 17:29:59   5227/ 5507  50015           0.6 s  Freq=Y N.periodos=13
2026-09-12 17:29:59   5228/ 5507  59004           0.6 s  Freq=Y N.periodos=4
2026-09-12 17:30:00   5229/ 5507  59005           0.5 s  Freq=Y N.periodos=4
2026-09-12 17:30:01   5230/ 5507  59009           0.6 s  Freq=Y N.periodos=4
2026-09-12 17:30:01   5231/ 5507  59010           0.8 s  Freq=Y N.periodos=4
2026-09-12 17:30:02   5232/ 5507  50016           0.8 s  Freq=Y N.periodos=13
2026-09-12 17:30:03   5233/ 5507  50083           0.6 s  Freq=Y N.periodos=13
2026-09-12 17:30:03   5234/ 5507  59008           0.5 s  Freq=Y N.periodos=4
2026-09-12 17:30:04   5235/ 5507  51361           0.8 s  Freq=M N.periodos=78
2026-09-12 17:30:09   5236/ 5507  52046           4.8 s  Freq=M N.periodos=78
2026-09-12 17:30:14   5237/ 5507  52530           5.1 s  Freq=M N.periodos=78
2026-09-12 17:30:25   5238/ 5507  52047          11.0 s  Freq=M N.periodos=78
2026-09-12 17:30:32   5239/ 5507  52048           7.4 s  no se pudo leer el .px
2026-09-12 17:30:33   5240/ 5507  51361           0.8 s  Freq=M N.periodos=78
2026-09-12 17:30:37   5241/ 5507  52046           4.3 s  Freq=M N.periodos=78
2026-09-12 17:30:43   5242/ 5507  52530           5.3 s  Freq=M N.periodos=78
2026-09-12 17:30:53   5243/ 5507  52047          10.0 s  Freq=M N.periodos=78
2026-09-12 17:31:00   5244/ 5507  52048           7.1 s  no se pudo leer el .px
2026-09-12 17:31:01   5245/ 5507  51361           1.0 s  Freq=M N.periodos=78
2026-09-12 17:31:06   5246/ 5507  52046           4.9 s  Freq=M N.periodos=78
2026-09-12 17:31:11   5247/ 5507  52530           5.1 s  Freq=M N.periodos=78
2026-09-12 17:31:22   5248/ 5507  52047          11.0 s  Freq=M N.periodos=78
2026-09-12 17:31:29   5249/ 5507  52048           6.8 s  no se pudo leer el .px
2026-09-12 17:31:31   5250/ 5507  56934           2.1 s  Freq=S N.periodos=117
2026-09-12 17:31:40   5251/ 5507  56940           8.8 s  Freq=S N.periodos=117
2026-09-12 17:32:00   5252/ 5507  56945          20.6 s  Freq=S N.periodos=117
2026-09-12 17:32:01   5253/ 5507  59011           0.6 s  Freq=Q N.periodos=14
2026-09-12 17:32:01   5254/ 5507  59013           0.6 s  Freq=Q N.periodos=14
2026-09-12 17:32:02   5255/ 5507  59020           0.8 s  Freq=Q N.periodos=14
2026-09-12 17:32:04   5256/ 5507  59166           1.9 s  Freq=Q N.periodos=14
2026-09-12 17:32:05   5257/ 5507  59238           0.9 s  Freq=Q N.periodos=6
2026-09-12 17:32:05   5258/ 5507  59583           0.6 s  Freq=Q N.periodos=6
2026-09-12 17:32:07   5259/ 5507  59589           1.5 s  Freq=Q N.periodos=6
2026-09-12 17:32:08   5260/ 5507  60124           0.8 s  Freq=Q N.periodos=23
2026-09-12 17:32:09   5261/ 5507  60127           1.5 s  Freq=Q N.periodos=23
2026-09-12 17:32:12   5262/ 5507  60129           2.6 s  Freq=Q N.periodos=23
2026-09-12 17:32:13   5263/ 5507  60131           1.1 s  Freq=Q N.periodos=23
2026-09-12 17:32:14   5264/ 5507  60133           1.3 s  Freq=Q N.periodos=23
2026-09-12 17:32:15   5265/ 5507  60135           0.7 s  Freq=Q N.periodos=23
2026-09-12 17:32:35   5266/ 5507  69792          20.4 s  Freq=S N.periodos=123
2026-09-12 17:32:39   5267/ 5507  77019           3.1 s  Freq=Y N.periodos=24
2026-09-12 17:32:40   5268/ 5507  79543           1.1 s  Freq=Y N.periodos=6
2026-09-12 17:32:40   5269/ 5507  56935           0.7 s  Freq=S N.periodos=55
2026-09-12 17:32:44   5270/ 5507  56941           3.5 s  Freq=S N.periodos=55
2026-09-12 17:32:52   5271/ 5507  56946           8.1 s  Freq=S N.periodos=55
2026-09-12 17:32:53   5272/ 5507  56950           1.4 s  Freq=S N.periodos=55
2026-09-12 17:32:54   5273/ 5507  59012           0.8 s  Freq=Q N.periodos=14
2026-09-12 17:32:55   5274/ 5507  59026           0.6 s  Freq=Q N.periodos=14
2026-09-12 17:32:56   5275/ 5507  59028           0.9 s  Freq=Q N.periodos=14
2026-09-12 17:32:57   5276/ 5507  59237           1.0 s  Freq=Q N.periodos=14
2026-09-12 17:32:58   5277/ 5507  59239           1.2 s  Freq=Q N.periodos=6
2026-09-12 17:32:59   5278/ 5507  59584           0.8 s  Freq=Q N.periodos=6
2026-09-12 17:33:00   5279/ 5507  59590           1.2 s  Freq=Q N.periodos=6
2026-09-12 17:33:01   5280/ 5507  59662           0.8 s  Freq=Q N.periodos=6
2026-09-12 17:33:01   5281/ 5507  60125           0.8 s  Freq=Q N.periodos=23
2026-09-12 17:33:03   5282/ 5507  60128           1.6 s  Freq=Q N.periodos=23
2026-09-12 17:33:05   5283/ 5507  60130           1.9 s  Freq=Q N.periodos=23
2026-09-12 17:33:06   5284/ 5507  60132           0.8 s  Freq=Q N.periodos=23
2026-09-12 17:33:06   5285/ 5507  60134           0.7 s  Freq=Q N.periodos=23
2026-09-12 17:33:13   5286/ 5507  60136           7.1 s  no se pudo leer el .px
2026-09-12 17:33:22   5287/ 5507  69793           8.4 s  Freq=S N.periodos=61
2026-09-12 17:33:28   5288/ 5507  77023           6.0 s  Freq=Y N.periodos=24
2026-09-12 17:33:28   5289/ 5507  79544           0.6 s  Freq=Y N.periodos=6
2026-09-12 17:33:31   5290/ 5507  56936           2.6 s  Freq=S N.periodos=55
2026-09-12 17:33:39   5291/ 5507  56942           7.6 s  Freq=S N.periodos=55
2026-09-12 17:33:56   5292/ 5507  56947          17.5 s  Freq=S N.periodos=55
2026-09-12 17:33:57   5293/ 5507  56951           0.8 s  Freq=S N.periodos=55
2026-09-12 17:33:58   5294/ 5507  59014           0.7 s  Freq=Q N.periodos=14
2026-09-12 17:33:58   5295/ 5507  59018           0.6 s  Freq=Q N.periodos=14
2026-09-12 17:33:59   5296/ 5507  59022           0.7 s  Freq=Q N.periodos=14
2026-09-12 17:34:00   5297/ 5507  59585           1.1 s  Freq=Q N.periodos=6
2026-09-12 17:34:01   5298/ 5507  59587           0.7 s  Freq=Q N.periodos=6
2026-09-12 17:34:02   5299/ 5507  59591           1.3 s  Freq=Q N.periodos=6
2026-09-12 17:34:03   5300/ 5507  59663           1.1 s  Freq=Q N.periodos=6
2026-09-12 17:34:04   5301/ 5507  60126           0.6 s  Freq=Q N.periodos=23
2026-09-12 17:34:04   5302/ 5507  79545           0.6 s  Freq=Y N.periodos=6
2026-09-12 17:34:06   5303/ 5507  82104           1.0 s  Freq=Q N.periodos=6
2026-09-12 17:34:09   5304/ 5507  56937           3.5 s  Freq=S N.periodos=55
2026-09-12 17:34:17   5305/ 5507  56943           7.6 s  Freq=S N.periodos=55
2026-09-12 17:34:35   5306/ 5507  56948          18.6 s  Freq=S N.periodos=55
2026-09-12 17:34:36   5307/ 5507  56952           0.8 s  Freq=S N.periodos=55
2026-09-12 17:34:37   5308/ 5507  59015           0.6 s  Freq=Q N.periodos=14
2026-09-12 17:34:38   5309/ 5507  59029           1.3 s  Freq=Q N.periodos=14
2026-09-12 17:34:39   5310/ 5507  59586           0.8 s  Freq=Q N.periodos=6
2026-09-12 17:34:40   5311/ 5507  59588           0.8 s  Freq=Q N.periodos=6
2026-09-12 17:34:41   5312/ 5507  59592           1.0 s  Freq=Q N.periodos=6
2026-09-12 17:34:41   5313/ 5507  59664           0.6 s  Freq=Q N.periodos=6
2026-09-12 17:35:02   5314/ 5507  56938          20.8 s  Freq=S N.periodos=55
2026-09-12 17:35:07   5315/ 5507  56944           5.0 s  Freq=S N.periodos=55
2026-09-12 17:35:18   5316/ 5507  56949          11.2 s  Freq=S N.periodos=55
2026-09-12 17:35:19   5317/ 5507  59027           1.1 s  Freq=Q N.periodos=14
2026-09-12 17:35:21   5318/ 5507  82105           1.2 s  Freq=Q N.periodos=6
2026-09-12 17:35:42   5319/ 5507  56939          21.1 s  Freq=S N.periodos=55
2026-09-12 17:35:42   5320/ 5507  79273           0.5 s  Freq=Q N.periodos=6
2026-09-12 17:35:43   5321/ 5507  79277           0.9 s  Freq=S N.periodos=55
2026-09-12 17:35:44   5322/ 5507  79278           1.3 s  Freq=S N.periodos=55
2026-09-12 17:35:45   5323/ 5507  79274           0.5 s  Freq=Q N.periodos=6
2026-09-12 17:35:45   5324/ 5507  79275           0.5 s  Freq=Q N.periodos=6
2026-09-12 17:35:46   5325/ 5507  79276           0.8 s  Freq=S N.periodos=55
2026-09-12 17:35:54   5326/ 5507  77099           7.4 s  no se pudo leer el .px
2026-09-12 17:35:55   5327/ 5507  69797           1.8 s  Freq=S N.periodos=61
2026-09-12 17:35:56   5328/ 5507  58692           1.1 s  Freq=M N.periodos=79
2026-09-12 17:35:57   5329/ 5507  58717           0.6 s  Freq=Y N.periodos=7
2026-09-12 17:35:58   5330/ 5507  58926           0.7 s  Freq=M N.periodos=79
2026-09-12 17:35:59   5331/ 5507  58705           0.9 s  Freq=M N.periodos=79
2026-09-12 17:36:00   5332/ 5507  58709           1.3 s  Freq=Y N.periodos=7
2026-09-12 17:36:01   5333/ 5507  58927           0.8 s  Freq=Y N.periodos=7
2026-09-12 17:36:01   5334/ 5507  69687           0.5 s  Freq=Y N.periodos=4
2026-09-12 17:36:02   5335/ 5507  69691           0.9 s  Freq=Y N.periodos=4
2026-09-12 17:36:04   5336/ 5507  69696           1.6 s  Freq=Y N.periodos=4
2026-09-12 17:36:04   5337/ 5507  69699           0.6 s  Freq=Y N.periodos=4
2026-09-12 17:36:05   5338/ 5507  69702           0.5 s  Freq=Y N.periodos=4
2026-09-12 17:36:06   5339/ 5507  69706           1.0 s  Freq=Y N.periodos=4
2026-09-12 17:36:08   5340/ 5507  69711           1.9 s  Freq=Y N.periodos=4
2026-09-12 17:36:08   5341/ 5507  69714           0.7 s  Freq=Y N.periodos=4
2026-09-12 17:36:09   5342/ 5507  69717           0.5 s  Freq=Y N.periodos=4
2026-09-12 17:36:09   5343/ 5507  69729           0.6 s  Freq=Y N.periodos=4
2026-09-12 17:36:11   5344/ 5507  69743           1.8 s  Freq=Y N.periodos=4
2026-09-12 17:36:12   5345/ 5507  69758           0.8 s  Freq=Y N.periodos=4
2026-09-12 17:36:13   5346/ 5507  69762           1.1 s  Freq=Y N.periodos=4
2026-09-12 17:36:15   5347/ 5507  69764           1.6 s  Freq=Y N.periodos=4
2026-09-12 17:36:15   5348/ 5507  69766           0.6 s  Freq=Y N.periodos=4
2026-09-12 17:36:18   5349/ 5507  69767           2.3 s  Freq=Y N.periodos=4
2026-09-12 17:36:20   5350/ 5507  75690           2.1 s  Freq=Y N.periodos=4
2026-09-12 17:36:21   5351/ 5507  69688           1.1 s  Freq=Y N.periodos=4
2026-09-12 17:36:22   5352/ 5507  69692           1.1 s  Freq=Y N.periodos=4
2026-09-12 17:36:23   5353/ 5507  69697           1.2 s  Freq=Y N.periodos=4
2026-09-12 17:36:24   5354/ 5507  69700           0.7 s  Freq=Y N.periodos=4
2026-09-12 17:36:25   5355/ 5507  69703           1.1 s  Freq=Y N.periodos=4
2026-09-12 17:36:26   5356/ 5507  69707           1.2 s  Freq=Y N.periodos=4
2026-09-12 17:36:27   5357/ 5507  69712           0.6 s  Freq=Y N.periodos=4
2026-09-12 17:36:27   5358/ 5507  69715           0.5 s  Freq=Y N.periodos=4
2026-09-12 17:36:28   5359/ 5507  69718           0.6 s  Freq=Y N.periodos=4
2026-09-12 17:36:29   5360/ 5507  69730           0.8 s  Freq=Y N.periodos=4
2026-09-12 17:36:31   5361/ 5507  69744           2.4 s  Freq=Y N.periodos=4
2026-09-12 17:36:32   5362/ 5507  69754           1.5 s  Freq=Y N.periodos=4
2026-09-12 17:36:33   5363/ 5507  69759           0.5 s  Freq=Y N.periodos=4
2026-09-12 17:36:34   5364/ 5507  69763           0.7 s  Freq=Y N.periodos=4
2026-09-12 17:36:35   5365/ 5507  69765           1.5 s  Freq=Y N.periodos=4
2026-09-12 17:36:39   5366/ 5507  76268           4.1 s  Freq=Y N.periodos=4
2026-09-12 17:36:40   5367/ 5507  69689           1.0 s  Freq=Y N.periodos=4
2026-09-12 17:36:41   5368/ 5507  69693           1.1 s  Freq=Y N.periodos=4
2026-09-12 17:36:42   5369/ 5507  69698           1.0 s  Freq=Y N.periodos=4
2026-09-12 17:36:43   5370/ 5507  69701           0.9 s  Freq=Y N.periodos=4
2026-09-12 17:36:44   5371/ 5507  69704           0.9 s  Freq=Y N.periodos=4
2026-09-12 17:36:45   5372/ 5507  69708           0.6 s  Freq=Y N.periodos=4
2026-09-12 17:36:46   5373/ 5507  69713           1.4 s  Freq=Y N.periodos=4
2026-09-12 17:36:47   5374/ 5507  69716           0.5 s  Freq=Y N.periodos=4
2026-09-12 17:36:48   5375/ 5507  69719           0.9 s  Freq=Y N.periodos=4
2026-09-12 17:36:49   5376/ 5507  69731           1.2 s  Freq=Y N.periodos=4
2026-09-12 17:36:51   5377/ 5507  69745           2.0 s  Freq=Y N.periodos=4
2026-09-12 17:36:52   5378/ 5507  69755           0.8 s  Freq=Y N.periodos=4
2026-09-12 17:36:52   5379/ 5507  69760           0.5 s  Freq=Y N.periodos=4
2026-09-12 17:36:55   5380/ 5507  76269           2.7 s  Freq=Y N.periodos=4
2026-09-12 17:36:56   5381/ 5507  69690           0.8 s  Freq=Y N.periodos=4
2026-09-12 17:36:56   5382/ 5507  69694           0.8 s  Freq=Y N.periodos=4
2026-09-12 17:36:58   5383/ 5507  69705           1.1 s  Freq=Y N.periodos=4
2026-09-12 17:36:59   5384/ 5507  69709           1.0 s  Freq=Y N.periodos=4
2026-09-12 17:37:00   5385/ 5507  69720           1.3 s  Freq=Y N.periodos=4
2026-09-12 17:37:01   5386/ 5507  69732           1.0 s  Freq=Y N.periodos=4
2026-09-12 17:37:03   5387/ 5507  69746           2.3 s  Freq=Y N.periodos=4
2026-09-12 17:37:04   5388/ 5507  69756           0.8 s  Freq=Y N.periodos=4
2026-09-12 17:37:05   5389/ 5507  69761           1.0 s  Freq=Y N.periodos=4
2026-09-12 17:37:06   5390/ 5507  69695           1.0 s  Freq=Y N.periodos=4
2026-09-12 17:37:07   5391/ 5507  69710           1.4 s  Freq=Y N.periodos=4
2026-09-12 17:37:09   5392/ 5507  69721           1.3 s  Freq=Y N.periodos=4
2026-09-12 17:37:10   5393/ 5507  69733           1.2 s  Freq=Y N.periodos=4
2026-09-12 17:37:11   5394/ 5507  69747           1.0 s  Freq=Y N.periodos=4
2026-09-12 17:37:11   5395/ 5507  69757           0.5 s  Freq=Y N.periodos=4
2026-09-12 17:37:12   5396/ 5507  76221           0.6 s  Freq=Y N.periodos=2
2026-09-12 17:37:13   5397/ 5507  76233           0.8 s  Freq=Y N.periodos=3
2026-09-12 17:37:14   5398/ 5507  69722           0.8 s  Freq=Y N.periodos=4
2026-09-12 17:37:14   5399/ 5507  69734           0.8 s  Freq=Y N.periodos=4
2026-09-12 17:37:15   5400/ 5507  69748           0.8 s  Freq=Y N.periodos=4
2026-09-12 17:37:16   5401/ 5507  76222           0.7 s  Freq=Y N.periodos=2
2026-09-12 17:37:17   5402/ 5507  76234           0.7 s  Freq=Y N.periodos=3
2026-09-12 17:37:18   5403/ 5507  76829           1.0 s  Freq=Y N.periodos=2
2026-09-12 17:37:19   5404/ 5507  76836           0.8 s  Freq=Y N.periodos=3
2026-09-12 17:37:20   5405/ 5507  69723           1.0 s  Freq=Y N.periodos=4
2026-09-12 17:37:20   5406/ 5507  69735           0.7 s  Freq=Y N.periodos=4
2026-09-12 17:37:21   5407/ 5507  69749           1.0 s  Freq=Y N.periodos=4
2026-09-12 17:37:22   5408/ 5507  76223           0.5 s  Freq=Y N.periodos=2
2026-09-12 17:37:23   5409/ 5507  76235           0.8 s  Freq=Y N.periodos=3
2026-09-12 17:37:23   5410/ 5507  76830           0.6 s  Freq=Y N.periodos=2
2026-09-12 17:37:24   5411/ 5507  76837           1.0 s  Freq=Y N.periodos=3
2026-09-12 17:37:25   5412/ 5507  69724           0.9 s  Freq=Y N.periodos=4
2026-09-12 17:37:26   5413/ 5507  69736           0.8 s  Freq=Y N.periodos=4
2026-09-12 17:37:27   5414/ 5507  69750           1.2 s  Freq=Y N.periodos=4
2026-09-12 17:37:28   5415/ 5507  76224           0.6 s  Freq=Y N.periodos=2
2026-09-12 17:37:29   5416/ 5507  76236           1.0 s  Freq=Y N.periodos=3
2026-09-12 17:37:30   5417/ 5507  76831           1.0 s  Freq=Y N.periodos=2
2026-09-12 17:37:30   5418/ 5507  76838           0.7 s  Freq=Y N.periodos=3
2026-09-12 17:37:31   5419/ 5507  69725           0.9 s  Freq=Y N.periodos=4
2026-09-12 17:37:32   5420/ 5507  69737           0.7 s  Freq=Y N.periodos=4
2026-09-12 17:37:33   5421/ 5507  69751           0.7 s  Freq=Y N.periodos=4
2026-09-12 17:37:33   5422/ 5507  76225           0.8 s  Freq=Y N.periodos=2
2026-09-12 17:37:34   5423/ 5507  76237           0.8 s  Freq=Y N.periodos=3
2026-09-12 17:37:35   5424/ 5507  76832           0.8 s  Freq=Y N.periodos=2
2026-09-12 17:37:36   5425/ 5507  76839           0.6 s  Freq=Y N.periodos=3
2026-09-12 17:37:36   5426/ 5507  69726           0.8 s  Freq=Y N.periodos=4
2026-09-12 17:37:37   5427/ 5507  69738           0.6 s  Freq=Y N.periodos=4
2026-09-12 17:37:38   5428/ 5507  69752           1.0 s  Freq=Y N.periodos=4
2026-09-12 17:37:39   5429/ 5507  76226           0.6 s  Freq=Y N.periodos=2
2026-09-12 17:37:39   5430/ 5507  76238           0.5 s  Freq=Y N.periodos=3
2026-09-12 17:37:40   5431/ 5507  76833           0.6 s  Freq=Y N.periodos=2
2026-09-12 17:37:41   5432/ 5507  76840           0.8 s  Freq=Y N.periodos=3
2026-09-12 17:37:41   5433/ 5507  69727           0.9 s  Freq=Y N.periodos=4
2026-09-12 17:37:42   5434/ 5507  69739           0.7 s  Freq=Y N.periodos=4
2026-09-12 17:37:43   5435/ 5507  69753           1.1 s  Freq=Y N.periodos=4
2026-09-12 17:37:44   5436/ 5507  76227           0.9 s  Freq=Y N.periodos=2
2026-09-12 17:37:45   5437/ 5507  76239           0.6 s  Freq=Y N.periodos=3
2026-09-12 17:37:46   5438/ 5507  76834           1.0 s  Freq=Y N.periodos=2
2026-09-12 17:37:46   5439/ 5507  76841           0.8 s  Freq=Y N.periodos=3
2026-09-12 17:37:47   5440/ 5507  69728           0.8 s  Freq=Y N.periodos=4
2026-09-12 17:37:48   5441/ 5507  69740           0.9 s  Freq=Y N.periodos=4
2026-09-12 17:37:49   5442/ 5507  76228           0.8 s  Freq=Y N.periodos=2
2026-09-12 17:37:50   5443/ 5507  76240           1.4 s  Freq=Y N.periodos=3
2026-09-12 17:37:51   5444/ 5507  76835           0.8 s  Freq=Y N.periodos=2
2026-09-12 17:37:52   5445/ 5507  76842           0.8 s  Freq=Y N.periodos=3
2026-09-12 17:37:53   5446/ 5507  69741           0.8 s  Freq=Y N.periodos=4
2026-09-12 17:37:53   5447/ 5507  76229           0.5 s  Freq=Y N.periodos=2
2026-09-12 17:37:54   5448/ 5507  76241           0.8 s  Freq=Y N.periodos=3
2026-09-12 17:37:55   5449/ 5507  76843           0.6 s  Freq=Y N.periodos=4
2026-09-12 17:37:56   5450/ 5507  69742           1.5 s  Freq=Y N.periodos=4
2026-09-12 17:37:57   5451/ 5507  76230           0.8 s  Freq=Y N.periodos=2
2026-09-12 17:37:58   5452/ 5507  76243           0.5 s  Freq=Y N.periodos=3
2026-09-12 17:37:58   5453/ 5507  76231           0.9 s  Freq=Y N.periodos=2
2026-09-12 17:37:59   5454/ 5507  76242           0.6 s  Freq=Y N.periodos=3
2026-09-12 17:38:00   5455/ 5507  76232           0.5 s  Freq=Y N.periodos=2
2026-09-12 17:38:00   5456/ 5507  76244           0.8 s  Freq=Y N.periodos=3
2026-09-12 17:38:01   5457/ 5507  76245           0.6 s  Freq=Y N.periodos=4
2026-09-12 17:38:02   5458/ 5507  76246           0.8 s  Freq=Y N.periodos=4
2026-09-12 17:38:02   5459/ 5507  76247           0.7 s  Freq=Y N.periodos=4
2026-09-12 17:38:04   5460/ 5507  76248           1.2 s  Freq=Y N.periodos=4
2026-09-12 17:38:05   5461/ 5507  72117           1.1 s  Freq=Y N.periodos=2
2026-09-12 17:38:06   5462/ 5507  72118           0.8 s  Freq=Y N.periodos=2
2026-09-12 17:38:06   5463/ 5507  76180           0.8 s  Freq=Y N.periodos=2
2026-09-12 17:38:07   5464/ 5507  76181           0.7 s  Freq=Y N.periodos=2
2026-09-12 17:38:08   5465/ 5507  73979           0.7 s  Freq=Y N.periodos=2
2026-09-12 17:38:09   5466/ 5507  73983           0.8 s  Freq=Y N.periodos=2
2026-09-12 17:38:09   5467/ 5507  73984           0.7 s  Freq=Y N.periodos=2
2026-09-12 17:38:10   5468/ 5507  73985           0.5 s  Freq=Y N.periodos=2
2026-09-12 17:38:10   5469/ 5507  76182           0.6 s  Freq=Y N.periodos=2
2026-09-12 17:38:11   5470/ 5507  76183           0.8 s  Freq=Y N.periodos=2
2026-09-12 17:38:12   5471/ 5507  76184           1.2 s  Freq=Y N.periodos=2
2026-09-12 17:38:13   5472/ 5507  76185           0.6 s  Freq=Y N.periodos=2
2026-09-12 17:38:13   5473/ 5507  76660           0.6 s  Freq=Y N.periodos=1
2026-09-12 17:38:14   5474/ 5507  76661           0.8 s  Freq=Y N.periodos=1
2026-09-12 17:38:15   5475/ 5507  76664           0.5 s  Freq=Y N.periodos=1
2026-09-12 17:38:15   5476/ 5507  76667           0.7 s  Freq=Y N.periodos=1
2026-09-12 17:38:16   5477/ 5507  76670           0.6 s  Freq=Y N.periodos=1
2026-09-12 17:38:17   5478/ 5507  76673           0.5 s  Freq=? N.periodos=1
2026-09-12 17:38:17   5479/ 5507  76682           0.8 s  Freq=? N.periodos=1
2026-09-12 17:38:18   5480/ 5507  76662           0.5 s  Freq=Y N.periodos=1
2026-09-12 17:38:19   5481/ 5507  76665           0.9 s  Freq=Y N.periodos=1
2026-09-12 17:38:20   5482/ 5507  76669           0.9 s  Freq=Y N.periodos=1
2026-09-12 17:38:21   5483/ 5507  76671           0.8 s  Freq=Y N.periodos=1
2026-09-12 17:38:21   5484/ 5507  76674           0.7 s  Freq=? N.periodos=1
2026-09-12 17:38:22   5485/ 5507  76675           0.8 s  Freq=? N.periodos=1
2026-09-12 17:38:23   5486/ 5507  76676           0.8 s  Freq=? N.periodos=1
2026-09-12 17:38:24   5487/ 5507  76683           0.9 s  Freq=? N.periodos=1
2026-09-12 17:38:25   5488/ 5507  76685           0.8 s  Freq=? N.periodos=1
2026-09-12 17:38:26   5489/ 5507  76922           1.0 s  Freq=Y N.periodos=1
2026-09-12 17:38:26   5490/ 5507  76663           0.8 s  Freq=Y N.periodos=1
2026-09-12 17:38:27   5491/ 5507  76666           0.7 s  Freq=Y N.periodos=1
2026-09-12 17:38:28   5492/ 5507  76668           0.8 s  Freq=Y N.periodos=1
2026-09-12 17:38:29   5493/ 5507  76672           0.9 s  Freq=Y N.periodos=1
2026-09-12 17:38:30   5494/ 5507  76677           0.7 s  Freq=? N.periodos=1
2026-09-12 17:38:30   5495/ 5507  76678           0.5 s  Freq=? N.periodos=1
2026-09-12 17:38:31   5496/ 5507  76684           1.1 s  Freq=? N.periodos=1
2026-09-12 17:38:32   5497/ 5507  71109           0.8 s  Freq=Q N.periodos=65
2026-09-12 17:38:33   5498/ 5507  71111           0.7 s  Freq=Q N.periodos=65
2026-09-12 17:38:34   5499/ 5507  75486           0.9 s  Freq=M N.periodos=18
2026-09-12 17:38:34   5500/ 5507  75487           0.6 s  Freq=M N.periodos=18
2026-09-12 17:38:35   5501/ 5507  75488           0.6 s  Freq=M N.periodos=18
2026-09-12 17:38:36   5502/ 5507  75489           0.8 s  Freq=M N.periodos=6
2026-09-12 17:38:44   5503/ 5507  79192           8.5 s  no se pudo leer el .px
2026-09-12 17:38:46   5504/ 5507  79681           1.4 s  Freq=M N.periodos=18
2026-09-12 17:38:47   5505/ 5507  79682           1.0 s  Freq=M N.periodos=18
2026-09-12 17:38:48   5506/ 5507  79683           0.8 s  Freq=M N.periodos=18
2026-09-12 17:38:48   5507/ 5507  79684           0.7 s  Freq=M N.periodos=6
