2026-09-12 14:51:49 - inicio
2026-09-12 14:54:10 - descargas ESMS
2026-09-12 14:54:11      1/  225  migr_asydec                 1.3 s  2213 caracteres
2026-09-12 14:54:12      2/  225  migr_asyapp                 1.4 s  876 caracteres
2026-09-12 14:54:25      3/  225  proj_19n                   12.3 s  5390 caracteres
2026-09-12 14:54:25      4/  225  demomwk                     0.7 s  2872 caracteres
2026-09-12 14:54:29      5/  225  migr_eil                    3.3 s  6297 caracteres
2026-09-12 14:54:29      6/  225  bop_6                       0.4 s  3638 caracteres
2026-09-12 14:54:39      7/  225  avia_pa                     9.5 s  4333 caracteres
2026-09-12 14:54:39      8/  225  nrg_quant                   0.4 s  2615 caracteres
2026-09-12 14:54:42      9/  225  migr_resbcard               2.7 s  3303 caracteres
2026-09-12 14:54:42     10/  225  naio_10_fcp                 0.4 s  2690 caracteres
2026-09-12 14:54:46     11/  225  migr_resval                 3.3 s  7501 caracteres
2026-09-12 14:54:46     12/  225  nasq_10_f                   0.4 s  2313 caracteres
2026-09-12 14:54:46     13/  225  demo_r_gind3                0.4 s  5750 caracteres
2026-09-12 14:54:48     14/  225  migr_dub                    1.7 s  1104 caracteres
2026-09-12 14:54:48     15/  225  prc_hicp                    0.4 s  4230 caracteres
2026-09-12 14:54:49     16/  225  naio_10_fg                  0.4 s  11203 caracteres
2026-09-12 14:54:49     17/  225  gov_10a_exp                 0.4 s  456 caracteres
2026-09-12 14:54:50     18/  225  nrg_bal                     0.4 s  1227 caracteres
2026-09-12 14:54:53     19/  225  hsw_acc_work                3.0 s  3776 caracteres
2026-09-12 14:54:53     20/  225  nama_10_an6                 0.8 s  5483 caracteres
2026-09-12 14:54:54     21/  225  lfsq                        0.4 s  886 caracteres
2026-09-12 14:55:03     22/  225  naio_10_n                   8.9 s  5615 caracteres
2026-09-12 14:55:03     23/  225  migr_acqn                   0.6 s  1612 caracteres
2026-09-12 14:55:04     24/  225  sts                         0.5 s  3065 caracteres
2026-09-12 14:55:04     25/  225  bop_its6                    0.4 s  932 caracteres
2026-09-12 14:55:05     26/  225  bop_euins6                  0.4 s  415 caracteres
2026-09-12 14:55:06     27/  225  migr_immi                   1.3 s  1888 caracteres
2026-09-12 14:55:06     28/  225  irt_euryld                  0.4 s  1477 caracteres
2026-09-12 14:55:08     29/  225  migr_asytp                  1.4 s  2419 caracteres
2026-09-12 14:55:17     30/  225  nasa_10_f                   8.9 s  2620 caracteres
2026-09-12 14:55:17     31/  225  naid_10                     0.4 s  6074 caracteres
2026-09-12 14:55:18     32/  225  nrg_cb                      0.4 s  471 caracteres
2026-09-12 14:55:18     33/  225  nama_10_gdp                 0.7 s  2177 caracteres
2026-09-12 14:55:19     34/  225  nrg_t                       0.4 s  1003 caracteres
2026-09-12 14:55:19     35/  225  demo_pop                    0.4 s  2216 caracteres
2026-09-12 14:55:19     36/  225  nama_10_nfa_st              0.4 s  4428 caracteres
2026-09-12 14:55:21     37/  225  migr_resseaw                1.6 s  2452 caracteres
2026-09-12 14:55:22     38/  225  namq_10_gdp                 0.8 s  1922 caracteres
2026-09-12 14:55:22     39/  225  gov_10q_ggfa                0.5 s  1880 caracteres
2026-09-12 14:55:23     40/  225  ext_go_agg                  0.5 s  2262 caracteres
2026-09-12 14:55:24     41/  225  bop_fdi6                    1.0 s  3338 caracteres
2026-09-12 14:55:25     42/  225  mar                         0.9 s  1543 caracteres
2026-09-12 14:55:25     43/  225  reg_lmk                     0.4 s  1661 caracteres
2026-09-12 14:55:26     44/  225  proj_25n                    0.8 s  2838 caracteres
2026-09-12 14:55:26     45/  225  iww_go                      0.6 s  2339 caracteres
2026-09-12 14:55:27     46/  225  lfsa                        0.4 s  1008 caracteres
2026-09-12 14:55:29     47/  225  proj_23n                    1.8 s  5742 caracteres
2026-09-12 14:55:29     48/  225  env_egss                    0.5 s  1993 caracteres
2026-09-12 14:55:30     49/  225  sbs                         1.3 s  3847 caracteres
2026-09-12 14:55:32     50/  225  demo_mor                    1.4 s  2588 caracteres
2026-09-12 14:55:33     51/  225  migr_ressr                  1.4 s  2622 caracteres
2026-09-12 14:55:34     52/  225  nama_10_pe                  0.6 s  2358 caracteres
2026-09-12 14:55:34     53/  225  nasq_10_nf_tr               0.4 s  2215 caracteres
2026-09-12 14:55:35     54/  225  edat1                       0.4 s  2428 caracteres
2026-09-12 14:55:38     55/  225  fish_ld                     3.8 s  112 caracteres
2026-09-12 14:55:40     56/  225  lci                         1.7 s  3890 caracteres
2026-09-12 14:55:41     57/  225  euroind_vtg                 0.5 s  2505 caracteres
2026-09-12 14:55:42     58/  225  isoc_i                      1.6 s  4258 caracteres
2026-09-12 14:55:53     59/  225  road_go                    11.3 s  2901 caracteres
2026-09-12 14:55:54     60/  225  lfst_hh                     0.3 s  682 caracteres
2026-09-12 14:55:54     61/  225  lfsa_qoe                    0.3 s  1979 caracteres
2026-09-12 14:55:55     62/  225  hlth_silc_01                0.4 s  1613 caracteres
2026-09-12 14:55:55     63/  225  spr                         0.5 s  10339 caracteres
2026-09-12 14:55:55     64/  225  nasa_10_nf_tr               0.4 s  2255 caracteres
2026-09-12 14:55:56     65/  225  prc_fpmt_m                  0.4 s  3298 caracteres
2026-09-12 14:55:56     66/  225  jvs                         0.6 s  750 caracteres
2026-09-12 14:55:57     67/  225  educ_uoe_enr                1.0 s  15031 caracteres
2026-09-12 14:55:58     68/  225  nrg_chdd                    0.4 s  795 caracteres
2026-09-12 14:55:58     69/  225  env_ac_landfp               0.4 s  2090 caracteres
2026-09-12 14:55:59     70/  225  nama10                      0.5 s  3775 caracteres
2026-09-12 14:55:59     71/  225  nama_10_cp18                0.7 s  3215 caracteres
2026-09-12 14:56:00     72/  225  proj_25r                    0.6 s  2177 caracteres
2026-09-12 14:56:00     73/  225  env_air_gge                 0.4 s  1752 caracteres
2026-09-12 14:56:01     74/  225  env_trdrrm                  0.7 s  1700 caracteres
2026-09-12 14:56:02     75/  225  apro_cp                     0.7 s  2189 caracteres
2026-09-12 14:56:02     76/  225  reg_eco10                   0.4 s  1445 caracteres
2026-09-12 14:56:03     77/  225  env_wastrdmp                0.7 s  1732 caracteres
2026-09-12 14:56:03     78/  225  gov_10a_taxag               0.4 s  449 caracteres
2026-09-12 14:56:04     79/  225  htec                        0.9 s  5181 caracteres
2026-09-12 14:56:06     80/  225  migr_resictra               1.5 s  1931 caracteres
2026-09-12 14:56:06     81/  225  prc_ppp_ind                 0.4 s  2780 caracteres
2026-09-12 14:56:09     82/  225  gov_10q_ggnfa               2.7 s  808 caracteres
2026-09-12 14:56:13     83/  225  hlth_sha11                  4.4 s  1064 caracteres
2026-09-12 14:56:16     84/  225  fish_aq                     2.8 s  3275 caracteres
2026-09-12 14:56:17     85/  225  cult_trd_go                 1.1 s  5928 caracteres
2026-09-12 14:56:18     86/  225  fish_ca                     0.5 s  685 caracteres
2026-09-12 14:56:19     87/  225  apro_anip                   1.1 s  7019 caracteres
2026-09-12 14:56:19     88/  225  gov_10a_main                0.4 s  411 caracteres
2026-09-12 14:56:20     89/  225  trng_lfs_4w                 0.4 s  2939 caracteres
2026-09-12 14:56:20     90/  225  apri_pi                     0.4 s  2078 caracteres
2026-09-12 14:56:20     91/  225  tour_dem                    0.4 s  1921 caracteres
2026-09-12 14:56:21     92/  225  lfsi                        0.6 s  3902 caracteres
2026-09-12 14:56:22     93/  225  rd                          0.7 s  2189 caracteres
2026-09-12 14:56:24     94/  225  avia_paodis                 2.2 s  485 caracteres
2026-09-12 14:56:24     95/  225  tran_sf_avia                0.5 s  1044 caracteres
2026-09-12 14:56:25     96/  225  sprt_trd                    0.7 s  3446 caracteres
2026-09-12 14:56:26     97/  225  env_air_emis                0.4 s  1186 caracteres
2026-09-12 14:56:26     98/  225  hrst                        1.0 s  1746 caracteres
2026-09-12 14:56:28     99/  225  une_rt_m                    1.1 s  722 caracteres
2026-09-12 14:56:28    100/  225  isoc_e                      0.5 s  1790 caracteres
2026-09-12 14:56:29    101/  225  env_ac_rme                  0.5 s  1824 caracteres
2026-09-12 14:56:29    102/  225  avia_tf_cm                  0.4 s  1190 caracteres
2026-09-12 14:56:29    103/  225  gov_10dd_sgd                0.5 s  2620 caracteres
2026-09-12 14:56:30    104/  225  gov_10q_ggdebt              0.4 s  735 caracteres
2026-09-12 14:56:30    105/  225  urb                         0.5 s  2272 caracteres
2026-09-12 14:56:31    106/  225  env_ac_taxind2              0.5 s  1663 caracteres
2026-09-12 14:56:31    107/  225  tour_occ                    0.5 s  3127 caracteres
2026-09-12 14:56:32    108/  225  nama_10_prod                0.4 s  3917 caracteres
2026-09-12 14:56:32    109/  225  fish_fleet                  0.7 s  199 caracteres
2026-09-12 14:56:33    110/  225  lfsi_long                   0.7 s  1144 caracteres
2026-09-12 14:56:34    111/  225  mips_sa                     0.6 s  2525 caracteres
2026-09-12 14:56:34    112/  225  demo_fer                    0.7 s  2990 caracteres
2026-09-12 14:56:35    113/  225  ert_bil_eur                 0.5 s  675 caracteres
2026-09-12 14:56:35    114/  225  ei_bcs                      0.5 s  3628 caracteres
2026-09-12 14:56:36    115/  225  crim_gen_reg                0.4 s  830 caracteres
2026-09-12 14:56:37    116/  225  for_rpt                     1.6 s  422 caracteres
2026-09-12 14:56:38    117/  225  ert_h                       0.6 s  50 caracteres
2026-09-12 14:56:38    118/  225  env_wasship                 0.4 s  3393 caracteres
2026-09-12 14:56:39    119/  225  lfso_24                     0.4 s  903 caracteres
2026-09-12 14:56:39    120/  225  yth_empl                    0.4 s  1629 caracteres
2026-09-12 14:56:40    121/  225  env_esst_cep                0.4 s  611 caracteres
2026-09-12 14:56:41    122/  225  earn_net                    1.2 s  2693 caracteres
2026-09-12 14:56:41    123/  225  urt                         0.4 s  450 caracteres
2026-09-12 14:56:41    124/  225  gov_10dd                    0.3 s  2153 caracteres
2026-09-12 14:56:42    125/  225  ert_eff                     0.4 s  322 caracteres
2026-09-12 14:56:42    126/  225  nrg_inf_epc                 0.4 s  2206 caracteres
2026-09-12 14:56:43    127/  225  prc_ppp                     0.4 s  842 caracteres
2026-09-12 14:56:43    128/  225  demo_nup                    0.6 s  1997 caracteres
2026-09-12 14:56:44    129/  225  tran_sf_road                0.4 s  4076 caracteres
2026-09-12 14:56:45    130/  225  tran_r                      1.9 s  6760 caracteres
2026-09-12 14:56:46    131/  225  gba                         0.7 s  2780 caracteres
2026-09-12 14:56:47    132/  225  aei_pestuse                 0.9 s  3445 caracteres
2026-09-12 14:56:47    133/  225  nama_10_nfa_bs              0.5 s  5129 caracteres
2026-09-12 14:56:48    134/  225  org                         0.5 s  4982 caracteres
2026-09-12 14:56:48    135/  225  prc_hpi_oo                  0.3 s  752 caracteres
2026-09-12 14:56:49    136/  225  lc_lci_lev                  0.4 s  1767 caracteres
2026-09-12 14:56:51    137/  225  hlth_res                    2.5 s  2232 caracteres
2026-09-12 14:56:52    138/  225  nrg_inf_hptc                0.4 s  1148 caracteres
2026-09-12 14:56:52    139/  225  demo_gind                   0.5 s  2093 caracteres
2026-09-12 14:56:53    140/  225  env_wassd                   0.6 s  938 caracteres
2026-09-12 14:56:53    141/  225  rail_pa                     0.7 s  2806 caracteres
2026-09-12 14:56:54    142/  225  reg_area3                   0.6 s  1089 caracteres
2026-09-12 14:56:56    143/  225  apri_ap                     1.8 s  1104 caracteres
2026-09-12 14:56:56    144/  225  tran_sf_rail                0.4 s  1214 caracteres
2026-09-12 14:56:57    145/  225  for_eaf                     0.4 s  3401 caracteres
2026-09-12 14:56:57    146/  225  env_nwat                    0.4 s  1276 caracteres
2026-09-12 14:56:57    147/  225  env_ac_sd                   0.6 s  840 caracteres
2026-09-12 14:56:58    148/  225  aei_fm_salpest09            0.9 s  2602 caracteres
2026-09-12 14:56:59    149/  225  employ                      0.5 s  4108 caracteres
2026-09-12 14:56:59    150/  225  prc_hpi_inx                 0.4 s  SIN DATA_DESCR
2026-09-12 14:57:00    151/  225  env_rwat                    0.5 s  437 caracteres
2026-09-12 14:57:00    152/  225  lfst_lmb                    0.4 s  890 caracteres
2026-09-12 14:57:01    153/  225  nasa_10_pens                0.5 s  4226 caracteres
2026-09-12 14:57:02    154/  225  isoc_skslf                  1.8 s  4645 caracteres
2026-09-12 14:57:03    155/  225  ext_ser_bec01               0.4 s  1004 caracteres
2026-09-12 14:57:03    156/  225  ert_bil_conv                0.5 s  146 caracteres
2026-09-12 14:57:05    157/  225  migr_ressing                1.6 s  1695 caracteres
2026-09-12 14:57:05    158/  225  irt_st                      0.4 s  423 caracteres
2026-09-12 14:57:08    159/  225  avia_if                     3.2 s  3186 caracteres
2026-09-12 14:57:09    160/  225  env_ac_tax                  0.5 s  2193 caracteres
2026-09-12 14:57:09    161/  225  env_wasmun                  0.6 s  428 caracteres
2026-09-12 14:57:10    162/  225  hlth_hlye                   0.7 s  1693 caracteres
2026-09-12 14:57:11    163/  225  rail_if                     0.6 s  2537 caracteres
2026-09-12 14:57:11    164/  225  prc_ipc_g20                 0.4 s  888 caracteres
2026-09-12 14:57:13    165/  225  apri_lpr                    1.6 s  1218 caracteres
2026-09-12 14:57:13    166/  225  env_ac_aigg_q               0.5 s  1497 caracteres
2026-09-12 14:57:14    167/  225  cult_emp                    0.8 s  2066 caracteres
2026-09-12 14:57:14    168/  225  gov_cl                      0.4 s  3344 caracteres
2026-09-12 14:57:15    169/  225  irt_lt_mcby                 0.4 s  166 caracteres
2026-09-12 14:57:15    170/  225  apro_cbs                    0.4 s  1338 caracteres
2026-09-12 14:57:16    171/  225  earn_grgpg2                 0.7 s  932 caracteres
2026-09-12 14:57:16    172/  225  gov_rrf                     0.4 s  294 caracteres
2026-09-12 14:57:17    173/  225  crim_thb                    0.6 s  731 caracteres
2026-09-12 14:57:17    174/  225  tipsho20                    0.4 s  1017 caracteres
2026-09-12 14:57:18    175/  225  tipser10                    0.5 s  2275 caracteres
2026-09-12 14:57:19    176/  225  enps                        0.8 s  985 caracteres
2026-09-12 14:57:46    177/  225  prc_colc_ext               27.8 s  1811 caracteres
2026-09-12 14:57:47    178/  225  hlth_silc_17                0.5 s  222 caracteres
2026-09-12 14:57:47    179/  225  nrg_inf_lbpc                0.4 s  425 caracteres
2026-09-12 14:57:48    180/  225  hrst_stem                   0.4 s  1317 caracteres
2026-09-12 14:57:48    181/  225  prc_colc_rents              0.4 s  2092 caracteres
2026-09-12 14:57:48    182/  225  aei_fm_usefert              0.4 s  1164 caracteres
2026-09-12 14:57:49    183/  225  nrg_inf_nuc                 0.4 s  949 caracteres
2026-09-12 14:57:49    184/  225  cli_iad_loss                0.4 s  739 caracteres
2026-09-12 14:57:53    185/  225  isoc_se                     3.4 s  3016 caracteres
2026-09-12 14:57:53    186/  225  earn_minw                   0.7 s  868 caracteres
2026-09-12 14:57:54    187/  225  tran_hv_ms                  0.5 s  3905 caracteres
2026-09-12 14:57:54    188/  225  isoc_ski_itemp              0.5 s  1995 caracteres
2026-09-12 14:57:55    189/  225  irt_h_ddmr                  0.4 s  143 caracteres
2026-09-12 14:57:55    190/  225  enpe                        0.7 s  1017 caracteres
2026-09-12 14:57:56    191/  225  crim_smu                    0.4 s  473 caracteres
2026-09-12 14:57:56    192/  225  tran_sf_mar                 0.4 s  1782 caracteres
2026-09-12 14:57:57    193/  225  sprt_emp                    0.4 s  1401 caracteres
2026-09-12 14:57:57    194/  225  egr                         0.5 s  2190 caracteres
2026-09-12 14:58:02    195/  225  prc_rem                     4.6 s  2501 caracteres
2026-09-12 14:58:02    196/  225  pat_ep_tot                  0.6 s  822 caracteres
2026-09-12 14:58:03    197/  225  prc_colc_surf               0.5 s  2095 caracteres
2026-09-12 14:58:03    198/  225  lfsi_dwl_a                  0.6 s  1031 caracteres
2026-09-12 14:58:04    199/  225  lfsi_jhh_a                  0.4 s  270 caracteres
2026-09-12 14:58:06    200/  225  mar_tp                      1.8 s  1918 caracteres
2026-09-12 14:58:06    201/  225  demo_mexrt                  0.7 s  3210 caracteres
2026-09-12 14:58:07    202/  225  road_tert                   0.4 s  2346 caracteres
2026-09-12 14:58:08    203/  225  avia_tp                     1.4 s  1859 caracteres
2026-09-12 14:58:24    204/  225  prc_colc_tot               15.5 s  1823 caracteres
2026-09-12 14:58:24    205/  225  tran_im                     0.6 s  2498 caracteres
2026-09-12 14:58:25    206/  225  irt_lt_gby10                0.4 s  112 caracteres
2026-09-12 14:58:25    207/  225  nama_10_fte                 0.4 s  1567 caracteres
2026-09-12 14:58:40    208/  225  prc_colc_nat               14.7 s  1893 caracteres
2026-09-12 14:58:40    209/  225  nrg_inf_stcs                0.4 s  368 caracteres
2026-09-12 14:58:41    210/  225  env_biodiv                  0.5 s  1618 caracteres
2026-09-12 14:58:41    211/  225  tran_hv_pstra               0.6 s  586 caracteres
2026-09-12 14:58:42    212/  225  gov_ev                      0.3 s  597 caracteres
2026-09-12 14:58:42    213/  225  rail_if_traff               0.4 s  3748 caracteres
2026-09-12 14:58:42    214/  225  gov_eu_fa                   0.4 s  676 caracteres
2026-09-12 14:58:43    215/  225  tran_hv_frtra               0.5 s  1059 caracteres
2026-09-12 14:58:43    216/  225  aei_hri                     0.5 s  1557 caracteres
2026-09-12 14:58:44    217/  225  tipsbd                      0.5 s  4351 caracteres
2026-09-12 14:58:45    218/  225  tran_r_ptstop               1.0 s  949 caracteres
2026-09-12 14:58:45    219/  225  apri_aip                    0.6 s  1028 caracteres
2026-09-12 14:58:46    220/  225  env_ac_cur                  0.6 s  1415 caracteres
2026-09-12 14:58:47    221/  225  demo_urespop                0.6 s  201 caracteres
2026-09-12 14:58:47    222/  225  mar_v_est                   0.8 s  760 caracteres
2026-09-12 14:58:48    223/  225  gov_eu_nfa                  0.4 s  419 caracteres
2026-09-12 14:58:48    224/  225  gov_eu_debt                 0.4 s  325 caracteres
2026-09-12 14:58:49    225/  225  demo_popep                  0.6 s  1044 caracteres
2026-09-12 14:58:49      1/ 3060  migr_asyrescra              0.3 s  Freq=Y N.periodos=5 N.reg=32
2026-09-12 14:58:50      2/ 3060  migr_asyappctzm             0.2 s  Freq=M N.periodos=224 N.reg=34
2026-09-12 14:58:50      3/ 3060  proj_19rp3                  0.4 s  Freq=Y N.periodos=82 N.reg=1216
2026-09-12 14:58:50      4/ 3060  migr_asydcfstq              0.3 s  Freq=Q N.periodos=74 N.reg=34
2026-09-12 14:58:50      5/ 3060  migr_asywithm               0.3 s  Freq=M N.periodos=224 N.reg=34
2026-09-12 14:58:51      6/ 3060  demo_r_mweek3               0.4 s  Freq=W N.periodos=1388 N.reg=1528
2026-09-12 14:58:51      7/ 3060  migr_eirtn1                 0.3 s  Freq=Q N.periodos=34 N.reg=32
2026-09-12 14:58:51      8/ 3060  bop_c6_q                    0.3 s  Freq=Q N.periodos=141 N.reg=39
2026-09-12 14:58:52      9/ 3060  avia_tf_aca                 0.4 s  Freq=Q N.periodos=298 N.reg=0
2026-09-12 14:58:52     10/ 3060  demo_r_mwk3_10              0.5 s  Freq=W N.periodos=1388 N.reg=1528
2026-09-12 14:58:53     11/ 3060  bop_iip6_q                  0.3 s  Freq=Q N.periodos=176 N.reg=44
2026-09-12 14:58:53     12/ 3060  nrg_stk_oam                 0.3 s  Freq=M N.periodos=163 N.reg=38
2026-09-12 14:58:53     13/ 3060  migr_resbc11                0.3 s  Freq=Y N.periodos=14 N.reg=32
2026-09-12 14:58:53     14/ 3060  migr_asypenctzm             0.3 s  Freq=M N.periodos=224 N.reg=34
2026-09-12 14:58:54     15/ 3060  migr_resbc13                0.3 s  Freq=Y N.periodos=14 N.reg=32
2026-09-12 14:58:54     16/ 3060  naio_10_fcp_u4              0.3 s  Freq=Y N.periodos=3 N.reg=0
2026-09-12 14:58:54     17/ 3060  naio_10_fcp_ip4             0.3 s  Freq=Y N.periodos=3 N.reg=0
2026-09-12 14:58:55     18/ 3060  naio_10_fcp_ii4             0.3 s  Freq=Y N.periodos=3 N.reg=0
2026-09-12 14:58:55     19/ 3060  migr_resfas                 0.5 s  Freq=Y N.periodos=16 N.reg=33
2026-09-12 14:58:57     20/ 3060  migr_eirtn2                 1.7 s  Freq=Q N.periodos=22 N.reg=32
2026-09-12 14:58:57     21/ 3060  proj_19ranmig3              0.5 s  Freq=Y N.periodos=82 N.reg=1216
2026-09-12 14:58:58     22/ 3060  proj_19rdth3                0.3 s  Freq=Y N.periodos=82 N.reg=1216
2026-09-12 14:58:58     23/ 3060  nasq_10_f_cp                0.2 s  Freq=Q N.periodos=109 N.reg=29
2026-09-12 14:58:58     24/ 3060  demo_r_mwk3_20              0.5 s  Freq=W N.periodos=1388 N.reg=1528
2026-09-12 14:58:59     25/ 3060  demo_r_mlife                0.4 s  Freq=Y N.periodos=35 N.reg=508
2026-09-12 14:58:59     26/ 3060  migr_asyumwitm              0.3 s  Freq=M N.periodos=68 N.reg=33
2026-09-12 14:58:59     27/ 3060  migr_dubdo                  0.2 s  Freq=Y N.periodos=18 N.reg=33
2026-09-12 14:59:00     28/ 3060  demo_r_mwk2_05              0.4 s  Freq=W N.periodos=1388 N.reg=459
2026-09-12 14:59:00     29/ 3060  nrg_ti_oilm                 0.2 s  Freq=M N.periodos=223 N.reg=39
2026-09-12 14:59:00     30/ 3060  migr_dubdi                  0.3 s  Freq=Y N.periodos=18 N.reg=33
2026-09-12 14:59:00     31/ 3060  nrg_te_oilm                 0.3 s  Freq=M N.periodos=223 N.reg=39
2026-09-12 14:59:01     32/ 3060  avia_paoa                   0.4 s  Freq=Q N.periodos=570 N.reg=0
2026-09-12 14:59:01     33/ 3060  prc_hicp_minr               0.4 s  Freq=M N.periodos=368 N.reg=46
2026-09-12 14:59:01     34/ 3060  migr_asydcfsta              0.3 s  Freq=Y N.periodos=18 N.reg=34
2026-09-12 14:59:02     35/ 3060  migr_asydcfina              0.3 s  Freq=Y N.periodos=18 N.reg=34
2026-09-12 14:59:02     36/ 3060  prc_hicp_fpd                0.3 s  Freq=M N.periodos=368 N.reg=46
2026-09-12 14:59:02     37/ 3060  avia_paoac                  0.4 s  Freq=Q N.periodos=570 N.reg=0
2026-09-12 14:59:03     38/ 3060  nrg_stk_oom                 0.2 s  Freq=M N.periodos=163 N.reg=38
2026-09-12 14:59:03     39/ 3060  naio_10_fgde                0.3 s  Freq=Y N.periodos=15 N.reg=28
2026-09-12 14:59:03     40/ 3060  naio_10_fgdee               0.3 s  Freq=Y N.periodos=15 N.reg=28
2026-09-12 14:59:03     41/ 3060  gov_10a_exp                 0.3 s  Freq=Y N.periodos=36 N.reg=34
2026-09-12 14:59:04     42/ 3060  nrg_bal_c                   0.3 s  Freq=Y N.periodos=35 N.reg=41
2026-09-12 14:59:04     43/ 3060  proj_19raasmr3              0.3 s  Freq=Y N.periodos=82 N.reg=1216
2026-09-12 14:59:04     44/ 3060  proj_19ralexp3              0.3 s  Freq=Y N.periodos=82 N.reg=1216
2026-09-12 14:59:05     45/ 3060  migr_asyumactm              0.3 s  Freq=M N.periodos=68 N.reg=33
2026-09-12 14:59:05     46/ 3060  migr_eipre                  0.3 s  Freq=Y N.periodos=18 N.reg=35
2026-09-12 14:59:05     47/ 3060  hsw_ph3_05                  0.5 s  Freq=Y N.periodos=11 N.reg=34
2026-09-12 14:59:06     48/ 3060  hsw_ph3_07                  0.3 s  Freq=Y N.periodos=11 N.reg=34
2026-09-12 14:59:06     49/ 3060  hsw_ph3_09                  0.3 s  Freq=Y N.periodos=11 N.reg=34
2026-09-12 14:59:06     50/ 3060  nama_10_a64_p5              0.2 s  Freq=Y N.periodos=51 N.reg=39
2026-09-12 14:59:07     51/ 3060  migr_resbc31                0.4 s  Freq=Y N.periodos=14 N.reg=31
2026-09-12 14:59:07     52/ 3060  avia_gooa                   0.3 s  Freq=Q N.periodos=570 N.reg=0
2026-09-12 14:59:07     53/ 3060  lfsq_ewhun2                 0.3 s  Freq=Q N.periodos=74 N.reg=38
2026-09-12 14:59:07     54/ 3060  lfsq_ewhan2                 0.3 s  Freq=Q N.periodos=74 N.reg=38
2026-09-12 14:59:08     55/ 3060  avia_gooac                  0.3 s  Freq=Q N.periodos=570 N.reg=0
2026-09-12 14:59:08     56/ 3060  prc_hicp_ct                 0.3 s  Freq=M N.periodos=284 N.reg=40
2026-09-12 14:59:08     57/ 3060  avia_tf_ala                 0.3 s  Freq=Q N.periodos=298 N.reg=0
2026-09-12 14:59:09     58/ 3060  bop_c6_a                    0.3 s  Freq=Y N.periodos=44 N.reg=39
2026-09-12 14:59:09     59/ 3060  lfsq_ewhais                 0.3 s  Freq=Q N.periodos=114 N.reg=38
2026-09-12 14:59:09     60/ 3060  lfsq_ewhuis                 0.3 s  Freq=Q N.periodos=114 N.reg=38
2026-09-12 14:59:09     61/ 3060  demo_r_mwk2_10              0.4 s  Freq=W N.periodos=1388 N.reg=459
2026-09-12 14:59:10     62/ 3060  lfsq_egais                  0.2 s  Freq=Q N.periodos=114 N.reg=38
2026-09-12 14:59:10     63/ 3060  migr_dubto                  0.5 s  Freq=Y N.periodos=18 N.reg=33
2026-09-12 14:59:11     64/ 3060  migr_asyaccm                0.3 s  Freq=M N.periodos=68 N.reg=33
2026-09-12 14:59:11     65/ 3060  avia_paexac                 0.3 s  Freq=Q N.periodos=494 N.reg=0
2026-09-12 14:59:11     66/ 3060  naio_10_cp1610              0.3 s  Freq=Y N.periodos=35 N.reg=37
2026-09-12 14:59:11     67/ 3060  hsw_ph3_02                  0.4 s  Freq=Y N.periodos=11 N.reg=34
2026-09-12 14:59:12     68/ 3060  migr_acq                    0.2 s  Freq=Y N.periodos=27 N.reg=43
2026-09-12 14:59:12     69/ 3060  avia_paexcc                 0.3 s  Freq=Q N.periodos=315 N.reg=31
2026-09-12 14:59:12     70/ 3060  sts_inpr_m                  0.3 s  Freq=M N.periodos=883 N.reg=42
2026-09-12 14:59:13     71/ 3060  prc_hicp_fp                 0.4 s  Freq=M N.periodos=360 N.reg=45
2026-09-12 14:59:13     72/ 3060  migr_dubti                  0.3 s  Freq=Y N.periodos=18 N.reg=33
2026-09-12 14:59:13     73/ 3060  bop_its6_det                0.2 s  Freq=Y N.periodos=16 N.reg=39
2026-09-12 14:59:13     74/ 3060  migr_asyumdcfq              0.3 s  Freq=Q N.periodos=22 N.reg=33
2026-09-12 14:59:14     75/ 3060  bop_euins6_q                0.4 s  Freq=Q N.periodos=110 N.reg=4
2026-09-12 14:59:14     76/ 3060  migr_imm1ctz                0.3 s  Freq=Y N.periodos=27 N.reg=49
2026-09-12 14:59:14     77/ 3060  bop_euins6_m                0.3 s  Freq=M N.periodos=331 N.reg=1
2026-09-12 14:59:15     78/ 3060  irt_euryld_d                0.7 s  Freq=D N.periodos=5616 N.reg=1
2026-09-12 14:59:15     79/ 3060  migr_emi1ctz                0.2 s  Freq=Y N.periodos=27 N.reg=44
2026-09-12 14:59:16     80/ 3060  avia_paocc                  0.3 s  Freq=Q N.periodos=570 N.reg=39
2026-09-12 14:59:16     81/ 3060  avia_goexcc                 0.2 s  Freq=Q N.periodos=315 N.reg=31
2026-09-12 14:59:16     82/ 3060  migr_resbc43                0.3 s  Freq=Y N.periodos=2 N.reg=27
2026-09-12 14:59:16     83/ 3060  avia_tf_acc                 0.3 s  Freq=Q N.periodos=297 N.reg=39
2026-09-12 14:59:17     84/ 3060  avia_goexac                 0.4 s  Freq=Q N.periodos=494 N.reg=0
2026-09-12 14:59:17     85/ 3060  migr_asytpfm                0.4 s  Freq=M N.periodos=54 N.reg=32
2026-09-12 14:59:17     86/ 3060  migr_asytpsm                0.2 s  Freq=M N.periodos=54 N.reg=32
2026-09-12 14:59:18     87/ 3060  lfsq_epgan2                 0.2 s  Freq=Q N.periodos=74 N.reg=38
2026-09-12 14:59:18     88/ 3060  nasa_10_f_bs                0.3 s  Freq=Y N.periodos=36 N.reg=39
2026-09-12 14:59:18     89/ 3060  migr_imm3ctb                0.3 s  Freq=Y N.periodos=17 N.reg=37
2026-09-12 14:59:18     90/ 3060  migr_imm5prv                0.3 s  Freq=Y N.periodos=27 N.reg=48
2026-09-12 14:59:19     91/ 3060  bop_c6_m                    0.3 s  Freq=M N.periodos=426 N.reg=31
2026-09-12 14:59:19     92/ 3060  avia_goocc                  0.3 s  Freq=Q N.periodos=570 N.reg=39
2026-09-12 14:59:19     93/ 3060  naidsq_10_f_bs              0.3 s  Freq=Q N.periodos=297 N.reg=47
2026-09-12 14:59:20     94/ 3060  migr_emi3nxt                0.3 s  Freq=Y N.periodos=27 N.reg=44
2026-09-12 14:59:20     95/ 3060  nasq_10_f_bs                0.3 s  Freq=Q N.periodos=110 N.reg=30
2026-09-12 14:59:20     96/ 3060  migr_emi4ctb                0.3 s  Freq=Y N.periodos=17 N.reg=36
2026-09-12 14:59:20     97/ 3060  migr_resbc41                0.3 s  Freq=Y N.periodos=2 N.reg=27
2026-09-12 14:59:21     98/ 3060  nrg_cb_oil                  0.3 s  Freq=Y N.periodos=36 N.reg=44
2026-09-12 14:59:21     99/ 3060  sts_inppnd_m                0.3 s  Freq=M N.periodos=776 N.reg=41
2026-09-12 14:59:21    100/ 3060  nasq_10_f_tr                0.3 s  Freq=Q N.periodos=110 N.reg=30
2026-09-12 14:59:22    101/ 3060  nasa_10_f_tr                0.3 s  Freq=Y N.periodos=36 N.reg=39
2026-09-12 14:59:22    102/ 3060  naidsq_10_f_tr              0.3 s  Freq=Q N.periodos=297 N.reg=44
2026-09-12 14:59:22    103/ 3060  nama_10_a64                 0.3 s  Freq=Y N.periodos=51 N.reg=45
2026-09-12 14:59:22    104/ 3060  hsw_ph3_06                  0.3 s  Freq=Y N.periodos=11 N.reg=34
2026-09-12 14:59:23    105/ 3060  nrg_te_oil                  0.3 s  Freq=Y N.periodos=35 N.reg=44
2026-09-12 14:59:23    106/ 3060  nrg_ti_oil                  0.2 s  Freq=Y N.periodos=35 N.reg=44
2026-09-12 14:59:23    107/ 3060  hsw_ph3_08                  0.3 s  Freq=Y N.periodos=11 N.reg=34
2026-09-12 14:59:23    108/ 3060  migr_pop1ctz                0.2 s  Freq=Y N.periodos=28 N.reg=45
2026-09-12 14:59:24    109/ 3060  nama_10_nfa_st              0.3 s  Freq=Y N.periodos=51 N.reg=34
2026-09-12 14:59:24    110/ 3060  migr_dubri                  0.3 s  Freq=Y N.periodos=18 N.reg=33
2026-09-12 14:59:24    111/ 3060  demo_r_mwk2_20              0.5 s  Freq=W N.periodos=1388 N.reg=459
2026-09-12 14:59:25    112/ 3060  hlth_cd_aro                 0.3 s  Freq=Y N.periodos=14 N.reg=39
2026-09-12 14:59:25    113/ 3060  migr_ressw1_1               0.3 s  Freq=Y N.periodos=9 N.reg=32
2026-09-12 14:59:25    114/ 3060  migr_dubro                  0.3 s  Freq=Y N.periodos=18 N.reg=33
2026-09-12 14:59:26    115/ 3060  migr_asyappctza             0.2 s  Freq=Y N.periodos=18 N.reg=34
2026-09-12 14:59:26    116/ 3060  namq_10_gdp                 0.2 s  Freq=Q N.periodos=194 N.reg=44
2026-09-12 14:59:26    117/ 3060  nasq_10_f_oc                0.2 s  Freq=Q N.periodos=110 N.reg=29
2026-09-12 14:59:27    118/ 3060  hsw_ph3_03                  0.5 s  Freq=Y N.periodos=11 N.reg=34
2026-09-12 14:59:27    119/ 3060  hsw_ph3_04                  0.3 s  Freq=Y N.periodos=11 N.reg=34
2026-09-12 14:59:27    120/ 3060  nrg_stk_oilm                0.3 s  Freq=M N.periodos=163 N.reg=37
2026-09-12 14:59:27    121/ 3060  lfsq_egan22d                0.2 s  Freq=Q N.periodos=74 N.reg=38
2026-09-12 14:59:28    122/ 3060  gov_10q_ggfa                0.3 s  Freq=Q N.periodos=125 N.reg=32
2026-09-12 14:59:28    123/ 3060  prc_hicp_midx               0.3 s  Freq=M N.periodos=360 N.reg=45
2026-09-12 14:59:28    124/ 3060  migr_resbc12                0.3 s  Freq=Y N.periodos=14 N.reg=32
2026-09-12 14:59:29    125/ 3060  sts_inppd_m                 0.3 s  Freq=M N.periodos=620 N.reg=41
2026-09-12 14:59:29    126/ 3060  ext_st_easitc               0.3 s  Freq=M N.periodos=294 N.reg=1
2026-09-12 14:59:29    127/ 3060  migr_pop3ctb                0.2 s  Freq=Y N.periodos=28 N.reg=45
2026-09-12 14:59:29    128/ 3060  migr_asywitha               0.3 s  Freq=Y N.periodos=18 N.reg=34
2026-09-12 14:59:30    129/ 3060  bop_fdi6_pos                0.3 s  Freq=Y N.periodos=18 N.reg=42
2026-09-12 14:59:30    130/ 3060  lfsq_pgacws                 0.3 s  Freq=Q N.periodos=114 N.reg=38
2026-09-12 14:59:30    131/ 3060  mar_go_am_es                0.3 s  Freq=Y N.periodos=26 N.reg=0
2026-09-12 14:59:30    132/ 3060  bop_fdi6_inc                0.3 s  Freq=Y N.periodos=18 N.reg=42
2026-09-12 14:59:31    133/ 3060  migr_asyumpctm              0.3 s  Freq=M N.periodos=68 N.reg=33
2026-09-12 14:59:31    134/ 3060  migr_resvas                 0.2 s  Freq=Y N.periodos=18 N.reg=34
2026-09-12 14:59:31    135/ 3060  migr_asyumaccm              0.3 s  Freq=M N.periodos=68 N.reg=33
2026-09-12 14:59:31    136/ 3060  ext_st_27_2020msbec         0.3 s  Freq=M N.periodos=294 N.reg=27
2026-09-12 14:59:32    137/ 3060  ext_st_eu27_2020sitc        0.2 s  Freq=M N.periodos=294 N.reg=1
2026-09-12 14:59:32    138/ 3060  naio_10_cp16                0.3 s  Freq=Y N.periodos=35 N.reg=34
2026-09-12 14:59:32    139/ 3060  migr_asyresda               0.3 s  Freq=Y N.periodos=5 N.reg=32
2026-09-12 14:59:33    140/ 3060  migr_asyrelfa               0.3 s  Freq=Y N.periodos=5 N.reg=32
2026-09-12 14:59:33    141/ 3060  env_ac_ainah_r2             0.3 s  Freq=Y N.periodos=31 N.reg=33
2026-09-12 14:59:33    142/ 3060  lfsq_pganws                 0.3 s  Freq=Q N.periodos=114 N.reg=38
2026-09-12 14:59:33    143/ 3060  migr_asyumtpfm              0.3 s  Freq=M N.periodos=54 N.reg=28
2026-09-12 14:59:34    144/ 3060  migr_reslas                 0.2 s  Freq=Y N.periodos=16 N.reg=33
2026-09-12 14:59:34    145/ 3060  sts_inpp_m                  0.3 s  Freq=M N.periodos=608 N.reg=40
2026-09-12 14:59:34    146/ 3060  bd_size                     0.3 s  Freq=Y N.periodos=16 N.reg=37
2026-09-12 14:59:34    147/ 3060  lfsq_pgauws                 0.3 s  Freq=Q N.periodos=114 N.reg=38
2026-09-12 14:59:35    148/ 3060  namq_10_a10                 0.3 s  Freq=Q N.periodos=194 N.reg=43
2026-09-12 14:59:35    149/ 3060  bop_fdi6_flow               0.3 s  Freq=Y N.periodos=12 N.reg=42
2026-09-12 14:59:35    150/ 3060  migr_asyumtpsm              0.2 s  Freq=M N.periodos=54 N.reg=28
2026-09-12 14:59:36    151/ 3060  proj_19rdbi3                0.3 s  Freq=Y N.periodos=82 N.reg=1216
2026-09-12 14:59:36    152/ 3060  sts_intvnd_m                0.3 s  Freq=M N.periodos=439 N.reg=41
2026-09-12 14:59:36    153/ 3060  proj_25np                   0.2 s  Freq=Y N.periodos=76 N.reg=32
2026-09-12 14:59:36    154/ 3060  bop_euins6_a                0.3 s  Freq=Y N.periodos=39 N.reg=17
2026-09-12 14:59:37    155/ 3060  nasa_10_f_cp                0.2 s  Freq=Y N.periodos=36 N.reg=16
2026-09-12 14:59:37    156/ 3060  mar_go_qm_es                0.3 s  Freq=Q N.periodos=105 N.reg=0
2026-09-12 14:59:37    157/ 3060  naio_10_cp15                0.2 s  Freq=Y N.periodos=35 N.reg=37
2026-09-12 14:59:37    158/ 3060  naidsa_10_f_tr              0.3 s  Freq=Y N.periodos=76 N.reg=76
2026-09-12 14:59:38    159/ 3060  naidsa_10_f_bs              0.3 s  Freq=Y N.periodos=76 N.reg=44
2026-09-12 14:59:38    160/ 3060  iww_go_atygofl              0.4 s  Freq=Y N.periodos=19 N.reg=15
2026-09-12 14:59:38    161/ 3060  proj_19np                   0.3 s  Freq=Y N.periodos=82 N.reg=36
2026-09-12 14:59:39    162/ 3060  nasa_10_f_gl                0.3 s  Freq=Y N.periodos=36 N.reg=35
2026-09-12 14:59:39    163/ 3060  env_ac_aeint_r2             0.3 s  Freq=Y N.periodos=30 N.reg=33
2026-09-12 14:59:39    164/ 3060  lfsa_ewhais                 0.3 s  Freq=Y N.periodos=43 N.reg=38
2026-09-12 14:59:39    165/ 3060  lfsa_ewhuis                 0.2 s  Freq=Y N.periodos=43 N.reg=38
2026-09-12 14:59:40    166/ 3060  proj_23np                   0.2 s  Freq=Y N.periodos=79 N.reg=33
2026-09-12 14:59:40    167/ 3060  naio_10_pyp1610             0.3 s  Freq=Y N.periodos=32 N.reg=16
2026-09-12 14:59:40    168/ 3060  lfsq_eftpt                  0.2 s  Freq=Q N.periodos=114 N.reg=38
2026-09-12 14:59:40    169/ 3060  nasa_10_f_oc                0.2 s  Freq=Y N.periodos=36 N.reg=35
2026-09-12 14:59:41    170/ 3060  naio_10_fgfeim              0.3 s  Freq=Y N.periodos=15 N.reg=28
2026-09-12 14:59:41    171/ 3060  naio_10_fgfoem              0.3 s  Freq=Y N.periodos=15 N.reg=28
2026-09-12 14:59:41    172/ 3060  lfsa_ewhun2                 0.3 s  Freq=Y N.periodos=18 N.reg=38
2026-09-12 14:59:41    173/ 3060  lfsa_ewhan2                 0.3 s  Freq=Y N.periodos=18 N.reg=38
2026-09-12 14:59:42    174/ 3060  mar_tf_qm                   0.4 s  Freq=Q N.periodos=118 N.reg=0
2026-09-12 14:59:42    175/ 3060  aact_eaa01_r                0.2 s  Freq=Y N.periodos=45 N.reg=392
2026-09-12 14:59:42    176/ 3060  aact_eaa05                  0.3 s  Freq=Y N.periodos=53 N.reg=37
2026-09-12 14:59:43    177/ 3060  env_egss_mon                0.2 s  Freq=Y N.periodos=17 N.reg=30
2026-09-12 14:59:43    178/ 3060  prc_hicp_cmon               0.4 s  Freq=M N.periodos=287 N.reg=39
2026-09-12 14:59:43    179/ 3060  demo_r_d2jan                0.3 s  Freq=Y N.periodos=36 N.reg=532
2026-09-12 14:59:44    180/ 3060  naio_10_cp1750              0.3 s  Freq=Y N.periodos=23 N.reg=16
2026-09-12 14:59:44    181/ 3060  nrg_ti_coifpm               0.3 s  Freq=M N.periodos=259 N.reg=37
2026-09-12 14:59:44    182/ 3060  env_ac_pefasu               0.4 s  Freq=Y N.periodos=25 N.reg=35
2026-09-12 14:59:45    183/ 3060  lfsq_ewh2n2                 0.3 s  Freq=Q N.periodos=74 N.reg=38
2026-09-12 14:59:45    184/ 3060  hsw_ph3_01                  0.3 s  Freq=Y N.periodos=11 N.reg=34
2026-09-12 14:59:45    185/ 3060  lfsq_esgais                 0.3 s  Freq=Q N.periodos=114 N.reg=38
2026-09-12 14:59:45    186/ 3060  naio_10_pyp16               0.3 s  Freq=Y N.periodos=34 N.reg=33
2026-09-12 14:59:46    187/ 3060  sts_inpr_q                  0.4 s  Freq=Q N.periodos=294 N.reg=42
2026-09-12 14:59:46    188/ 3060  sbs_ovw_act                 0.3 s  Freq=Y N.periodos=4 N.reg=36
2026-09-12 14:59:46    189/ 3060  demo_r_magec                0.3 s  Freq=Y N.periodos=35 N.reg=523
2026-09-12 14:59:47    190/ 3060  sbs_sc_ovw                  0.3 s  Freq=Y N.periodos=4 N.reg=36
2026-09-12 14:59:47    191/ 3060  sts_trtu_m                  0.5 s  Freq=M N.periodos=427 N.reg=43
2026-09-12 14:59:47    192/ 3060  proj_25nanmig               0.2 s  Freq=Y N.periodos=76 N.reg=30
2026-09-12 14:59:48    193/ 3060  lfst_r_lfsd2pwc             0.2 s  Freq=Y N.periodos=27 N.reg=512
2026-09-12 14:59:48    194/ 3060  avia_par_es                 0.5 s  Freq=Q N.periodos=432 N.reg=0
2026-09-12 14:59:48    195/ 3060  sts_intv_m                  0.3 s  Freq=M N.periodos=439 N.reg=42
2026-09-12 14:59:49    196/ 3060  migr_asywitfstq             0.3 s  Freq=Q N.periodos=74 N.reg=34
2026-09-12 14:59:49    197/ 3060  mar_go_am_fr                0.2 s  Freq=Y N.periodos=28 N.reg=0
2026-09-12 14:59:50    198/ 3060  demo_r_mwk3_ts              0.6 s  Freq=W N.periodos=1388 N.reg=1506
2026-09-12 14:59:50    199/ 3060  lfst_r_lfsd2pwn             0.3 s  Freq=Y N.periodos=27 N.reg=512
2026-09-12 14:59:50    200/ 3060  avia_par_de                 0.5 s  Freq=Q N.periodos=400 N.reg=0
2026-09-12 14:59:51    201/ 3060  migr_eiord1                 0.3 s  Freq=Q N.periodos=34 N.reg=33
2026-09-12 14:59:51    202/ 3060  mar_go_qm_fr                0.2 s  Freq=Q N.periodos=113 N.reg=0
2026-09-12 14:59:51    203/ 3060  demo_mlifetable             0.2 s  Freq=Y N.periodos=65 N.reg=57
2026-09-12 14:59:51    204/ 3060  migr_asyresa                0.3 s  Freq=Y N.periodos=18 N.reg=33
2026-09-12 14:59:52    205/ 3060  proj_19raasfr3              0.3 s  Freq=Y N.periodos=82 N.reg=1216
2026-09-12 14:59:52    206/ 3060  migr_ressrath               0.3 s  Freq=Y N.periodos=7 N.reg=32
2026-09-12 14:59:52    207/ 3060  prc_hicp_mmor               0.3 s  Freq=M N.periodos=359 N.reg=45
2026-09-12 14:59:53    208/ 3060  migr_asytpfq                0.3 s  Freq=Q N.periodos=18 N.reg=33
2026-09-12 14:59:53    209/ 3060  naio_10_pyp15               0.3 s  Freq=Y N.periodos=34 N.reg=33
2026-09-12 14:59:53    210/ 3060  avia_par_it                 0.4 s  Freq=Q N.periodos=430 N.reg=0
2026-09-12 14:59:54    211/ 3060  demo_r_mlifexp              0.3 s  Freq=Y N.periodos=35 N.reg=507
2026-09-12 14:59:54    212/ 3060  sts_inpi_m                  0.3 s  Freq=M N.periodos=776 N.reg=32
2026-09-12 14:59:54    213/ 3060  sts_intvd_m                 0.3 s  Freq=M N.periodos=439 N.reg=41
2026-09-12 14:59:54    214/ 3060  naidsq_10_nf_tr             0.3 s  Freq=Q N.periodos=318 N.reg=43
2026-09-12 14:59:55    215/ 3060  naio_10_cp1620              0.3 s  Freq=Y N.periodos=35 N.reg=34
2026-09-12 14:59:55    216/ 3060  namq_10_a10_e               0.4 s  Freq=Q N.periodos=186 N.reg=40
2026-09-12 14:59:55    217/ 3060  naio_10_cp1630              0.3 s  Freq=Y N.periodos=35 N.reg=34
2026-09-12 14:59:56    218/ 3060  migr_eirfs                  0.2 s  Freq=Y N.periodos=18 N.reg=34
2026-09-12 14:59:56    219/ 3060  prc_hicp_manr               0.3 s  Freq=M N.periodos=348 N.reg=45
2026-09-12 14:59:56    220/ 3060  nasq_10_nf_tr               0.3 s  Freq=Q N.periodos=185 N.reg=32
2026-09-12 14:59:57    221/ 3060  lfst_r_lfe2eftpt            0.2 s  Freq=Y N.periodos=27 N.reg=512
2026-09-12 14:59:57    222/ 3060  edat_lfse_33                0.5 s  Freq=Y N.periodos=26 N.reg=512
2026-09-12 14:59:57    223/ 3060  mar_go_am_it                0.3 s  Freq=Y N.periodos=29 N.reg=0
2026-09-12 14:59:58    224/ 3060  lfsq_egdn2                  0.3 s  Freq=Q N.periodos=74 N.reg=38
2026-09-12 14:59:58    225/ 3060  migr_resfam                 0.3 s  Freq=Y N.periodos=18 N.reg=35
2026-09-12 14:59:58    226/ 3060  sts_inlb_q                  0.3 s  Freq=Q N.periodos=147 N.reg=41
2026-09-12 14:59:58    227/ 3060  prc_hicp_mv12r              0.4 s  Freq=M N.periodos=337 N.reg=45
2026-09-12 14:59:59    228/ 3060  nrg_te_sff                  0.3 s  Freq=Y N.periodos=35 N.reg=44
2026-09-12 14:59:59    229/ 3060  nrg_ti_sff                  0.3 s  Freq=Y N.periodos=35 N.reg=44
2026-09-12 14:59:59    230/ 3060  naio_10_fgfoim              0.3 s  Freq=Y N.periodos=15 N.reg=1
2026-09-12 15:00:00    231/ 3060  mar_go_am_de                0.5 s  Freq=Y N.periodos=29 N.reg=0
2026-09-12 15:00:00    232/ 3060  avia_par_fr                 0.4 s  Freq=Q N.periodos=400 N.reg=0
2026-09-12 15:00:01    233/ 3060  migr_dubdedaci              0.3 s  Freq=Y N.periodos=18 N.reg=33
2026-09-12 15:00:01    234/ 3060  iww_go_anavefl              0.4 s  Freq=Y N.periodos=19 N.reg=15
2026-09-12 15:00:01    235/ 3060  lfsq_eegan2                 0.3 s  Freq=Q N.periodos=74 N.reg=38
2026-09-12 15:00:02    236/ 3060  fish_ld_main                0.4 s  Freq=Y N.periodos=26 N.reg=30
2026-09-12 15:00:02    237/ 3060  sts_inppnd_q                0.3 s  Freq=Q N.periodos=258 N.reg=41
2026-09-12 15:00:02    238/ 3060  lfsq_epgais                 0.3 s  Freq=Q N.periodos=114 N.reg=38
2026-09-12 15:00:03    239/ 3060  migr_dubdedaco              0.3 s  Freq=Y N.periodos=18 N.reg=33
2026-09-12 15:00:03    240/ 3060  mar_go_qm_it                0.2 s  Freq=Q N.periodos=117 N.reg=0
2026-09-12 15:00:03    241/ 3060  migr_asyumdcfna             0.2 s  Freq=Y N.periodos=5 N.reg=33
2026-09-12 15:00:03    242/ 3060  migr_ressw2                 0.3 s  Freq=Y N.periodos=9 N.reg=31
2026-09-12 15:00:04    243/ 3060  nrg_cb_oilm                 0.2 s  Freq=M N.periodos=223 N.reg=38
2026-09-12 15:00:04    244/ 3060  nrg_bal_s                   0.3 s  Freq=Y N.periodos=35 N.reg=41
2026-09-12 15:00:04    245/ 3060  lc_lci_r2_q                 0.3 s  Freq=Q N.periodos=122 N.reg=40
2026-09-12 15:00:04    246/ 3060  lfsq_egan2                  0.3 s  Freq=Q N.periodos=74 N.reg=38
2026-09-12 15:00:05    247/ 3060  ei_is_m_vtg                 0.4 s  Freq=M N.periodos=558 N.reg=39
2026-09-12 15:00:05    248/ 3060  lfsq_pganedm                0.3 s  Freq=Q N.periodos=22 N.reg=36
2026-09-12 15:00:05    249/ 3060  migr_asyumdcfa              0.3 s  Freq=Y N.periodos=5 N.reg=32
2026-09-12 15:00:06    250/ 3060  isoc_ci_ac_i                0.3 s  Freq=Y N.periodos=24 N.reg=44
2026-09-12 15:00:06    251/ 3060  namq_10_an6                 0.3 s  Freq=Q N.periodos=194 N.reg=44
2026-09-12 15:00:06    252/ 3060  aact_eaa04                  0.3 s  Freq=Y N.periodos=53 N.reg=37
2026-09-12 15:00:06    253/ 3060  road_go_ctq_tt              0.3 s  Freq=Q N.periodos=144 N.reg=31
2026-09-12 15:00:07    254/ 3060  lfsq_egaps                  0.3 s  Freq=Q N.periodos=114 N.reg=38
2026-09-12 15:00:07    255/ 3060  migr_resbc42                0.3 s  Freq=Y N.periodos=2 N.reg=27
2026-09-12 15:00:07    256/ 3060  avia_paoc                   0.3 s  Freq=Q N.periodos=570 N.reg=39
2026-09-12 15:00:08    257/ 3060  lfsq_epgaed                 0.3 s  Freq=Q N.periodos=114 N.reg=38
2026-09-12 15:00:08    258/ 3060  migr_asyumwifq              0.3 s  Freq=Q N.periodos=22 N.reg=33
2026-09-12 15:00:08    259/ 3060  migr_resltra                0.3 s  Freq=Y N.periodos=6 N.reg=33
2026-09-12 15:00:08    260/ 3060  migr_resbc2                 0.3 s  Freq=Y N.periodos=14 N.reg=32
2026-09-12 15:00:09    261/ 3060  nrg_ti_gasm                 0.3 s  Freq=M N.periodos=224 N.reg=41
2026-09-12 15:00:09    262/ 3060  avia_gooc                   0.4 s  Freq=Q N.periodos=570 N.reg=39
2026-09-12 15:00:09    263/ 3060  lfsq_erganedm               0.4 s  Freq=Q N.periodos=22 N.reg=36
2026-09-12 15:00:10    264/ 3060  mar_go_qm_de                0.3 s  Freq=Q N.periodos=116 N.reg=0
2026-09-12 15:00:10    265/ 3060  migr_resoth                 0.3 s  Freq=Y N.periodos=18 N.reg=35
2026-09-12 15:00:10    266/ 3060  demo_r_mwk_05               0.4 s  Freq=W N.periodos=1388 N.reg=39
2026-09-12 15:00:11    267/ 3060  migr_reschst                0.2 s  Freq=Y N.periodos=6 N.reg=32
2026-09-12 15:00:11    268/ 3060  migr_resbc34                0.2 s  Freq=Y N.periodos=14 N.reg=31
2026-09-12 15:00:11    269/ 3060  mar_go_am_nl                0.3 s  Freq=Y N.periodos=29 N.reg=0
2026-09-12 15:00:11    270/ 3060  lfsq_eegais                 0.2 s  Freq=Q N.periodos=114 N.reg=38
2026-09-12 15:00:12    271/ 3060  lfst_hhaceday               0.3 s  Freq=Y N.periodos=20 N.reg=36
2026-09-12 15:00:12    272/ 3060  migr_asyunaa                0.3 s  Freq=Y N.periodos=18 N.reg=34
2026-09-12 15:00:12    273/ 3060  sts_inppd_q                 0.3 s  Freq=Q N.periodos=206 N.reg=41
2026-09-12 15:00:13    274/ 3060  prc_hicp_cind               0.3 s  Freq=M N.periodos=288 N.reg=39
2026-09-12 15:00:13    275/ 3060  nrg_te_gasm                 0.2 s  Freq=M N.periodos=224 N.reg=41
2026-09-12 15:00:13    276/ 3060  lfst_r_egad                 0.3 s  Freq=Y N.periodos=27 N.reg=512
2026-09-12 15:00:13    277/ 3060  ext_tec05                   0.3 s  Freq=Y N.periodos=13 N.reg=38
2026-09-12 15:00:14    278/ 3060  lfsa_egan22d                0.2 s  Freq=Y N.periodos=18 N.reg=38
2026-09-12 15:00:14    279/ 3060  proj_19nanmig               0.3 s  Freq=Y N.periodos=82 N.reg=31
2026-09-12 15:00:14    280/ 3060  aact_eaa03                  0.4 s  Freq=Y N.periodos=53 N.reg=37
2026-09-12 15:00:15    281/ 3060  edat_lfs_9910               0.3 s  Freq=Y N.periodos=18 N.reg=38
2026-09-12 15:00:15    282/ 3060  lfsq_esgaed                 0.3 s  Freq=Q N.periodos=114 N.reg=38
2026-09-12 15:00:15    283/ 3060  mar_go_am_se                0.3 s  Freq=Y N.periodos=29 N.reg=0
2026-09-12 15:00:15    284/ 3060  lfsa_qoe_3a4                0.2 s  Freq=Y N.periodos=26 N.reg=38
2026-09-12 15:00:16    285/ 3060  road_go_cta_gtt             0.3 s  Freq=Y N.periodos=18 N.reg=31
2026-09-12 15:00:16    286/ 3060  hlth_silc_08                0.3 s  Freq=Y N.periodos=18 N.reg=46
2026-09-12 15:00:16    287/ 3060  prc_hicp_cann               0.3 s  Freq=M N.periodos=276 N.reg=39
2026-09-12 15:00:16    288/ 3060  spr_exp_ftm                 0.2 s  Freq=Y N.periodos=35 N.reg=47
2026-09-12 15:00:17    289/ 3060  sts_inlb_m                  0.2 s  Freq=M N.periodos=403 N.reg=15
2026-09-12 15:00:17    290/ 3060  mar_go_qm_se                0.2 s  Freq=Q N.periodos=116 N.reg=0
2026-09-12 15:00:17    291/ 3060  proj_23nanmig               0.5 s  Freq=Y N.periodos=79 N.reg=30
2026-09-12 15:00:18    292/ 3060  nrg_bal_peh                 0.3 s  Freq=Y N.periodos=35 N.reg=41
2026-09-12 15:00:18    293/ 3060  lfst_r_lfp2actrc            0.2 s  Freq=Y N.periodos=27 N.reg=512
2026-09-12 15:00:18    294/ 3060  isoc_ec_ibgs                0.3 s  Freq=Y N.periodos=6 N.reg=40
2026-09-12 15:00:19    295/ 3060  migr_resocc                 0.4 s  Freq=Y N.periodos=18 N.reg=35
2026-09-12 15:00:19    296/ 3060  lfst_r_lfe2emprc            0.2 s  Freq=Y N.periodos=27 N.reg=512
2026-09-12 15:00:19    297/ 3060  migr_asyumtpfq              0.3 s  Freq=Q N.periodos=18 N.reg=30
2026-09-12 15:00:19    298/ 3060  nasa_10_nf_tr               0.3 s  Freq=Y N.periodos=77 N.reg=36
2026-09-12 15:00:20    299/ 3060  iww_go_atyvefl              0.5 s  Freq=Y N.periodos=19 N.reg=15
2026-09-12 15:00:20    300/ 3060  migr_eirtn                  0.2 s  Freq=Y N.periodos=18 N.reg=34
2026-09-12 15:00:20    301/ 3060  prc_fpmt_m                  0.2 s  Freq=M N.periodos=380 N.reg=47
2026-09-12 15:00:21    302/ 3060  naidsa_10_nf_tr             0.3 s  Freq=Y N.periodos=77 N.reg=52
2026-09-12 15:00:21    303/ 3060  hlth_silc_13                0.2 s  Freq=Y N.periodos=18 N.reg=46
2026-09-12 15:00:21    304/ 3060  nrg_ind_pehcf               0.3 s  Freq=Y N.periodos=36 N.reg=43
2026-09-12 15:00:21    305/ 3060  hlth_silc_15                0.3 s  Freq=Y N.periodos=18 N.reg=46
2026-09-12 15:00:22    306/ 3060  sts_inpp_q                  0.3 s  Freq=Q N.periodos=202 N.reg=40
2026-09-12 15:00:22    307/ 3060  hlth_silc_09                0.3 s  Freq=Y N.periodos=18 N.reg=46
2026-09-12 15:00:22    308/ 3060  jvs_q_isco_r21              0.3 s  Freq=Q N.periodos=102 N.reg=88
2026-09-12 15:00:23    309/ 3060  mar_go_qm_nl                0.3 s  Freq=Q N.periodos=117 N.reg=0
2026-09-12 15:00:23    310/ 3060  lfsa_pgacws                 0.2 s  Freq=Y N.periodos=31 N.reg=38
2026-09-12 15:00:23    311/ 3060  jvs_q_isco_r2               0.3 s  Freq=Q N.periodos=100 N.reg=103
2026-09-12 15:00:23    312/ 3060  mar_go_am_tr                0.3 s  Freq=Y N.periodos=18 N.reg=0
2026-09-12 15:00:24    313/ 3060  migr_resfirst               0.3 s  Freq=Y N.periodos=18 N.reg=35
2026-09-12 15:00:24    314/ 3060  educ_uoe_enra30             0.3 s  Freq=Y N.periodos=12 N.reg=41
2026-09-12 15:00:24    315/ 3060  sts_setu_m                  0.3 s  Freq=M N.periodos=391 N.reg=39
2026-09-12 15:00:25    316/ 3060  nrg_chddr2_m                0.5 s  Freq=M N.periodos=552 N.reg=1800
2026-09-12 15:00:25    317/ 3060  lfst_r_lfp2actrtn           0.3 s  Freq=Y N.periodos=27 N.reg=512
2026-09-12 15:00:25    318/ 3060  lfsa_pganws                 0.3 s  Freq=Y N.periodos=31 N.reg=38
2026-09-12 15:00:25    319/ 3060  migr_asyumwita              0.3 s  Freq=Y N.periodos=5 N.reg=33
2026-09-12 15:00:26    320/ 3060  lfsq_esgan2                 0.3 s  Freq=Q N.periodos=74 N.reg=38
2026-09-12 15:00:26    321/ 3060  env_landfp_imp              0.3 s  Freq=Y N.periodos=11 N.reg=0
2026-09-12 15:00:26    322/ 3060  lfsa_esgacob                0.3 s  Freq=Y N.periodos=31 N.reg=38
2026-09-12 15:00:27    323/ 3060  lfst_r_lfe2emprtn           0.3 s  Freq=Y N.periodos=27 N.reg=512
2026-09-12 15:00:27    324/ 3060  gov_10a_ggfa                0.3 s  Freq=Y N.periodos=31 N.reg=32
2026-09-12 15:00:27    325/ 3060  sts_intvnd_q                0.3 s  Freq=Q N.periodos=146 N.reg=41
2026-09-12 15:00:27    326/ 3060  nama_10_co3_p3              0.3 s  Freq=Y N.periodos=51 N.reg=43
2026-09-12 15:00:28    327/ 3060  hlth_silc_10                0.3 s  Freq=Y N.periodos=21 N.reg=46
2026-09-12 15:00:28    328/ 3060  lfst_r_lfsd2pop             0.2 s  Freq=Y N.periodos=27 N.reg=512
2026-09-12 15:00:28    329/ 3060  lfsa_pgauws                 0.2 s  Freq=Y N.periodos=43 N.reg=38
2026-09-12 15:00:28    330/ 3060  lfsq_eisn2                  0.3 s  Freq=Q N.periodos=74 N.reg=38
2026-09-12 15:00:29    331/ 3060  mar_go_qm_tr                0.3 s  Freq=Q N.periodos=74 N.reg=0
2026-09-12 15:00:29    332/ 3060  naio_10_fgte                0.3 s  Freq=Y N.periodos=15 N.reg=30
2026-09-12 15:00:29    333/ 3060  naio_10_pyp1620             0.3 s  Freq=Y N.periodos=32 N.reg=13
2026-09-12 15:00:29    334/ 3060  educ_uoe_grad01             0.2 s  Freq=Y N.periodos=13 N.reg=41
2026-09-12 15:00:30    335/ 3060  naio_10_pyp1630             0.3 s  Freq=Y N.periodos=32 N.reg=13
2026-09-12 15:00:30    336/ 3060  lfsa_egais                  0.3 s  Freq=Y N.periodos=43 N.reg=38
2026-09-12 15:00:30    337/ 3060  lfsa_esgan                  0.2 s  Freq=Y N.periodos=31 N.reg=38
2026-09-12 15:00:31    338/ 3060  nama_10_cp18                0.3 s  Freq=Y N.periodos=51 N.reg=37
2026-09-12 15:00:31    339/ 3060  naio_10_fgdfi               0.2 s  Freq=Y N.periodos=15 N.reg=28
2026-09-12 15:00:31    340/ 3060  proj_25rp5                  0.4 s  Freq=Y N.periodos=16 N.reg=1165
2026-09-12 15:00:31    341/ 3060  mar_go_am_be                0.3 s  Freq=Y N.periodos=29 N.reg=0
2026-09-12 15:00:32    342/ 3060  aact_eaa05_r                0.3 s  Freq=Y N.periodos=26 N.reg=332
2026-09-12 15:00:32    343/ 3060  avia_tf_apal                0.4 s  Freq=Q N.periodos=490 N.reg=0
2026-09-12 15:00:32    344/ 3060  naio_10_fgdfef              0.3 s  Freq=Y N.periodos=15 N.reg=28
2026-09-12 15:00:33    345/ 3060  lfsa_ugadra                 0.3 s  Freq=Y N.periodos=43 N.reg=38
2026-09-12 15:00:33    346/ 3060  naio_10_fgdf                0.3 s  Freq=Y N.periodos=15 N.reg=28
2026-09-12 15:00:33    347/ 3060  educ_uoe_grad02             0.3 s  Freq=Y N.periodos=15 N.reg=41
2026-09-12 15:00:33    348/ 3060  lfsa_ewh2n2                 0.3 s  Freq=Y N.periodos=18 N.reg=38
2026-09-12 15:00:34    349/ 3060  bop_rem6                    0.3 s  Freq=Y N.periodos=29 N.reg=40
2026-09-12 15:00:34    350/ 3060  lfsa_eftpt                  0.3 s  Freq=Y N.periodos=43 N.reg=38
2026-09-12 15:00:34    351/ 3060  naio_10_fgdm                0.3 s  Freq=Y N.periodos=15 N.reg=28
2026-09-12 15:00:35    352/ 3060  naio_10_fgfd                0.3 s  Freq=Y N.periodos=15 N.reg=28
2026-09-12 15:00:35    353/ 3060  naio_10_fgdem               0.2 s  Freq=Y N.periodos=15 N.reg=28
2026-09-12 15:00:35    354/ 3060  naio_10_fgdfe               0.3 s  Freq=Y N.periodos=15 N.reg=28
2026-09-12 15:00:35    355/ 3060  naio_10_fgti                0.3 s  Freq=Y N.periodos=15 N.reg=28
2026-09-12 15:00:36    356/ 3060  lfst_r_lfu2ltu              0.3 s  Freq=Y N.periodos=27 N.reg=512
2026-09-12 15:00:36    357/ 3060  hlth_silc_31                0.3 s  Freq=Y N.periodos=18 N.reg=46
2026-09-12 15:00:36    358/ 3060  hlth_silc_29                0.3 s  Freq=Y N.periodos=18 N.reg=46
2026-09-12 15:00:36    359/ 3060  env_air_gge                 0.2 s  Freq=Y N.periodos=35 N.reg=32
2026-09-12 15:00:37    360/ 3060  ei_lm_m_vtg                 0.3 s  Freq=M N.periodos=522 N.reg=38
2026-09-12 15:00:37    361/ 3060  migr_resvalid               0.3 s  Freq=Y N.periodos=18 N.reg=35
2026-09-12 15:00:37    362/ 3060  lfsq_etgan2                 0.3 s  Freq=Q N.periodos=74 N.reg=38
2026-09-12 15:00:38    363/ 3060  lfsq_etgais                 0.3 s  Freq=Q N.periodos=114 N.reg=38
2026-09-12 15:00:38    364/ 3060  educ_uoe_enrt03             0.3 s  Freq=Y N.periodos=13 N.reg=41
2026-09-12 15:00:38    365/ 3060  migr_dubreso                0.2 s  Freq=Y N.periodos=18 N.reg=33
2026-09-12 15:00:38    366/ 3060  demo_r_mwk_10               0.3 s  Freq=W N.periodos=1388 N.reg=39
2026-09-12 15:00:39    367/ 3060  migr_dubresi                0.3 s  Freq=Y N.periodos=18 N.reg=32
2026-09-12 15:00:39    368/ 3060  lfsq_argacob                0.3 s  Freq=Q N.periodos=114 N.reg=38
2026-09-12 15:00:40    369/ 3060  lfsq_agacob                 0.6 s  Freq=Q N.periodos=114 N.reg=38
2026-09-12 15:00:40    370/ 3060  hlth_silc_01                0.3 s  Freq=Y N.periodos=18 N.reg=46
2026-09-12 15:00:40    371/ 3060  nrg_cb_sff                  0.3 s  Freq=Y N.periodos=36 N.reg=44
2026-09-12 15:00:40    372/ 3060  lfsq_ergacob                0.3 s  Freq=Q N.periodos=114 N.reg=38
2026-09-12 15:00:41    373/ 3060  lfsq_egacob                 0.3 s  Freq=Q N.periodos=114 N.reg=38
2026-09-12 15:00:41    374/ 3060  lfsq_igacob                 0.3 s  Freq=Q N.periodos=114 N.reg=38
2026-09-12 15:00:41    375/ 3060  env_trdrrm                  0.3 s  Freq=Y N.periodos=22 N.reg=29
2026-09-12 15:00:41    376/ 3060  edat_lfs_9905               0.3 s  Freq=Y N.periodos=22 N.reg=38
2026-09-12 15:00:42    377/ 3060  apro_cpshr                  0.4 s  Freq=Y N.periodos=25 N.reg=649
2026-09-12 15:00:42    378/ 3060  demo_r_pjangrp3             0.4 s  Freq=Y N.periodos=12 N.reg=2141
2026-09-12 15:00:43    379/ 3060  edat_lfs_9902               0.3 s  Freq=Y N.periodos=22 N.reg=38
2026-09-12 15:00:43    380/ 3060  lfsq_pgaed                  0.3 s  Freq=Q N.periodos=114 N.reg=38
2026-09-12 15:00:43    381/ 3060  migr_reschange              0.3 s  Freq=Y N.periodos=18 N.reg=35
2026-09-12 15:00:43    382/ 3060  lfsq_etgadc                 0.3 s  Freq=Q N.periodos=114 N.reg=38
2026-09-12 15:00:44    383/ 3060  lfsa_egaisedm               0.3 s  Freq=Y N.periodos=5 N.reg=36
2026-09-12 15:00:44    384/ 3060  lfsq_argaed                 0.3 s  Freq=Q N.periodos=114 N.reg=38
2026-09-12 15:00:44    385/ 3060  sts_trtu_q                  0.2 s  Freq=Q N.periodos=142 N.reg=43
2026-09-12 15:00:45    386/ 3060  nama_10r_3empers            0.4 s  Freq=Y N.periodos=25 N.reg=1630
2026-09-12 15:00:45    387/ 3060  lfsq_ergaed                 0.3 s  Freq=Q N.periodos=114 N.reg=38
2026-09-12 15:00:45    388/ 3060  env_wastrdmp                0.3 s  Freq=Y N.periodos=22 N.reg=29
2026-09-12 15:00:45    389/ 3060  hlth_silc_21                0.3 s  Freq=Y N.periodos=23 N.reg=43
2026-09-12 15:00:46    390/ 3060  hlth_silc_22                0.3 s  Freq=Y N.periodos=23 N.reg=43
2026-09-12 15:00:46    391/ 3060  migr_asyumacta              0.2 s  Freq=Y N.periodos=5 N.reg=33
2026-09-12 15:00:46    392/ 3060  lfsq_agaed                  0.3 s  Freq=Q N.periodos=114 N.reg=38
2026-09-12 15:00:46    393/ 3060  gov_10a_taxag               0.2 s  Freq=Y N.periodos=31 N.reg=34
2026-09-12 15:00:47    394/ 3060  mar_go_qm_be                0.2 s  Freq=Q N.periodos=117 N.reg=0
2026-09-12 15:00:47    395/ 3060  lfsq_egaed                  0.3 s  Freq=Q N.periodos=114 N.reg=38
2026-09-12 15:00:47    396/ 3060  lfsa_ewpsat                 0.3 s  Freq=Y N.periodos=32 N.reg=38
2026-09-12 15:00:48    397/ 3060  lfsa_esgais                 0.4 s  Freq=Y N.periodos=43 N.reg=38
2026-09-12 15:00:48    398/ 3060  fish_ld_es                  0.3 s  Freq=Y N.periodos=33 N.reg=1
2026-09-12 15:00:48    399/ 3060  lfst_r_pgauwsc              0.3 s  Freq=Y N.periodos=31 N.reg=38
2026-09-12 15:00:49    400/ 3060  htec_emp_reg2               0.4 s  Freq=Y N.periodos=18 N.reg=512
2026-09-12 15:00:49    401/ 3060  lfsa_ewpsun                 0.2 s  Freq=Y N.periodos=32 N.reg=38
2026-09-12 15:00:49    402/ 3060  lfsq_argan                  0.3 s  Freq=Q N.periodos=114 N.reg=38
2026-09-12 15:00:49    403/ 3060  lfsq_agan                   0.2 s  Freq=Q N.periodos=114 N.reg=38
2026-09-12 15:00:50    404/ 3060  nrg_cb_rw                   0.3 s  Freq=Y N.periodos=36 N.reg=44
2026-09-12 15:00:50    405/ 3060  lfsq_ergan                  0.3 s  Freq=Q N.periodos=114 N.reg=38
2026-09-12 15:00:50    406/ 3060  lfsq_egan                   0.3 s  Freq=Q N.periodos=114 N.reg=38
2026-09-12 15:00:51    407/ 3060  lfsa_ewpeve                 0.3 s  Freq=Y N.periodos=32 N.reg=38
2026-09-12 15:00:51    408/ 3060  migr_resict3                0.3 s  Freq=Y N.periodos=9 N.reg=31
2026-09-12 15:00:51    409/ 3060  mar_go_qm                   0.3 s  Freq=Q N.periodos=118 N.reg=0
2026-09-12 15:00:51    410/ 3060  nrg_ti_bio                  0.2 s  Freq=Y N.periodos=35 N.reg=44
2026-09-12 15:00:52    411/ 3060  nrg_te_bio                  0.5 s  Freq=Y N.periodos=35 N.reg=44
2026-09-12 15:00:52    412/ 3060  prc_ppp_ind                 0.2 s  Freq=Y N.periodos=30 N.reg=55
2026-09-12 15:00:52    413/ 3060  educ_uoe_grad03             0.3 s  Freq=Y N.periodos=13 N.reg=41
2026-09-12 15:00:53    414/ 3060  educ_uoe_mobs06             0.3 s  Freq=Y N.periodos=12 N.reg=41
2026-09-12 15:00:53    415/ 3060  lfsq_igan                   0.2 s  Freq=Q N.periodos=114 N.reg=38
2026-09-12 15:00:53    416/ 3060  lfst_r_pgauwsn              0.3 s  Freq=Y N.periodos=31 N.reg=38
2026-09-12 15:00:53    417/ 3060  lfsq_e2gps                  0.2 s  Freq=Q N.periodos=114 N.reg=38
2026-09-12 15:00:54    418/ 3060  lfst_hhacwnc                0.3 s  Freq=Y N.periodos=20 N.reg=36
2026-09-12 15:00:54    419/ 3060  demo_r_mwk3_t               0.5 s  Freq=W N.periodos=1388 N.reg=1506
2026-09-12 15:00:54    420/ 3060  nasq_10_f_gl                0.3 s  Freq=Q N.periodos=109 N.reg=29
2026-09-12 15:00:55    421/ 3060  educ_uoe_mobc02             0.3 s  Freq=Y N.periodos=9 N.reg=36
2026-09-12 15:00:55    422/ 3060  sts_intv_q                  0.2 s  Freq=Q N.periodos=146 N.reg=42
2026-09-12 15:00:55    423/ 3060  demo_r_magec3               0.5 s  Freq=Y N.periodos=12 N.reg=2141
2026-09-12 15:00:56    424/ 3060  bd_l_form                   0.3 s  Freq=Y N.periodos=16 N.reg=35
2026-09-12 15:00:56    425/ 3060  lfsa_ehomp                  0.3 s  Freq=Y N.periodos=34 N.reg=38
2026-09-12 15:00:56    426/ 3060  hsw_n2_03                   0.3 s  Freq=Y N.periodos=17 N.reg=35
2026-09-12 15:00:56    427/ 3060  educ_uoe_mobs03             0.2 s  Freq=Y N.periodos=13 N.reg=41
2026-09-12 15:00:57    428/ 3060  aact_eaa01                  0.3 s  Freq=Y N.periodos=53 N.reg=37
2026-09-12 15:00:57    429/ 3060  migr_eiord2                 0.4 s  Freq=Q N.periodos=22 N.reg=32
2026-09-12 15:00:57    430/ 3060  educ_uoe_mobs02             0.3 s  Freq=Y N.periodos=13 N.reg=41
2026-09-12 15:00:58    431/ 3060  gov_10q_ggnfa               0.2 s  Freq=Q N.periodos=125 N.reg=34
2026-09-12 15:00:58    432/ 3060  lfsa_epgn62                 0.2 s  Freq=Y N.periodos=18 N.reg=38
2026-09-12 15:00:58    433/ 3060  nama_10_a64_e               0.2 s  Freq=Y N.periodos=51 N.reg=42
2026-09-12 15:00:58    434/ 3060  hlth_silc_14                0.2 s  Freq=Y N.periodos=18 N.reg=46
2026-09-12 15:00:59    435/ 3060  hlth_silc_32                0.5 s  Freq=Y N.periodos=18 N.reg=46
2026-09-12 15:00:59    436/ 3060  mar_go_am_pt                0.3 s  Freq=Y N.periodos=29 N.reg=0
2026-09-12 15:00:59    437/ 3060  iww_go_atycafl              0.3 s  Freq=Y N.periodos=12 N.reg=8
2026-09-12 15:01:00    438/ 3060  hlth_silc_30                0.2 s  Freq=Y N.periodos=18 N.reg=46
2026-09-12 15:01:00    439/ 3060  mar_go_qm_c2024             0.3 s  Freq=Q N.periodos=8 N.reg=0
2026-09-12 15:01:00    440/ 3060  hlth_silc_16                0.3 s  Freq=Y N.periodos=18 N.reg=46
2026-09-12 15:01:01    441/ 3060  hlth_sha11_hchf             0.3 s  Freq=Y N.periodos=34 N.reg=44
2026-09-12 15:01:01    442/ 3060  lfsa_ewpnig                 0.3 s  Freq=Y N.periodos=32 N.reg=38
2026-09-12 15:01:01    443/ 3060  demo_maczc                  0.3 s  Freq=Y N.periodos=18 N.reg=58
2026-09-12 15:01:01    444/ 3060  nama_10r_3gva               0.4 s  Freq=Y N.periodos=25 N.reg=1815
2026-09-12 15:01:02    445/ 3060  fish_aq2a                   0.3 s  Freq=Y N.periodos=17 N.reg=38
2026-09-12 15:01:02    446/ 3060  educ_uoe_enra03             0.2 s  Freq=Y N.periodos=13 N.reg=41
2026-09-12 15:01:02    447/ 3060  sts_selb_q                  0.3 s  Freq=Q N.periodos=147 N.reg=42
2026-09-12 15:01:03    448/ 3060  cult_trd_prt                0.3 s  Freq=Y N.periodos=21 N.reg=36
2026-09-12 15:01:03    449/ 3060  lfsq_ugad                   0.3 s  Freq=Q N.periodos=114 N.reg=38
2026-09-12 15:01:03    450/ 3060  fish_ca_atl27               0.3 s  Freq=Y N.periodos=26 N.reg=23
2026-09-12 15:01:03    451/ 3060  naidq_10_gdp                0.3 s  Freq=Q N.periodos=206 N.reg=120
2026-09-12 15:01:04    452/ 3060  lfst_r_lfe2en2              0.3 s  Freq=Y N.periodos=18 N.reg=512
2026-09-12 15:01:04    453/ 3060  aact_eaa02                  0.3 s  Freq=Y N.periodos=53 N.reg=37
2026-09-12 15:01:04    454/ 3060  mar_go_qm_fi                0.3 s  Freq=Q N.periodos=117 N.reg=0
2026-09-12 15:01:05    455/ 3060  edat_lfs_9917               0.3 s  Freq=Y N.periodos=22 N.reg=512
2026-09-12 15:01:05    456/ 3060  demo_r_mwk2_ts              0.5 s  Freq=W N.periodos=1388 N.reg=438
2026-09-12 15:01:05    457/ 3060  educ_uoe_mobg02             0.3 s  Freq=Y N.periodos=12 N.reg=41
2026-09-12 15:01:05    458/ 3060  educ_uoe_mobg03             0.2 s  Freq=Y N.periodos=12 N.reg=41
2026-09-12 15:01:06    459/ 3060  sts_intvd_q                 0.2 s  Freq=Q N.periodos=146 N.reg=41
2026-09-12 15:01:06    460/ 3060  mar_go_am_no                0.3 s  Freq=Y N.periodos=23 N.reg=0
2026-09-12 15:01:06    461/ 3060  hlth_sha11_hchp             0.2 s  Freq=Y N.periodos=34 N.reg=44
2026-09-12 15:01:07    462/ 3060  lfst_r_lfe2estat            0.3 s  Freq=Y N.periodos=27 N.reg=512
2026-09-12 15:01:07    463/ 3060  isoc_ciegi_rtx              0.3 s  Freq=Y N.periodos=15 N.reg=43
2026-09-12 15:01:07    464/ 3060  migr_resedu                 0.3 s  Freq=Y N.periodos=18 N.reg=35
2026-09-12 15:01:07    465/ 3060  mar_go_qm_pt                0.3 s  Freq=Q N.periodos=117 N.reg=0
2026-09-12 15:01:08    466/ 3060  lfst_hhacednc               0.2 s  Freq=Y N.periodos=20 N.reg=36
2026-09-12 15:01:08    467/ 3060  avia_par_tr                 0.4 s  Freq=Q N.periodos=221 N.reg=0
2026-09-12 15:01:08    468/ 3060  edat_lfs_9904               0.5 s  Freq=Y N.periodos=22 N.reg=38
2026-09-12 15:01:09    469/ 3060  lfsa_ergaedn                0.3 s  Freq=Y N.periodos=31 N.reg=38
2026-09-12 15:01:09    470/ 3060  apro_mt_pheadm              0.3 s  Freq=M N.periodos=919 N.reg=44
2026-09-12 15:01:09    471/ 3060  gov_10a_main                0.3 s  Freq=Y N.periodos=51 N.reg=34
2026-09-12 15:01:10    472/ 3060  aact_eaa02_r                0.3 s  Freq=Y N.periodos=26 N.reg=309
2026-09-12 15:01:10    473/ 3060  demo_r_pjanind3             0.5 s  Freq=Y N.periodos=12 N.reg=2122
2026-09-12 15:01:10    474/ 3060  edat_lfse_32                0.3 s  Freq=Y N.periodos=22 N.reg=38
2026-09-12 15:01:11    475/ 3060  sts_inpi_q                  0.4 s  Freq=Q N.periodos=258 N.reg=32
2026-09-12 15:01:11    476/ 3060  mar_go_am_el                0.3 s  Freq=Y N.periodos=26 N.reg=0
2026-09-12 15:01:11    477/ 3060  trng_lfs_11                 0.2 s  Freq=Y N.periodos=22 N.reg=38
2026-09-12 15:01:12    478/ 3060  avia_gor_de                 0.5 s  Freq=Q N.periodos=393 N.reg=0
2026-09-12 15:01:12    479/ 3060  lfst_r_egadu                0.3 s  Freq=Y N.periodos=31 N.reg=38
2026-09-12 15:01:12    480/ 3060  hlth_silc_23                0.3 s  Freq=Y N.periodos=18 N.reg=46
2026-09-12 15:01:13    481/ 3060  demo_pjanmarsta             0.2 s  Freq=Y N.periodos=66 N.reg=46
2026-09-12 15:01:13    482/ 3060  edat_lfs_9908               0.2 s  Freq=Y N.periodos=22 N.reg=38
2026-09-12 15:01:13    483/ 3060  edat_lfse_34                0.3 s  Freq=Y N.periodos=26 N.reg=38
2026-09-12 15:01:13    484/ 3060  bop_eu6_q                   0.3 s  Freq=Q N.periodos=137 N.reg=5
2026-09-12 15:01:14    485/ 3060  mar_go_qm_no                0.3 s  Freq=Q N.periodos=97 N.reg=0
2026-09-12 15:01:14    486/ 3060  apri_pi_outq                0.2 s  Freq=Q N.periodos=106 N.reg=33
2026-09-12 15:01:14    487/ 3060  edat_lfs_9918               0.3 s  Freq=Y N.periodos=22 N.reg=512
2026-09-12 15:01:14    488/ 3060  mar_go_qm_el                0.3 s  Freq=Q N.periodos=117 N.reg=0
2026-09-12 15:01:15    489/ 3060  migr_eiord                  0.3 s  Freq=Y N.periodos=18 N.reg=34
2026-09-12 15:01:15    490/ 3060  tour_dem_extotw             0.3 s  Freq=Y N.periodos=13 N.reg=35
2026-09-12 15:01:15    491/ 3060  namq_10_fcs                 0.3 s  Freq=Q N.periodos=194 N.reg=41
2026-09-12 15:01:16    492/ 3060  lfsq_urgaed                 0.3 s  Freq=Q N.periodos=114 N.reg=38
2026-09-12 15:01:16    493/ 3060  migr_resict1_2              0.3 s  Freq=Y N.periodos=9 N.reg=31
2026-09-12 15:01:16    494/ 3060  nama_10_gdp                 0.3 s  Freq=Y N.periodos=51 N.reg=47
2026-09-12 15:01:17    495/ 3060  avia_par_pl                 0.4 s  Freq=Q N.periodos=357 N.reg=0
2026-09-12 15:01:17    496/ 3060  lfst_r_e2pgaedcu            0.5 s  Freq=Y N.periodos=31 N.reg=38
2026-09-12 15:01:17    497/ 3060  lfst_hhindws                0.3 s  Freq=Y N.periodos=20 N.reg=36
2026-09-12 15:01:18    498/ 3060  ilc_li02                    0.2 s  Freq=Y N.periodos=31 N.reg=41
2026-09-12 15:01:18    499/ 3060  edat_lfse_31                0.3 s  Freq=Y N.periodos=22 N.reg=38
2026-09-12 15:01:18    500/ 3060  trng_lfs_10                 0.3 s  Freq=Y N.periodos=22 N.reg=38
2026-09-12 15:01:18    501/ 3060  lfsa_argaedcob              0.3 s  Freq=Y N.periodos=31 N.reg=38
2026-09-12 15:01:19    502/ 3060  avia_par_nl                 0.3 s  Freq=Q N.periodos=432 N.reg=0
2026-09-12 15:01:19    503/ 3060  hlth_silc_18                0.2 s  Freq=Y N.periodos=23 N.reg=43
2026-09-12 15:01:19    504/ 3060  lfsa_ergaedcob              0.2 s  Freq=Y N.periodos=31 N.reg=38
2026-09-12 15:01:19    505/ 3060  migr_asyacca                0.3 s  Freq=Y N.periodos=5 N.reg=33
2026-09-12 15:01:20    506/ 3060  migr_dubredaci              0.3 s  Freq=Y N.periodos=18 N.reg=33
2026-09-12 15:01:20    507/ 3060  sts_setu_q                  0.3 s  Freq=Q N.periodos=130 N.reg=41
2026-09-12 15:01:20    508/ 3060  demo_r_pjangroup            0.3 s  Freq=Y N.periodos=36 N.reg=531
2026-09-12 15:01:21    509/ 3060  avia_par_el                 0.4 s  Freq=Q N.periodos=430 N.reg=0
2026-09-12 15:01:21    510/ 3060  migr_resict1_3              0.3 s  Freq=Y N.periodos=9 N.reg=31
2026-09-12 15:01:21    511/ 3060  demo_macbc                  0.3 s  Freq=Y N.periodos=18 N.reg=53
2026-09-12 15:01:22    512/ 3060  educ_uoe_mobs01             0.3 s  Freq=Y N.periodos=13 N.reg=41
2026-09-12 15:01:22    513/ 3060  proj_19naasmr               0.3 s  Freq=Y N.periodos=82 N.reg=31
2026-09-12 15:01:22    514/ 3060  lfst_r_e2pgaednu            0.2 s  Freq=Y N.periodos=31 N.reg=38
2026-09-12 15:01:22    515/ 3060  mar_go_am_fi                0.3 s  Freq=Y N.periodos=29 N.reg=0
2026-09-12 15:01:23    516/ 3060  iww_go_actygofl             0.3 s  Freq=Y N.periodos=19 N.reg=15
2026-09-12 15:01:23    517/ 3060  mar_go_am_dk                0.2 s  Freq=Y N.periodos=28 N.reg=0
2026-09-12 15:01:23    518/ 3060  ext_tec01                   0.3 s  Freq=Y N.periodos=13 N.reg=38
2026-09-12 15:01:23    519/ 3060  hlth_silc_02                0.3 s  Freq=Y N.periodos=18 N.reg=46
2026-09-12 15:01:24    520/ 3060  hlth_silc_06                0.3 s  Freq=Y N.periodos=18 N.reg=46
2026-09-12 15:01:24    521/ 3060  hlth_silc_24                0.3 s  Freq=Y N.periodos=18 N.reg=46
2026-09-12 15:01:24    522/ 3060  migr_dubredaco              0.2 s  Freq=Y N.periodos=18 N.reg=33
2026-09-12 15:01:24    523/ 3060  nrg_d_indq_n                0.3 s  Freq=Y N.periodos=8 N.reg=34
2026-09-12 15:01:25    524/ 3060  lfsa_argaedn                0.3 s  Freq=Y N.periodos=31 N.reg=38
2026-09-12 15:01:25    525/ 3060  lfst_r_e2tgaedcu            0.3 s  Freq=Y N.periodos=31 N.reg=38
2026-09-12 15:01:25    526/ 3060  migr_imm2ctz                0.3 s  Freq=Y N.periodos=27 N.reg=48
2026-09-12 15:01:26    527/ 3060  mar_go_qm_dk                0.3 s  Freq=Q N.periodos=118 N.reg=0
2026-09-12 15:01:26    528/ 3060  lfst_r_lfu3rt               0.3 s  Freq=Y N.periodos=27 N.reg=512
2026-09-12 15:01:26    529/ 3060  lfst_r_lfu3pers             0.3 s  Freq=Y N.periodos=27 N.reg=512
2026-09-12 15:01:26    530/ 3060  hlth_silc_12                0.3 s  Freq=Y N.periodos=18 N.reg=46
2026-09-12 15:01:27    531/ 3060  env_ac_ainah_rd             0.3 s  Freq=Y N.periodos=30 N.reg=26
2026-09-12 15:01:27    532/ 3060  lfst_hhinded                0.3 s  Freq=Y N.periodos=20 N.reg=36
2026-09-12 15:01:27    533/ 3060  proj_23naasmr               0.3 s  Freq=Y N.periodos=79 N.reg=30
2026-09-12 15:01:28    534/ 3060  proj_23nalexp               0.3 s  Freq=Y N.periodos=79 N.reg=30
2026-09-12 15:01:28    535/ 3060  migr_asywitfsta             0.3 s  Freq=Y N.periodos=18 N.reg=34
2026-09-12 15:01:28    536/ 3060  apri_pi_inq                 0.2 s  Freq=Q N.periodos=106 N.reg=33
2026-09-12 15:01:28    537/ 3060  lfsq_urgacob                0.3 s  Freq=Q N.periodos=114 N.reg=38
2026-09-12 15:01:29    538/ 3060  lfsq_ugacob                 0.3 s  Freq=Q N.periodos=114 N.reg=38
2026-09-12 15:01:29    539/ 3060  educ_uoe_enrt04             0.3 s  Freq=Y N.periodos=13 N.reg=41
2026-09-12 15:01:29    540/ 3060  lfsa_epgais                 0.2 s  Freq=Y N.periodos=43 N.reg=38
2026-09-12 15:01:29    541/ 3060  lfsq_egised                 0.2 s  Freq=Q N.periodos=114 N.reg=38
2026-09-12 15:01:30    542/ 3060  nrg_ti_gas                  0.3 s  Freq=Y N.periodos=35 N.reg=44
2026-09-12 15:01:30    543/ 3060  nrg_te_gas                  0.3 s  Freq=Y N.periodos=35 N.reg=44
2026-09-12 15:01:30    544/ 3060  lfsi_sla_q                  0.3 s  Freq=Q N.periodos=94 N.reg=38
2026-09-12 15:01:30    545/ 3060  apro_cpnhr                  0.3 s  Freq=Y N.periodos=25 N.reg=649
2026-09-12 15:01:31    546/ 3060  proj_25naasmr               0.3 s  Freq=Y N.periodos=76 N.reg=30
2026-09-12 15:01:31    547/ 3060  proj_25nalexp               0.2 s  Freq=Y N.periodos=76 N.reg=30
2026-09-12 15:01:31    548/ 3060  isoc_it_ict_gd              0.3 s  Freq=Y N.periodos=25 N.reg=28
2026-09-12 15:01:31    549/ 3060  lfst_hheredch               0.2 s  Freq=Y N.periodos=20 N.reg=36
2026-09-12 15:01:32    550/ 3060  isoc_it_ict_gs              0.3 s  Freq=Y N.periodos=25 N.reg=28
2026-09-12 15:01:32    551/ 3060  educ_uoe_mobs04             0.3 s  Freq=Y N.periodos=13 N.reg=41
2026-09-12 15:01:32    552/ 3060  rd_e_berdfundr2             0.3 s  Freq=Y N.periodos=20 N.reg=45
2026-09-12 15:01:33    553/ 3060  lfsq_eegaed                 0.3 s  Freq=Q N.periodos=114 N.reg=38
2026-09-12 15:01:33    554/ 3060  migr_imm4ctb                0.3 s  Freq=Y N.periodos=17 N.reg=37
2026-09-12 15:01:33    555/ 3060  lfsq_igaed                  0.2 s  Freq=Q N.periodos=114 N.reg=38
2026-09-12 15:01:33    556/ 3060  avia_paodis                 0.3 s  Freq=Y N.periodos=17 N.reg=37
2026-09-12 15:01:34    557/ 3060  avia_par_ch                 0.3 s  Freq=Q N.periodos=482 N.reg=0
2026-09-12 15:01:34    558/ 3060  lfst_r_e2tgaednu            0.3 s  Freq=Y N.periodos=31 N.reg=38
2026-09-12 15:01:34    559/ 3060  lfsi_sup_q                  0.3 s  Freq=Q N.periodos=94 N.reg=38
2026-09-12 15:01:34    560/ 3060  avia_goodis                 0.3 s  Freq=Y N.periodos=17 N.reg=37
2026-09-12 15:01:35    561/ 3060  lfsi_educ_q                 0.3 s  Freq=Q N.periodos=70 N.reg=39
2026-09-12 15:01:35    562/ 3060  migr_asywitfina             0.5 s  Freq=Y N.periodos=18 N.reg=34
2026-09-12 15:01:35    563/ 3060  tran_sf_aviavi              0.3 s  Freq=Y N.periodos=11 N.reg=34
2026-09-12 15:01:36    564/ 3060  sprt_trd_prt                0.3 s  Freq=Y N.periodos=22 N.reg=42
2026-09-12 15:01:36    565/ 3060  hlth_cd_ainfo               0.3 s  Freq=Y N.periodos=14 N.reg=39
2026-09-12 15:01:36    566/ 3060  lfsa_egaps                  0.3 s  Freq=Y N.periodos=43 N.reg=38
2026-09-12 15:01:36    567/ 3060  nama_10_a10                 0.2 s  Freq=Y N.periodos=51 N.reg=47
2026-09-12 15:01:37    568/ 3060  lfst_r_e2sgacu              0.2 s  Freq=Y N.periodos=31 N.reg=38
2026-09-12 15:01:37    569/ 3060  env_ac_aibrid_r2            0.3 s  Freq=Y N.periodos=31 N.reg=33
2026-09-12 15:01:37    570/ 3060  migr_resict1_1              0.3 s  Freq=Y N.periodos=9 N.reg=32
2026-09-12 15:01:38    571/ 3060  sts_sepr_m                  0.5 s  Freq=M N.periodos=319 N.reg=34
2026-09-12 15:01:38    572/ 3060  lfsq_urgan                  0.3 s  Freq=Q N.periodos=114 N.reg=38
2026-09-12 15:01:38    573/ 3060  lfsq_ugan                   0.3 s  Freq=Q N.periodos=114 N.reg=38
2026-09-12 15:01:39    574/ 3060  avia_par_no                 0.3 s  Freq=Q N.periodos=393 N.reg=0
2026-09-12 15:01:39    575/ 3060  env_ac_mfa                  0.4 s  Freq=Y N.periodos=36 N.reg=36
2026-09-12 15:01:39    576/ 3060  demo_r_mwk_20               0.4 s  Freq=W N.periodos=1388 N.reg=39
2026-09-12 15:01:40    577/ 3060  env_air_emis                0.2 s  Freq=Y N.periodos=45 N.reg=33
2026-09-12 15:01:40    578/ 3060  migr_ressrntf               0.4 s  Freq=Y N.periodos=7 N.reg=32
2026-09-12 15:01:40    579/ 3060  mar_go_qm_c2026             0.2 s  Freq=Q N.periodos=6 N.reg=0
2026-09-12 15:01:41    580/ 3060  lfsa_erganedm               0.2 s  Freq=Y N.periodos=5 N.reg=36
2026-09-12 15:01:41    581/ 3060  lfsa_eegan2                 0.3 s  Freq=Y N.periodos=18 N.reg=38
2026-09-12 15:01:41    582/ 3060  isoc_ciegi_ac               0.3 s  Freq=Y N.periodos=18 N.reg=44
2026-09-12 15:01:41    583/ 3060  edat_lfs_9912               0.2 s  Freq=Y N.periodos=22 N.reg=38
2026-09-12 15:01:42    584/ 3060  sbs_r_nuts2021              0.3 s  Freq=Y N.periodos=4 N.reg=410
2026-09-12 15:01:42    585/ 3060  naio_10_pyp1750             0.3 s  Freq=Y N.periodos=17 N.reg=4
2026-09-12 15:01:42    586/ 3060  proj_19nalexp               0.3 s  Freq=Y N.periodos=82 N.reg=31
2026-09-12 15:01:42    587/ 3060  avia_par_pt                 0.3 s  Freq=Q N.periodos=384 N.reg=0
2026-09-12 15:01:43    588/ 3060  lfst_r_lfe2eedu             0.2 s  Freq=Y N.periodos=27 N.reg=512
2026-09-12 15:01:43    589/ 3060  lfsa_epgaed                 0.3 s  Freq=Y N.periodos=43 N.reg=38
2026-09-12 15:01:43    590/ 3060  migr_asytpfa                0.4 s  Freq=Y N.periodos=4 N.reg=32
2026-09-12 15:01:44    591/ 3060  rd_e_berdcostr2             0.3 s  Freq=Y N.periodos=20 N.reg=45
2026-09-12 15:01:44    592/ 3060  prc_hicp_apc                0.3 s  Freq=Y N.periodos=25 N.reg=34
2026-09-12 15:01:44    593/ 3060  lfsq_etgaed                 0.3 s  Freq=Q N.periodos=114 N.reg=38
2026-09-12 15:01:45    594/ 3060  lfsa_egan2                  0.3 s  Freq=Y N.periodos=18 N.reg=38
2026-09-12 15:01:45    595/ 3060  demo_marstac                0.3 s  Freq=Y N.periodos=18 N.reg=56
2026-09-12 15:01:45    596/ 3060  avia_gor_fr                 0.5 s  Freq=Q N.periodos=400 N.reg=0
2026-09-12 15:01:46    597/ 3060  lfst_r_e2sganu              0.3 s  Freq=Y N.periodos=31 N.reg=38
2026-09-12 15:01:46    598/ 3060  naio_10_fgtex               0.3 s  Freq=Y N.periodos=15 N.reg=51
2026-09-12 15:01:46    599/ 3060  educ_uoe_mobc03             0.2 s  Freq=Y N.periodos=9 N.reg=35
2026-09-12 15:01:46    600/ 3060  naio_10_fgfeie              0.3 s  Freq=Y N.periodos=15 N.reg=28
2026-09-12 15:01:47    601/ 3060  naio_10_fgfoee              0.3 s  Freq=Y N.periodos=15 N.reg=28
2026-09-12 15:01:47    602/ 3060  hrst_st_rsec2               0.3 s  Freq=Y N.periodos=18 N.reg=161
2026-09-12 15:01:47    603/ 3060  lfst_r_aredcobu             0.2 s  Freq=Y N.periodos=31 N.reg=38
2026-09-12 15:01:47    604/ 3060  ilc_li06                    0.3 s  Freq=Y N.periodos=23 N.reg=40
2026-09-12 15:01:48    605/ 3060  lfst_hheredty               0.2 s  Freq=Y N.periodos=20 N.reg=36
2026-09-12 15:01:48    606/ 3060  ilc_di16                    0.3 s  Freq=Y N.periodos=23 N.reg=46
2026-09-12 15:01:48    607/ 3060  lfst_r_eredcobu             0.3 s  Freq=Y N.periodos=31 N.reg=38
2026-09-12 15:01:49    608/ 3060  edat_lfs_9911               0.3 s  Freq=Y N.periodos=22 N.reg=38
2026-09-12 15:01:49    609/ 3060  une_rt_m                    0.2 s  Freq=M N.periodos=524 N.reg=38
2026-09-12 15:01:49    610/ 3060  educ_uoe_enra02             0.3 s  Freq=Y N.periodos=13 N.reg=41
2026-09-12 15:01:49    611/ 3060  demo_r_pjanind2             0.3 s  Freq=Y N.periodos=36 N.reg=518
2026-09-12 15:01:50    612/ 3060  lfsa_eegais                 0.3 s  Freq=Y N.periodos=43 N.reg=38
2026-09-12 15:01:50    613/ 3060  demo_pjan                   0.3 s  Freq=Y N.periodos=66 N.reg=59
2026-09-12 15:01:50    614/ 3060  avia_gor_es                 0.4 s  Freq=Q N.periodos=432 N.reg=0
2026-09-12 15:01:51    615/ 3060  hlth_sha11_hphf             0.3 s  Freq=Y N.periodos=34 N.reg=44
2026-09-12 15:01:51    616/ 3060  jvs_q_r21                   0.3 s  Freq=Q N.periodos=102 N.reg=35
2026-09-12 15:01:51    617/ 3060  prc_hicp_ainr               0.3 s  Freq=Y N.periodos=30 N.reg=46
2026-09-12 15:01:52    618/ 3060  demo_r_pjanaggr3            0.4 s  Freq=Y N.periodos=36 N.reg=2195
2026-09-12 15:01:52    619/ 3060  isoc_ec_eseln2              0.3 s  Freq=Y N.periodos=17 N.reg=42
2026-09-12 15:01:52    620/ 3060  env_ac_rmefd                0.3 s  Freq=Y N.periodos=16 N.reg=1
2026-09-12 15:01:52    621/ 3060  hlth_sha11_hffs             0.3 s  Freq=Y N.periodos=34 N.reg=27
2026-09-12 15:01:53    622/ 3060  ext_tec06                   0.3 s  Freq=Y N.periodos=13 N.reg=38
2026-09-12 15:01:53    623/ 3060  avia_tf_airpm               0.3 s  Freq=M N.periodos=92 N.reg=0
2026-09-12 15:01:53    624/ 3060  gov_10dd_ggd                0.3 s  Freq=Y N.periodos=31 N.reg=28
2026-09-12 15:01:54    625/ 3060  jvs_q_nace2                 0.3 s  Freq=Q N.periodos=100 N.reg=36
2026-09-12 15:01:54    626/ 3060  migr_resict2_2              0.2 s  Freq=Y N.periodos=9 N.reg=32
2026-09-12 15:01:54    627/ 3060  env_egss_emp                0.3 s  Freq=Y N.periodos=17 N.reg=30
2026-09-12 15:01:54    628/ 3060  lfsa_esgaed                 0.3 s  Freq=Y N.periodos=43 N.reg=38
2026-09-12 15:01:55    629/ 3060  lfsa_etgar                  0.2 s  Freq=Y N.periodos=43 N.reg=38
2026-09-12 15:01:55    630/ 3060  lfst_r_arednu               0.3 s  Freq=Y N.periodos=31 N.reg=38
2026-09-12 15:01:55    631/ 3060  lfsa_pganedm                0.2 s  Freq=Y N.periodos=5 N.reg=36
2026-09-12 15:01:55    632/ 3060  migr_pop2ctz                0.3 s  Freq=Y N.periodos=28 N.reg=45
2026-09-12 15:01:56    633/ 3060  avia_par_se                 0.6 s  Freq=Q N.periodos=358 N.reg=0
2026-09-12 15:01:56    634/ 3060  namq_10_exi                 0.4 s  Freq=Q N.periodos=194 N.reg=44
2026-09-12 15:01:57    635/ 3060  educ_uoe_ent01              0.4 s  Freq=Y N.periodos=13 N.reg=39
2026-09-12 15:01:57    636/ 3060  avia_gor_it                 0.5 s  Freq=Q N.periodos=430 N.reg=0
2026-09-12 15:01:58    637/ 3060  edat_lfs_9913               0.3 s  Freq=Y N.periodos=22 N.reg=38
2026-09-12 15:01:58    638/ 3060  fish_ld_fr                  0.2 s  Freq=Y N.periodos=26 N.reg=1
2026-09-12 15:01:58    639/ 3060  ext_st_eftacc               0.3 s  Freq=M N.periodos=294 N.reg=12
2026-09-12 15:01:58    640/ 3060  ilc_di05                    0.3 s  Freq=Y N.periodos=30 N.reg=47
2026-09-12 15:01:59    641/ 3060  lfst_r_erednu               0.3 s  Freq=Y N.periodos=31 N.reg=38
2026-09-12 15:01:59    642/ 3060  fish_ld_pt                  0.3 s  Freq=Y N.periodos=33 N.reg=1
2026-09-12 15:01:59    643/ 3060  tour_dem_expw               0.2 s  Freq=Y N.periodos=5 N.reg=32
2026-09-12 15:01:59    644/ 3060  ilc_li04                    0.2 s  Freq=Y N.periodos=20 N.reg=40
2026-09-12 15:02:00    645/ 3060  mar_go_qmc                  0.4 s  Freq=Q N.periodos=118 N.reg=0
2026-09-12 15:02:00    646/ 3060  road_go_ia_rc               0.3 s  Freq=Y N.periodos=27 N.reg=36
2026-09-12 15:02:00    647/ 3060  migr_pop4ctb                0.3 s  Freq=Y N.periodos=28 N.reg=45
2026-09-12 15:02:01    648/ 3060  hsw_n2_04                   0.3 s  Freq=Y N.periodos=17 N.reg=35
2026-09-12 15:02:01    649/ 3060  lfsq_igaww                  0.2 s  Freq=Q N.periodos=114 N.reg=38
2026-09-12 15:02:01    650/ 3060  lfsi_pt_q                   0.2 s  Freq=Q N.periodos=94 N.reg=38
2026-09-12 15:02:02    651/ 3060  road_go_ta_ru               0.5 s  Freq=Y N.periodos=27 N.reg=37
2026-09-12 15:02:02    652/ 3060  nrg_cb_gas                  0.3 s  Freq=Y N.periodos=36 N.reg=44
2026-09-12 15:02:02    653/ 3060  lfsi_emp_q                  0.3 s  Freq=Q N.periodos=94 N.reg=38
2026-09-12 15:02:02    654/ 3060  demo_magec                  0.3 s  Freq=Y N.periodos=65 N.reg=60
2026-09-12 15:02:03    655/ 3060  ext_tec08                   0.3 s  Freq=Y N.periodos=13 N.reg=37
2026-09-12 15:02:03    656/ 3060  lfsa_arganedm               0.3 s  Freq=Y N.periodos=5 N.reg=36
2026-09-12 15:02:03    657/ 3060  naio_10_fgfoie              0.3 s  Freq=Y N.periodos=15 N.reg=1
2026-09-12 15:02:04    658/ 3060  road_go_ta_rl               0.4 s  Freq=Y N.periodos=27 N.reg=37
2026-09-12 15:02:04    659/ 3060  htec_emp_risced2            0.3 s  Freq=Y N.periodos=18 N.reg=161
2026-09-12 15:02:04    660/ 3060  rd_p_persreg                0.3 s  Freq=Y N.periodos=45 N.reg=635
2026-09-12 15:02:04    661/ 3060  sts_inpr_a                  0.2 s  Freq=Y N.periodos=73 N.reg=42
2026-09-12 15:02:05    662/ 3060  edat_lfse_04                0.3 s  Freq=Y N.periodos=26 N.reg=512
2026-09-12 15:02:05    663/ 3060  demo_maeduc                 0.3 s  Freq=Y N.periodos=18 N.reg=55
2026-09-12 15:02:05    664/ 3060  ilc_di15                    0.3 s  Freq=Y N.periodos=23 N.reg=46
2026-09-12 15:02:05    665/ 3060  migr_resfrps1               0.2 s  Freq=Y N.periodos=10 N.reg=30
2026-09-12 15:02:06    666/ 3060  htec_emp_risco2             0.3 s  Freq=Y N.periodos=18 N.reg=161
2026-09-12 15:02:06    667/ 3060  lfsq_pgaied                 0.3 s  Freq=Q N.periodos=114 N.reg=38
2026-09-12 15:02:06    668/ 3060  migr_imm9ctz                0.3 s  Freq=Y N.periodos=12 N.reg=37
2026-09-12 15:02:07    669/ 3060  hlth_silc_27                0.4 s  Freq=Y N.periodos=18 N.reg=46
2026-09-12 15:02:07    670/ 3060  apro_ec_poulm               0.3 s  Freq=M N.periodos=715 N.reg=39
2026-09-12 15:02:07    671/ 3060  naio_10_fcp_s4              0.2 s  Freq=Y N.periodos=3 N.reg=50
2026-09-12 15:02:08    672/ 3060  isoc_ci_ifp_fu              0.2 s  Freq=Y N.periodos=23 N.reg=44
2026-09-12 15:02:08    673/ 3060  migr_asyumwfna              0.3 s  Freq=Y N.periodos=5 N.reg=33
2026-09-12 15:02:08    674/ 3060  migr_dubduni                0.2 s  Freq=Y N.periodos=12 N.reg=33
2026-09-12 15:02:08    675/ 3060  gov_10q_ggdebt              0.3 s  Freq=Q N.periodos=129 N.reg=32
2026-09-12 15:02:09    676/ 3060  bop_fdi6_geo                0.3 s  Freq=Y N.periodos=18 N.reg=42
2026-09-12 15:02:09    677/ 3060  hlth_silc_20                0.3 s  Freq=Y N.periodos=23 N.reg=43
2026-09-12 15:02:09    678/ 3060  prc_hicp_aind               0.3 s  Freq=Y N.periodos=30 N.reg=45
2026-09-12 15:02:09    679/ 3060  edat_lfs_9919               0.2 s  Freq=Y N.periodos=5 N.reg=36
2026-09-12 15:02:10    680/ 3060  migr_pop9ctz                0.3 s  Freq=Y N.periodos=11 N.reg=30
2026-09-12 15:02:10    681/ 3060  hsw_n2_07                   0.3 s  Freq=Y N.periodos=17 N.reg=35
2026-09-12 15:02:10    682/ 3060  educ_uoe_grad10             0.3 s  Freq=Y N.periodos=12 N.reg=41
2026-09-12 15:02:10    683/ 3060  isoc_cicce_usen2            0.3 s  Freq=Y N.periodos=10 N.reg=41
2026-09-12 15:02:11    684/ 3060  urb_cpop1                   0.3 s  Freq=Y N.periodos=37 N.reg=0
2026-09-12 15:02:11    685/ 3060  migr_asytpwq                0.3 s  Freq=Q N.periodos=18 N.reg=33
2026-09-12 15:02:11    686/ 3060  tran_sf_aviaac              0.3 s  Freq=Y N.periodos=11 N.reg=34
2026-09-12 15:02:12    687/ 3060  bop_gdp6_q                  0.3 s  Freq=Q N.periodos=176 N.reg=44
2026-09-12 15:02:12    688/ 3060  avia_par_be                 0.4 s  Freq=Q N.periodos=403 N.reg=0
2026-09-12 15:02:12    689/ 3060  lfsa_esgan2                 0.3 s  Freq=Y N.periodos=18 N.reg=38
2026-09-12 15:02:13    690/ 3060  ext_tec07                   0.3 s  Freq=Y N.periodos=13 N.reg=36
2026-09-12 15:02:13    691/ 3060  migr_asyumwifa              0.3 s  Freq=Y N.periodos=5 N.reg=33
2026-09-12 15:02:13    692/ 3060  env_ac_taxind2              0.3 s  Freq=Y N.periodos=30 N.reg=36
2026-09-12 15:02:13    693/ 3060  spr_exp_fsi                 0.2 s  Freq=Y N.periodos=35 N.reg=47
2026-09-12 15:02:14    694/ 3060  prc_hicp_admp               0.3 s  Freq=Y N.periodos=10 N.reg=36
2026-09-12 15:02:14    695/ 3060  migr_resbc5                 0.2 s  Freq=Y N.periodos=2 N.reg=25
2026-09-12 15:02:14    696/ 3060  migr_resbc6                 0.3 s  Freq=Y N.periodos=2 N.reg=26
2026-09-12 15:02:14    697/ 3060  lfsa_egdn2                  0.3 s  Freq=Y N.periodos=18 N.reg=38
2026-09-12 15:02:15    698/ 3060  fish_ld_no                  0.2 s  Freq=Y N.periodos=31 N.reg=1
2026-09-12 15:02:15    699/ 3060  avia_par_ie                 0.4 s  Freq=Q N.periodos=431 N.reg=0
2026-09-12 15:02:15    700/ 3060  spr_exp_fdi                 0.2 s  Freq=Y N.periodos=35 N.reg=47
2026-09-12 15:02:16    701/ 3060  tour_cap_nuts2dc            0.3 s  Freq=Y N.periodos=15 N.reg=468
2026-09-12 15:02:16    702/ 3060  isoc_sk_dskl_i21            0.3 s  Freq=Y N.periodos=3 N.reg=39
2026-09-12 15:02:16    703/ 3060  lfsa_igar                   0.3 s  Freq=Y N.periodos=34 N.reg=38
2026-09-12 15:02:17    704/ 3060  isoc_eb_ain2                0.3 s  Freq=Y N.periodos=4 N.reg=36
2026-09-12 15:02:17    705/ 3060  spr_exp_fun                 0.3 s  Freq=Y N.periodos=35 N.reg=47
2026-09-12 15:02:17    706/ 3060  migr_asyumtpwq              0.3 s  Freq=Q N.periodos=18 N.reg=33
2026-09-12 15:02:17    707/ 3060  educ_uoe_ent02              0.3 s  Freq=Y N.periodos=13 N.reg=39
2026-09-12 15:02:18    708/ 3060  mar_go_am_pl                0.2 s  Freq=Y N.periodos=25 N.reg=0
2026-09-12 15:02:18    709/ 3060  naidq_10_a10                0.3 s  Freq=Q N.periodos=206 N.reg=56
2026-09-12 15:02:18    710/ 3060  ext_tec03                   0.2 s  Freq=Y N.periodos=13 N.reg=38
2026-09-12 15:02:19    711/ 3060  hsw_mi02                    0.5 s  Freq=Y N.periodos=17 N.reg=35
2026-09-12 15:02:19    712/ 3060  avia_par_at                 0.4 s  Freq=Q N.periodos=399 N.reg=0
2026-09-12 15:02:19    713/ 3060  migr_imm10ctb               0.3 s  Freq=Y N.periodos=12 N.reg=37
2026-09-12 15:02:19    714/ 3060  educ_uoe_ent03              0.3 s  Freq=Y N.periodos=13 N.reg=39
2026-09-12 15:02:20    715/ 3060  sts_inppnd_a                0.3 s  Freq=Y N.periodos=64 N.reg=41
2026-09-12 15:02:20    716/ 3060  migr_acq1ctz                0.3 s  Freq=Y N.periodos=12 N.reg=37
2026-09-12 15:02:20    717/ 3060  spr_exp_ffa                 0.3 s  Freq=Y N.periodos=35 N.reg=47
2026-09-12 15:02:21    718/ 3060  fish_ld_dk                  0.3 s  Freq=Y N.periodos=33 N.reg=1
2026-09-12 15:02:21    719/ 3060  lfsa_ergacob                0.3 s  Freq=Y N.periodos=31 N.reg=38
2026-09-12 15:02:21    720/ 3060  demo_mager                  0.3 s  Freq=Y N.periodos=65 N.reg=61
2026-09-12 15:02:21    721/ 3060  nama_10_lp_a21              0.2 s  Freq=Y N.periodos=51 N.reg=43
2026-09-12 15:02:22    722/ 3060  demo_r_fagec                0.4 s  Freq=Y N.periodos=35 N.reg=521
2026-09-12 15:02:22    723/ 3060  hlth_silc_07                0.2 s  Freq=Y N.periodos=18 N.reg=46
2026-09-12 15:02:22    724/ 3060  apro_mt_pwgtm               0.3 s  Freq=M N.periodos=919 N.reg=44
2026-09-12 15:02:23    725/ 3060  mar_pa_qm                   0.3 s  Freq=Q N.periodos=118 N.reg=0
2026-09-12 15:02:23    726/ 3060  lfsa_etgais                 0.2 s  Freq=Y N.periodos=43 N.reg=38
2026-09-12 15:02:23    727/ 3060  lfsa_eisn2                  0.2 s  Freq=Y N.periodos=18 N.reg=38
2026-09-12 15:02:24    728/ 3060  edat_lfs_9906               0.4 s  Freq=Y N.periodos=22 N.reg=38
2026-09-12 15:02:24    729/ 3060  nrg_ind_peh                 0.2 s  Freq=Y N.periodos=35 N.reg=43
2026-09-12 15:02:24    730/ 3060  fish_fleet_alt              0.2 s  Freq=Y N.periodos=36 N.reg=26
2026-09-12 15:02:24    731/ 3060  isoc_ec_ib20                0.2 s  Freq=Y N.periodos=6 N.reg=40
2026-09-12 15:02:25    732/ 3060  isoc_ci_ifp_iu              0.2 s  Freq=Y N.periodos=24 N.reg=44
2026-09-12 15:02:25    733/ 3060  migr_asyumresa              0.3 s  Freq=Y N.periodos=5 N.reg=32
2026-09-12 15:02:25    734/ 3060  lfsa_ergan                  0.4 s  Freq=Y N.periodos=31 N.reg=38
2026-09-12 15:02:25    735/ 3060  demo_mlexpec                0.2 s  Freq=Y N.periodos=65 N.reg=57
2026-09-12 15:02:26    736/ 3060  educ_uoe_enra12             0.3 s  Freq=Y N.periodos=12 N.reg=478
2026-09-12 15:02:26    737/ 3060  isoc_ciwebn2                0.3 s  Freq=Y N.periodos=15 N.reg=42
2026-09-12 15:02:26    738/ 3060  sts_selb_m                  0.3 s  Freq=M N.periodos=391 N.reg=9
2026-09-12 15:02:27    739/ 3060  migr_resfrps2               0.3 s  Freq=Y N.periodos=10 N.reg=30
2026-09-12 15:02:27    740/ 3060  ext_tec09                   0.3 s  Freq=Y N.periodos=13 N.reg=38
2026-09-12 15:02:27    741/ 3060  lfsa_etgan2                 0.3 s  Freq=Y N.periodos=18 N.reg=38
2026-09-12 15:02:27    742/ 3060  edat_lfs_9907               0.3 s  Freq=Y N.periodos=22 N.reg=38
2026-09-12 15:02:28    743/ 3060  lfst_r_lfu2gac              0.4 s  Freq=Y N.periodos=27 N.reg=512
2026-09-12 15:02:28    744/ 3060  lfst_r_lfur2gac             0.3 s  Freq=Y N.periodos=27 N.reg=512
2026-09-12 15:02:28    745/ 3060  mar_go_qm_ie                0.2 s  Freq=Q N.periodos=117 N.reg=0
2026-09-12 15:02:29    746/ 3060  migr_imm11prv               0.5 s  Freq=Y N.periodos=12 N.reg=37
2026-09-12 15:02:29    747/ 3060  migr_ressrltm               0.2 s  Freq=Y N.periodos=7 N.reg=32
2026-09-12 15:02:29    748/ 3060  avia_par_dk                 0.3 s  Freq=Q N.periodos=376 N.reg=0
2026-09-12 15:02:30    749/ 3060  lfsa_etgadc                 0.3 s  Freq=Y N.periodos=43 N.reg=38
2026-09-12 15:02:30    750/ 3060  mar_go_qm_pl                0.2 s  Freq=Q N.periodos=89 N.reg=0
2026-09-12 15:02:30    751/ 3060  educ_uoe_enrs10             0.3 s  Freq=Y N.periodos=12 N.reg=41
2026-09-12 15:02:31    752/ 3060  demo_r_frate2               0.3 s  Freq=Y N.periodos=35 N.reg=507
2026-09-12 15:02:31    753/ 3060  demo_r_gind3                0.4 s  Freq=Y N.periodos=27 N.reg=2133
2026-09-12 15:02:31    754/ 3060  tour_occ_nin2m              0.3 s  Freq=Y N.periodos=6 N.reg=804
2026-09-12 15:02:32    755/ 3060  sts_inlb_a                  0.3 s  Freq=Y N.periodos=36 N.reg=41
2026-09-12 15:02:32    756/ 3060  hlth_dhc050                 0.3 s  Freq=Y N.periodos=16 N.reg=46
2026-09-12 15:02:32    757/ 3060  spr_exp_fol                 0.2 s  Freq=Y N.periodos=35 N.reg=47
2026-09-12 15:02:32    758/ 3060  une_rt_q                    0.3 s  Freq=Q N.periodos=94 N.reg=38
2026-09-12 15:02:33    759/ 3060  hlth_silc_28                0.3 s  Freq=Y N.periodos=18 N.reg=46
2026-09-12 15:02:33    760/ 3060  prc_hicp_iw                 0.3 s  Freq=Y N.periodos=31 N.reg=46
2026-09-12 15:02:33    761/ 3060  lfsa_e2gps                  0.3 s  Freq=Y N.periodos=43 N.reg=38
2026-09-12 15:02:33    762/ 3060  lfsa_qoe_4a2                0.3 s  Freq=Y N.periodos=26 N.reg=38
2026-09-12 15:02:34    763/ 3060  avia_par_ro                 0.5 s  Freq=Q N.periodos=356 N.reg=0
2026-09-12 15:02:34    764/ 3060  migr_asyumacca              0.3 s  Freq=Y N.periodos=5 N.reg=33
2026-09-12 15:02:34    765/ 3060  lfsa_eseged                 0.2 s  Freq=Y N.periodos=15 N.reg=38
2026-09-12 15:02:35    766/ 3060  lfsa_ergaed                 0.3 s  Freq=Y N.periodos=43 N.reg=38
2026-09-12 15:02:35    767/ 3060  lfsa_argacob                0.3 s  Freq=Y N.periodos=31 N.reg=38
2026-09-12 15:02:35    768/ 3060  educ_uoe_enrt02             0.2 s  Freq=Y N.periodos=13 N.reg=41
2026-09-12 15:02:35    769/ 3060  lfst_r_lfu2gan              0.3 s  Freq=Y N.periodos=27 N.reg=512
2026-09-12 15:02:36    770/ 3060  lfst_r_lfur2gan             0.3 s  Freq=Y N.periodos=27 N.reg=512
2026-09-12 15:02:36    771/ 3060  nrg_ti_eh                   0.3 s  Freq=Y N.periodos=35 N.reg=44
2026-09-12 15:02:36    772/ 3060  nrg_te_eh                   0.3 s  Freq=Y N.periodos=35 N.reg=44
2026-09-12 15:02:37    773/ 3060  lfsq_sup_age                0.2 s  Freq=Q N.periodos=82 N.reg=38
2026-09-12 15:02:37    774/ 3060  migr_asyumtpfa              0.2 s  Freq=Y N.periodos=4 N.reg=29
2026-09-12 15:02:37    775/ 3060  apro_mt_ls_r                0.3 s  Freq=Y N.periodos=49 N.reg=556
2026-09-12 15:02:37    776/ 3060  ext_tec10                   0.3 s  Freq=Y N.periodos=13 N.reg=38
2026-09-12 15:02:38    777/ 3060  lfsa_argan                  0.3 s  Freq=Y N.periodos=31 N.reg=38
2026-09-12 15:02:38    778/ 3060  lfsa_pgaccpm                0.3 s  Freq=Y N.periodos=5 N.reg=36
2026-09-12 15:02:38    779/ 3060  lfsq_ewhun21                0.3 s  Freq=Q N.periodos=2 N.reg=36
2026-09-12 15:02:39    780/ 3060  sts_trlb_q                  0.4 s  Freq=Q N.periodos=147 N.reg=42
2026-09-12 15:02:39    781/ 3060  lfst_r_lfp2acedu            0.3 s  Freq=Y N.periodos=27 N.reg=512
2026-09-12 15:02:39    782/ 3060  avia_gor_be                 0.4 s  Freq=Q N.periodos=397 N.reg=0
2026-09-12 15:02:40    783/ 3060  lfsq_ewhan21                0.3 s  Freq=Q N.periodos=2 N.reg=36
2026-09-12 15:02:40    784/ 3060  sts_inppd_a                 0.3 s  Freq=Y N.periodos=51 N.reg=41
2026-09-12 15:02:40    785/ 3060  hsw_n2_01                   0.2 s  Freq=Y N.periodos=17 N.reg=35
2026-09-12 15:02:40    786/ 3060  lfsi_long_q                 0.3 s  Freq=Q N.periodos=93 N.reg=37
2026-09-12 15:02:41    787/ 3060  lfsa_pgaed                  0.2 s  Freq=Y N.periodos=43 N.reg=38
2026-09-12 15:02:41    788/ 3060  urb_lpop1                   0.3 s  Freq=Y N.periodos=37 N.reg=0
2026-09-12 15:02:41    789/ 3060  apri_pi_outa                0.2 s  Freq=Y N.periodos=32 N.reg=34
2026-09-12 15:02:41    790/ 3060  lfsa_argaed                 0.2 s  Freq=Y N.periodos=43 N.reg=38
2026-09-12 15:02:42    791/ 3060  lfsa_ugad                   0.2 s  Freq=Y N.periodos=43 N.reg=38
2026-09-12 15:02:42    792/ 3060  lfsa_agaed                  0.3 s  Freq=Y N.periodos=43 N.reg=38
2026-09-12 15:02:42    793/ 3060  lfsa_egaed                  0.2 s  Freq=Y N.periodos=43 N.reg=38
2026-09-12 15:02:42    794/ 3060  hrst_st_nsecsex2            0.3 s  Freq=Y N.periodos=18 N.reg=38
2026-09-12 15:02:43    795/ 3060  migr_imm7ctb                0.3 s  Freq=Y N.periodos=17 N.reg=35
2026-09-12 15:02:43    796/ 3060  migr_dubrinfo               0.2 s  Freq=Y N.periodos=18 N.reg=33
2026-09-12 15:02:43    797/ 3060  lfst_r_lfp2act              0.3 s  Freq=Y N.periodos=27 N.reg=512
2026-09-12 15:02:43    798/ 3060  lfst_r_lfe2emprt            0.3 s  Freq=Y N.periodos=27 N.reg=512
2026-09-12 15:02:44    799/ 3060  lfst_r_lfe2emp              0.3 s  Freq=Y N.periodos=27 N.reg=512
2026-09-12 15:02:44    800/ 3060  sts_cobp_m                  0.3 s  Freq=M N.periodos=391 N.reg=20
2026-09-12 15:02:44    801/ 3060  migr_dubrinfi               0.3 s  Freq=Y N.periodos=18 N.reg=33
2026-09-12 15:02:45    802/ 3060  migr_imm6ctz                0.3 s  Freq=Y N.periodos=17 N.reg=35
2026-09-12 15:02:45    803/ 3060  nama_10r_2lp10              0.3 s  Freq=Y N.periodos=25 N.reg=395
2026-09-12 15:02:45    804/ 3060  lfsa_agan                   0.3 s  Freq=Y N.periodos=31 N.reg=38
2026-09-12 15:02:45    805/ 3060  lfsa_esega                  0.3 s  Freq=Y N.periodos=15 N.reg=38
2026-09-12 15:02:46    806/ 3060  migr_pop7ctz                0.3 s  Freq=Y N.periodos=12 N.reg=43
2026-09-12 15:02:46    807/ 3060  tour_occ_arnraw             0.2 s  Freq=Y N.periodos=36 N.reg=45
2026-09-12 15:02:46    808/ 3060  lfsa_egan                   0.2 s  Freq=Y N.periodos=31 N.reg=38
2026-09-12 15:02:46    809/ 3060  tour_occ_ninraw             0.3 s  Freq=Y N.periodos=36 N.reg=44
2026-09-12 15:02:47    810/ 3060  lfsa_igan                   0.6 s  Freq=Y N.periodos=31 N.reg=38
2026-09-12 15:02:47    811/ 3060  edat_lfs_9915               0.6 s  Freq=Y N.periodos=22 N.reg=38
2026-09-12 15:02:49    812/ 3060  tour_occ_nin2               1.1 s  Freq=Y N.periodos=36 N.reg=1870
2026-09-12 15:02:49    813/ 3060  lfsa_esegn2                 0.3 s  Freq=Y N.periodos=15 N.reg=38
2026-09-12 15:02:49    814/ 3060  nama_10_cp_a21              0.5 s  Freq=Y N.periodos=51 N.reg=32
2026-09-12 15:02:50    815/ 3060  une_educ_q                  0.8 s  Freq=Q N.periodos=70 N.reg=38
2026-09-12 15:02:50    816/ 3060  nama_10_an6                 0.3 s  Freq=Y N.periodos=51 N.reg=46
2026-09-12 15:02:51    817/ 3060  hsw_n2_06                   0.3 s  Freq=Y N.periodos=17 N.reg=35
2026-09-12 15:02:51    818/ 3060  lfsq_e2gis                  0.3 s  Freq=Q N.periodos=114 N.reg=38
2026-09-12 15:02:51    819/ 3060  hrst_st_nsec2               0.3 s  Freq=Y N.periodos=18 N.reg=38
2026-09-12 15:02:51    820/ 3060  mips_sa                     0.3 s  Freq=Y N.periodos=24 N.reg=30
2026-09-12 15:02:52    821/ 3060  namq_10_pc                  0.3 s  Freq=Q N.periodos=186 N.reg=41
2026-09-12 15:02:52    822/ 3060  lfst_r_lfp2actrt            0.3 s  Freq=Y N.periodos=27 N.reg=512
2026-09-12 15:02:52    823/ 3060  mar_go_am_lv                0.3 s  Freq=Y N.periodos=22 N.reg=0
2026-09-12 15:02:53    824/ 3060  mar_go_am_ro                0.6 s  Freq=Y N.periodos=22 N.reg=0
2026-09-12 15:02:53    825/ 3060  nama_10_a10_e               0.2 s  Freq=Y N.periodos=51 N.reg=44
2026-09-12 15:02:53    826/ 3060  lfsq_ipga                   0.2 s  Freq=Q N.periodos=114 N.reg=38
2026-09-12 15:02:54    827/ 3060  tour_dem_exmd               0.3 s  Freq=Y N.periodos=13 N.reg=35
2026-09-12 15:02:54    828/ 3060  apro_cpsh1                  0.2 s  Freq=Y N.periodos=27 N.reg=41
2026-09-12 15:02:54    829/ 3060  avia_par_fi                 0.3 s  Freq=Q N.periodos=428 N.reg=0
2026-09-12 15:02:55    830/ 3060  migr_pop5ctz                0.2 s  Freq=Y N.periodos=17 N.reg=42
2026-09-12 15:02:55    831/ 3060  spr_exp_fex                 0.3 s  Freq=Y N.periodos=35 N.reg=47
2026-09-12 15:02:55    832/ 3060  lfsa_urganedm               0.3 s  Freq=Y N.periodos=5 N.reg=36
2026-09-12 15:02:55    833/ 3060  fish_ld_nl                  0.3 s  Freq=Y N.periodos=33 N.reg=1
2026-09-12 15:02:56    834/ 3060  nama_10r_2emhrw             0.3 s  Freq=Y N.periodos=25 N.reg=396
2026-09-12 15:02:56    835/ 3060  bop_its6_tot                0.3 s  Freq=Y N.periodos=16 N.reg=39
2026-09-12 15:02:56    836/ 3060  ilc_hch20                   0.3 s  Freq=Y N.periodos=3 N.reg=39
2026-09-12 15:02:57    837/ 3060  sts_inpp_a                  0.3 s  Freq=Y N.periodos=50 N.reg=40
2026-09-12 15:02:57    838/ 3060  migr_pop6ctb                0.3 s  Freq=Y N.periodos=17 N.reg=42
2026-09-12 15:02:57    839/ 3060  spr_exp_fsu                 0.3 s  Freq=Y N.periodos=35 N.reg=47
2026-09-12 15:02:57    840/ 3060  edat_lfse_03                0.2 s  Freq=Y N.periodos=34 N.reg=38
2026-09-12 15:02:58    841/ 3060  spr_rec_suts                0.3 s  Freq=Y N.periodos=35 N.reg=47
2026-09-12 15:02:58    842/ 3060  migr_pop8ctb                0.3 s  Freq=Y N.periodos=12 N.reg=43
2026-09-12 15:02:58    843/ 3060  edat_lfs_9916               0.2 s  Freq=Y N.periodos=22 N.reg=38
2026-09-12 15:02:58    844/ 3060  isoc_ec_iprb21              0.3 s  Freq=Y N.periodos=3 N.reg=39
2026-09-12 15:02:59    845/ 3060  apro_cpnh1                  0.2 s  Freq=Y N.periodos=27 N.reg=41
2026-09-12 15:02:59    846/ 3060  isoc_iiot_bx                0.3 s  Freq=Y N.periodos=3 N.reg=39
2026-09-12 15:02:59    847/ 3060  ilc_li08                    0.3 s  Freq=Y N.periodos=31 N.reg=41
2026-09-12 15:03:00    848/ 3060  ilc_mdsd12                  0.5 s  Freq=Y N.periodos=11 N.reg=40
2026-09-12 15:03:00    849/ 3060  road_go_na_ru3g             0.4 s  Freq=Y N.periodos=18 N.reg=2247
2026-09-12 15:03:00    850/ 3060  tour_ce_omn12               0.3 s  Freq=Y N.periodos=8 N.reg=394
2026-09-12 15:03:01    851/ 3060  mar_go_am_ie                0.3 s  Freq=Y N.periodos=27 N.reg=0
2026-09-12 15:03:01    852/ 3060  fish_ca_main                0.4 s  Freq=Y N.periodos=26 N.reg=30
2026-09-12 15:03:01    853/ 3060  edat_lfse_37                0.3 s  Freq=Y N.periodos=22 N.reg=512
2026-09-12 15:03:02    854/ 3060  lfsa_urgaed                 0.3 s  Freq=Y N.periodos=43 N.reg=38
2026-09-12 15:03:02    855/ 3060  hrst_st_rage                0.4 s  Freq=Y N.periodos=27 N.reg=161
2026-09-12 15:03:02    856/ 3060  isoc_it_ict_ss              0.3 s  Freq=Y N.periodos=15 N.reg=39
2026-09-12 15:03:03    857/ 3060  edat_lfs_9901               0.3 s  Freq=Y N.periodos=22 N.reg=38
2026-09-12 15:03:03    858/ 3060  road_go_na_rl3g             0.6 s  Freq=Y N.periodos=18 N.reg=2247
2026-09-12 15:03:04    859/ 3060  prc_hicp_inw                0.3 s  Freq=Y N.periodos=30 N.reg=45
2026-09-12 15:03:04    860/ 3060  isoc_ec_evaln2              0.3 s  Freq=Y N.periodos=17 N.reg=40
2026-09-12 15:03:04    861/ 3060  lfst_r_ergau                0.2 s  Freq=Y N.periodos=34 N.reg=38
2026-09-12 15:03:05    862/ 3060  lfsa_esegg                  0.4 s  Freq=Y N.periodos=15 N.reg=38
2026-09-12 15:03:05    863/ 3060  ilc_di07                    0.3 s  Freq=Y N.periodos=12 N.reg=46
2026-09-12 15:03:05    864/ 3060  mar_go_am_mt                0.3 s  Freq=Y N.periodos=23 N.reg=0
2026-09-12 15:03:05    865/ 3060  lfsa_egaftsm                0.2 s  Freq=Y N.periodos=5 N.reg=36
2026-09-12 15:03:06    866/ 3060  nrg_ind_pehap               0.3 s  Freq=Y N.periodos=35 N.reg=44
2026-09-12 15:03:06    867/ 3060  ilc_sip8                    0.3 s  Freq=Y N.periodos=16 N.reg=39
2026-09-12 15:03:06    868/ 3060  proj_25ndbi                 0.4 s  Freq=Y N.periodos=76 N.reg=32
2026-09-12 15:03:06    869/ 3060  educ_uoe_mobg01             0.3 s  Freq=Y N.periodos=12 N.reg=40
2026-09-12 15:03:07    870/ 3060  sts_copr_m                  0.3 s  Freq=M N.periodos=559 N.reg=33
2026-09-12 15:03:07    871/ 3060  fish_ld_se                  0.2 s  Freq=Y N.periodos=31 N.reg=1
2026-09-12 15:03:07    872/ 3060  demo_fordagec               0.3 s  Freq=Y N.periodos=65 N.reg=58
2026-09-12 15:03:08    873/ 3060  bop_euins6_iip              0.3 s  Freq=Y N.periodos=27 N.reg=4
2026-09-12 15:03:08    874/ 3060  ilc_mddu03a                 0.3 s  Freq=Y N.periodos=11 N.reg=37
2026-09-12 15:03:08    875/ 3060  ilc_mddu03d                 0.2 s  Freq=Y N.periodos=11 N.reg=37
2026-09-12 15:03:08    876/ 3060  sts_sepp_q                  0.2 s  Freq=Q N.periodos=122 N.reg=38
2026-09-12 15:03:09    877/ 3060  ert_bil_eur_d               0.8 s  Freq=D N.periodos=13891 N.reg=0
2026-09-12 15:03:09    878/ 3060  edat_lfse_38                0.3 s  Freq=Y N.periodos=22 N.reg=512
2026-09-12 15:03:10    879/ 3060  lfsa_egad                   0.3 s  Freq=Y N.periodos=31 N.reg=38
2026-09-12 15:03:10    880/ 3060  mar_go_am_cy                0.2 s  Freq=Y N.periodos=24 N.reg=0
2026-09-12 15:03:10    881/ 3060  ilc_di03                    0.3 s  Freq=Y N.periodos=30 N.reg=47
2026-09-12 15:03:11    882/ 3060  avia_gor_ch                 0.3 s  Freq=Q N.periodos=482 N.reg=0
2026-09-12 15:03:11    883/ 3060  lfsa_esegp                  0.3 s  Freq=Y N.periodos=15 N.reg=38
2026-09-12 15:03:11    884/ 3060  ilc_mddu07c                 0.3 s  Freq=Y N.periodos=11 N.reg=37
2026-09-12 15:03:11    885/ 3060  ilc_mddu07f                 0.3 s  Freq=Y N.periodos=11 N.reg=37
2026-09-12 15:03:12    886/ 3060  demo_fordager               0.3 s  Freq=Y N.periodos=65 N.reg=58
2026-09-12 15:03:12    887/ 3060  hlth_sha11_hc               0.3 s  Freq=Y N.periodos=34 N.reg=44
2026-09-12 15:03:12    888/ 3060  proj_19ndbi                 0.2 s  Freq=Y N.periodos=82 N.reg=36
2026-09-12 15:03:12    889/ 3060  educ_uoe_mobg04             0.2 s  Freq=Y N.periodos=12 N.reg=40
2026-09-12 15:03:13    890/ 3060  edat_lfse_26                0.3 s  Freq=Y N.periodos=26 N.reg=38
2026-09-12 15:03:13    891/ 3060  naida_10_gdp                0.3 s  Freq=Y N.periodos=51 N.reg=215
2026-09-12 15:03:13    892/ 3060  lfsq_sup_edu                0.3 s  Freq=Q N.periodos=82 N.reg=38
2026-09-12 15:03:13    893/ 3060  lfsa_egai2d                 0.3 s  Freq=Y N.periodos=15 N.reg=38
2026-09-12 15:03:14    894/ 3060  nrg_cb_sffm                 0.3 s  Freq=M N.periodos=223 N.reg=41
2026-09-12 15:03:14    895/ 3060  hsw_n2_05                   0.3 s  Freq=Y N.periodos=17 N.reg=35
2026-09-12 15:03:14    896/ 3060  edat_lfse_24                0.3 s  Freq=Y N.periodos=26 N.reg=38
2026-09-12 15:03:15    897/ 3060  lfsa_urgan                  0.3 s  Freq=Y N.periodos=31 N.reg=38
2026-09-12 15:03:15    898/ 3060  road_go_ta_dctg             0.2 s  Freq=Y N.periodos=18 N.reg=36
2026-09-12 15:03:15    899/ 3060  mar_go_am_bg                0.2 s  Freq=Y N.periodos=25 N.reg=0
2026-09-12 15:03:15    900/ 3060  nrg_ind_pehnf               0.3 s  Freq=Y N.periodos=36 N.reg=43
2026-09-12 15:03:16    901/ 3060  migr_imm8                   0.3 s  Freq=Y N.periodos=35 N.reg=37
2026-09-12 15:03:16    902/ 3060  ei_bsco_m                   0.3 s  Freq=M N.periodos=560 N.reg=35
2026-09-12 15:03:16    903/ 3060  rd_e_gerdfund               0.3 s  Freq=Y N.periodos=45 N.reg=45
2026-09-12 15:03:17    904/ 3060  ext_lt_mainez               0.2 s  Freq=Y N.periodos=24 N.reg=1
2026-09-12 15:03:17    905/ 3060  migr_dubrpeno               0.2 s  Freq=Y N.periodos=18 N.reg=33
2026-09-12 15:03:17    906/ 3060  proj_23ndbi                 0.3 s  Freq=Y N.periodos=79 N.reg=33
2026-09-12 15:03:17    907/ 3060  migr_dubrpeni               0.3 s  Freq=Y N.periodos=18 N.reg=32
2026-09-12 15:03:18    908/ 3060  mar_go_qm_ro                0.2 s  Freq=Q N.periodos=96 N.reg=0
2026-09-12 15:03:18    909/ 3060  demo_fagec                  0.3 s  Freq=Y N.periodos=65 N.reg=59
2026-09-12 15:03:18    910/ 3060  tour_occ_nim                0.3 s  Freq=M N.periodos=439 N.reg=45
2026-09-12 15:03:18    911/ 3060  mar_go_qm_mt                0.3 s  Freq=Q N.periodos=93 N.reg=0
2026-09-12 15:03:19    912/ 3060  lfsa_epgar                  0.2 s  Freq=Y N.periodos=43 N.reg=38
2026-09-12 15:03:19    913/ 3060  isoc_ci_it_en2              0.2 s  Freq=Y N.periodos=16 N.reg=42
2026-09-12 15:03:19    914/ 3060  lfsa_qoe_3a2                0.3 s  Freq=Y N.periodos=26 N.reg=38
2026-09-12 15:03:20    915/ 3060  mar_go_qm_lv                0.3 s  Freq=Q N.periodos=96 N.reg=0
2026-09-12 15:03:20    916/ 3060  rd_e_gerdreg                0.3 s  Freq=Y N.periodos=45 N.reg=633
2026-09-12 15:03:20    917/ 3060  crim_gen_reg                0.4 s  Freq=Y N.periodos=17 N.reg=1944
2026-09-12 15:03:21    918/ 3060  tour_occ_arm                0.4 s  Freq=M N.periodos=439 N.reg=45
2026-09-12 15:03:21    919/ 3060  tour_dem_exage              0.2 s  Freq=Y N.periodos=13 N.reg=35
2026-09-12 15:03:21    920/ 3060  fish_ca_atl37               0.3 s  Freq=Y N.periodos=26 N.reg=17
2026-09-12 15:03:21    921/ 3060  proj_25rpind                0.3 s  Freq=Y N.periodos=16 N.reg=1165
2026-09-12 15:03:22    922/ 3060  ilc_hch19                   0.3 s  Freq=Y N.periodos=2 N.reg=39
2026-09-12 15:03:22    923/ 3060  lfsa_urgacob                0.2 s  Freq=Y N.periodos=31 N.reg=38
2026-09-12 15:03:22    924/ 3060  mar_go_qm_cy                0.3 s  Freq=Q N.periodos=89 N.reg=0
2026-09-12 15:03:23    925/ 3060  nama_10r_3gdp               0.4 s  Freq=Y N.periodos=25 N.reg=1814
2026-09-12 15:03:23    926/ 3060  avia_par_hr                 0.3 s  Freq=Q N.periodos=289 N.reg=0
2026-09-12 15:03:23    927/ 3060  lfst_r_urgau                0.3 s  Freq=Y N.periodos=34 N.reg=38
2026-09-12 15:03:24    928/ 3060  ei_bsbu_m_r2                0.3 s  Freq=M N.periodos=560 N.reg=35
2026-09-12 15:03:24    929/ 3060  nama_10r_2gfcf              0.3 s  Freq=Y N.periodos=25 N.reg=411
2026-09-12 15:03:24    930/ 3060  isoc_ci_dev_i               0.3 s  Freq=Y N.periodos=5 N.reg=43
2026-09-12 15:03:24    931/ 3060  bd_hg                       0.3 s  Freq=Y N.periodos=13 N.reg=32
2026-09-12 15:03:25    932/ 3060  sts_intvnd_a                0.3 s  Freq=Y N.periodos=36 N.reg=41
2026-09-12 15:03:25    933/ 3060  migr_emi2                   0.2 s  Freq=Y N.periodos=35 N.reg=44
2026-09-12 15:03:25    934/ 3060  nama_10r_2coe               0.3 s  Freq=Y N.periodos=25 N.reg=414
2026-09-12 15:03:25    935/ 3060  sts_sepr_q                  0.3 s  Freq=Q N.periodos=106 N.reg=34
2026-09-12 15:03:26    936/ 3060  lfsa_esegt                  0.3 s  Freq=Y N.periodos=15 N.reg=38
2026-09-12 15:03:26    937/ 3060  tour_occ_arn2               0.3 s  Freq=Y N.periodos=36 N.reg=561
2026-09-12 15:03:26    938/ 3060  ilc_lvho02                  0.3 s  Freq=Y N.periodos=23 N.reg=46
2026-09-12 15:03:27    939/ 3060  trng_lfs_08b                0.3 s  Freq=Y N.periodos=18 N.reg=38
2026-09-12 15:03:27    940/ 3060  ilc_di09                    0.3 s  Freq=Y N.periodos=30 N.reg=47
2026-09-12 15:03:27    941/ 3060  ilc_di17                    0.3 s  Freq=Y N.periodos=23 N.reg=43
2026-09-12 15:03:27    942/ 3060  demo_fager                  0.3 s  Freq=Y N.periodos=65 N.reg=59
2026-09-12 15:03:28    943/ 3060  avia_gor_nl                 0.3 s  Freq=Q N.periodos=432 N.reg=0
2026-09-12 15:03:28    944/ 3060  lfsa_egised                 0.3 s  Freq=Y N.periodos=43 N.reg=38
2026-09-12 15:03:28    945/ 3060  fish_ld_de                  0.3 s  Freq=Y N.periodos=33 N.reg=1
2026-09-12 15:03:28    946/ 3060  road_go_tq_trat             0.2 s  Freq=Q N.periodos=108 N.reg=5
2026-09-12 15:03:29    947/ 3060  mar_go_am_lt                0.3 s  Freq=Y N.periodos=22 N.reg=0
2026-09-12 15:03:29    948/ 3060  edat_lfse_27                0.3 s  Freq=Y N.periodos=26 N.reg=38
2026-09-12 15:03:29    949/ 3060  demo_pjanedu                0.3 s  Freq=Y N.periodos=19 N.reg=44
2026-09-12 15:03:30    950/ 3060  hrst_st_ncat                0.2 s  Freq=Y N.periodos=32 N.reg=38
2026-09-12 15:03:30    951/ 3060  avia_par_bg                 0.3 s  Freq=Q N.periodos=306 N.reg=0
2026-09-12 15:03:30    952/ 3060  nama_10r_2hhinc             0.3 s  Freq=Y N.periodos=25 N.reg=390
2026-09-12 15:03:30    953/ 3060  isoc_ec_ce_i                0.3 s  Freq=Y N.periodos=5 N.reg=40
2026-09-12 15:03:31    954/ 3060  lfsa_upgacob                0.2 s  Freq=Y N.periodos=31 N.reg=38
2026-09-12 15:03:31    955/ 3060  road_go_iq_ltt              0.3 s  Freq=Q N.periodos=144 N.reg=32
2026-09-12 15:03:31    956/ 3060  isoc_cismtn2                0.2 s  Freq=Y N.periodos=10 N.reg=41
2026-09-12 15:03:31    957/ 3060  tour_cap_nuts2              0.3 s  Freq=Y N.periodos=37 N.reg=1053
2026-09-12 15:03:32    958/ 3060  migr_reslong                0.2 s  Freq=Y N.periodos=18 N.reg=35
2026-09-12 15:03:32    959/ 3060  sts_cobp_q                  0.3 s  Freq=Q N.periodos=138 N.reg=41
2026-09-12 15:03:32    960/ 3060  lfsa_upgan                  0.2 s  Freq=Y N.periodos=31 N.reg=38
2026-09-12 15:03:32    961/ 3060  edat_lfse_25                0.2 s  Freq=Y N.periodos=26 N.reg=38
2026-09-12 15:03:33    962/ 3060  env_ac_pefa04               0.3 s  Freq=Y N.periodos=25 N.reg=35
2026-09-12 15:03:33    963/ 3060  demo_r_fagec3               0.4 s  Freq=Y N.periodos=12 N.reg=2142
2026-09-12 15:03:33    964/ 3060  lfsa_igaed                  0.3 s  Freq=Y N.periodos=43 N.reg=38
2026-09-12 15:03:34    965/ 3060  ilc_peps02n                 0.2 s  Freq=Y N.periodos=11 N.reg=46
2026-09-12 15:03:34    966/ 3060  lfsa_eegaed                 0.3 s  Freq=Y N.periodos=43 N.reg=38
2026-09-12 15:03:34    967/ 3060  mar_go_qm_bg                0.2 s  Freq=Q N.periodos=102 N.reg=0
2026-09-12 15:03:34    968/ 3060  apri_pi_ina                 0.2 s  Freq=Y N.periodos=31 N.reg=33
2026-09-12 15:03:35    969/ 3060  rd_e_berdindr2              0.3 s  Freq=Y N.periodos=20 N.reg=45
2026-09-12 15:03:35    970/ 3060  lfsq_epgan21                0.2 s  Freq=Q N.periodos=2 N.reg=36
2026-09-12 15:03:35    971/ 3060  rd_e_gerdsc                 0.3 s  Freq=Y N.periodos=45 N.reg=45
2026-09-12 15:03:35    972/ 3060  avia_par_hu                 0.2 s  Freq=Q N.periodos=391 N.reg=0
2026-09-12 15:03:36    973/ 3060  road_go_tq_tott             0.3 s  Freq=Q N.periodos=144 N.reg=37
2026-09-12 15:03:36    974/ 3060  lfsa_ugan                   0.3 s  Freq=Y N.periodos=31 N.reg=38
2026-09-12 15:03:36    975/ 3060  isoc_cisci_prv20            0.2 s  Freq=Y N.periodos=4 N.reg=40
2026-09-12 15:03:36    976/ 3060  ext_ser_mos                 0.3 s  Freq=Y N.periodos=8 N.reg=28
2026-09-12 15:03:37    977/ 3060  lfsa_pfgacedm               0.3 s  Freq=Y N.periodos=3 N.reg=35
2026-09-12 15:03:37    978/ 3060  road_go_iq_utt              0.2 s  Freq=Q N.periodos=144 N.reg=32
2026-09-12 15:03:37    979/ 3060  urb_clma                    0.3 s  Freq=Y N.periodos=37 N.reg=0
2026-09-12 15:03:37    980/ 3060  ei_bsin_m_r2                0.3 s  Freq=M N.periodos=560 N.reg=35
2026-09-12 15:03:38    981/ 3060  lfsa_etgaed                 0.2 s  Freq=Y N.periodos=43 N.reg=38
2026-09-12 15:03:38    982/ 3060  road_go_ia_lgtt             0.2 s  Freq=Y N.periodos=18 N.reg=32
2026-09-12 15:03:38    983/ 3060  lfsq_etpga                  0.3 s  Freq=Q N.periodos=114 N.reg=38
2026-09-12 15:03:39    984/ 3060  avia_par_cy                 0.5 s  Freq=Q N.periodos=363 N.reg=0
2026-09-12 15:03:39    985/ 3060  lfsq_eppga                  0.3 s  Freq=Q N.periodos=114 N.reg=38
2026-09-12 15:03:39    986/ 3060  ilc_lvps16                  0.2 s  Freq=Y N.periodos=23 N.reg=46
2026-09-12 15:03:39    987/ 3060  ilc_mdes09                  0.2 s  Freq=Y N.periodos=23 N.reg=48
2026-09-12 15:03:40    988/ 3060  ilc_mddd01                  0.5 s  Freq=Y N.periodos=23 N.reg=46
2026-09-12 15:03:40    989/ 3060  fish_ld_it                  0.3 s  Freq=Y N.periodos=34 N.reg=1
2026-09-12 15:03:41    990/ 3060  avia_gor_pt                 0.5 s  Freq=Q N.periodos=381 N.reg=0
2026-09-12 15:03:41    991/ 3060  isoc_cisce_ran2             0.2 s  Freq=Y N.periodos=4 N.reg=40
2026-09-12 15:03:41    992/ 3060  iww_go_qnave                0.3 s  Freq=Q N.periodos=178 N.reg=21
2026-09-12 15:03:42    993/ 3060  env_ac_pepsns1              0.2 s  Freq=Y N.periodos=19 N.reg=32
2026-09-12 15:03:42    994/ 3060  spr_exp_pens                0.3 s  Freq=Y N.periodos=35 N.reg=47
2026-09-12 15:03:42    995/ 3060  migr_asydec1pcq             0.3 s  Freq=Q N.periodos=73 N.reg=34
2026-09-12 15:03:42    996/ 3060  isoc_eco_dd                 0.3 s  Freq=Y N.periodos=2 N.reg=37
2026-09-12 15:03:43    997/ 3060  lfst_r_lfe2ehrwa            0.2 s  Freq=Y N.periodos=27 N.reg=512
2026-09-12 15:03:43    998/ 3060  lfst_r_lfe2ecomm            0.3 s  Freq=Y N.periodos=27 N.reg=512
2026-09-12 15:03:43    999/ 3060  lfst_r_lfe2ehour            0.3 s  Freq=Y N.periodos=27 N.reg=512
2026-09-12 15:03:43   1000/ 3060  lfsa_qoe_3b3                0.3 s  Freq=Y N.periodos=24 N.reg=38
2026-09-12 15:03:44   1001/ 3060  mar_pa_aa                   0.4 s  Freq=Y N.periodos=29 N.reg=0
2026-09-12 15:03:44   1002/ 3060  educ_uoe_lang02             0.2 s  Freq=Y N.periodos=12 N.reg=40
2026-09-12 15:03:44   1003/ 3060  isoc_iiot_use               0.2 s  Freq=Y N.periodos=3 N.reg=39
2026-09-12 15:03:45   1004/ 3060  hlth_dh010                  0.3 s  Freq=Y N.periodos=16 N.reg=46
2026-09-12 15:03:45   1005/ 3060  for_pp                      0.3 s  Freq=Y N.periodos=33 N.reg=32
2026-09-12 15:03:45   1006/ 3060  rd_e_gerdcost               0.3 s  Freq=Y N.periodos=45 N.reg=45
2026-09-12 15:03:45   1007/ 3060  road_go_ia_ugtt             0.3 s  Freq=Y N.periodos=18 N.reg=32
2026-09-12 15:03:46   1008/ 3060  fish_ld_is                  0.3 s  Freq=Y N.periodos=27 N.reg=1
2026-09-12 15:03:46   1009/ 3060  fish_ca_atl34               0.3 s  Freq=Y N.periodos=26 N.reg=24
2026-09-12 15:03:46   1010/ 3060  hlth_sha11_hp               0.3 s  Freq=Y N.periodos=34 N.reg=44
2026-09-12 15:03:47   1011/ 3060  rd_p_bempoccr2              0.3 s  Freq=Y N.periodos=20 N.reg=45
2026-09-12 15:03:47   1012/ 3060  tour_dem_extot              0.2 s  Freq=Y N.periodos=13 N.reg=35
2026-09-12 15:03:47   1013/ 3060  iww_go_qcnave               0.3 s  Freq=Q N.periodos=78 N.reg=20
2026-09-12 15:03:47   1014/ 3060  lfst_hhanwhtc               0.2 s  Freq=Y N.periodos=20 N.reg=36
2026-09-12 15:03:48   1015/ 3060  ert_h_eur_d                 0.8 s  Freq=D N.periodos=13282 N.reg=0
2026-09-12 15:03:48   1016/ 3060  lfst_hhnhwhtc               0.3 s  Freq=Y N.periodos=20 N.reg=36
2026-09-12 15:03:49   1017/ 3060  lfsi_hwa_q                  0.3 s  Freq=Q N.periodos=22 N.reg=37
2026-09-12 15:03:49   1018/ 3060  rd_e_berdsize               0.2 s  Freq=Y N.periodos=45 N.reg=45
2026-09-12 15:03:49   1019/ 3060  fish_ld_ie                  0.2 s  Freq=Y N.periodos=33 N.reg=1
2026-09-12 15:03:49   1020/ 3060  educ_uoe_enra01             0.3 s  Freq=Y N.periodos=13 N.reg=41
2026-09-12 15:03:50   1021/ 3060  sts_trlb_m                  0.3 s  Freq=M N.periodos=391 N.reg=10
2026-09-12 15:03:50   1022/ 3060  lfsq_e2ged                  0.2 s  Freq=Q N.periodos=114 N.reg=38
2026-09-12 15:03:50   1023/ 3060  lfsa_egasjt                 0.3 s  Freq=Y N.periodos=31 N.reg=38
2026-09-12 15:03:50   1024/ 3060  tour_dem_extr               0.3 s  Freq=Y N.periodos=13 N.reg=35
2026-09-12 15:03:51   1025/ 3060  mar_pa_qm_it                0.3 s  Freq=Q N.periodos=117 N.reg=0
2026-09-12 15:03:51   1026/ 3060  ilc_hch21                   0.3 s  Freq=Y N.periodos=3 N.reg=39
2026-09-12 15:03:51   1027/ 3060  tour_dem_exac               0.3 s  Freq=Y N.periodos=13 N.reg=35
2026-09-12 15:03:51   1028/ 3060  mar_pa_qm_fr                0.3 s  Freq=Q N.periodos=113 N.reg=0
2026-09-12 15:03:52   1029/ 3060  tour_occ_nin2dc             0.2 s  Freq=Y N.periodos=14 N.reg=465
2026-09-12 15:03:52   1030/ 3060  mar_go_am_si                0.3 s  Freq=Y N.periodos=25 N.reg=0
2026-09-12 15:03:52   1031/ 3060  sts_trtu_a                  0.3 s  Freq=Y N.periodos=35 N.reg=43
2026-09-12 15:03:53   1032/ 3060  mar_go_qm_lt                0.3 s  Freq=Q N.periodos=89 N.reg=0
2026-09-12 15:03:53   1033/ 3060  env_wasship                 0.3 s  Freq=Y N.periodos=15 N.reg=33
2026-09-12 15:03:53   1034/ 3060  lfso_24match05              0.3 s  Freq=Y N.periodos=1 N.reg=32
2026-09-12 15:03:53   1035/ 3060  nama_10_fcs                 0.3 s  Freq=Y N.periodos=51 N.reg=46
2026-09-12 15:03:54   1036/ 3060  ilc_mdsd01                  0.2 s  Freq=Y N.periodos=12 N.reg=46
2026-09-12 15:03:54   1037/ 3060  lfsa_igaww                  0.3 s  Freq=Y N.periodos=43 N.reg=38
2026-09-12 15:03:54   1038/ 3060  ilc_pees01n                 0.2 s  Freq=Y N.periodos=11 N.reg=45
2026-09-12 15:03:54   1039/ 3060  migr_resshare               0.3 s  Freq=Y N.periodos=18 N.reg=33
2026-09-12 15:03:55   1040/ 3060  ilc_hch11                   0.2 s  Freq=Y N.periodos=3 N.reg=40
2026-09-12 15:03:55   1041/ 3060  sts_inpi_a                  0.2 s  Freq=Y N.periodos=64 N.reg=32
2026-09-12 15:03:55   1042/ 3060  mar_go_am_hr                0.3 s  Freq=Y N.periodos=21 N.reg=0
2026-09-12 15:03:55   1043/ 3060  iww_go_atygo                0.2 s  Freq=Y N.periodos=19 N.reg=23
2026-09-12 15:03:56   1044/ 3060  educ_uoe_perp02             0.3 s  Freq=Y N.periodos=12 N.reg=40
2026-09-12 15:03:56   1045/ 3060  hlth_dh030                  0.3 s  Freq=Y N.periodos=16 N.reg=46
2026-09-12 15:03:56   1046/ 3060  ilc_lvhl12n                 0.3 s  Freq=Y N.periodos=12 N.reg=46
2026-09-12 15:03:56   1047/ 3060  ilc_lvps15                  0.3 s  Freq=Y N.periodos=23 N.reg=46
2026-09-12 15:03:57   1048/ 3060  nrg_cb_pem                  0.3 s  Freq=M N.periodos=223 N.reg=42
2026-09-12 15:03:57   1049/ 3060  yth_empl_030                0.2 s  Freq=Y N.periodos=27 N.reg=512
2026-09-12 15:03:57   1050/ 3060  trng_lfs_04                 0.3 s  Freq=Y N.periodos=22 N.reg=38
2026-09-12 15:03:58   1051/ 3060  sts_intv_a                  0.5 s  Freq=Y N.periodos=36 N.reg=42
2026-09-12 15:03:58   1052/ 3060  urb_llma                    0.3 s  Freq=Y N.periodos=36 N.reg=0
2026-09-12 15:03:58   1053/ 3060  hlth_silc_11                0.2 s  Freq=Y N.periodos=18 N.reg=46
2026-09-12 15:03:59   1054/ 3060  fish_ld_be                  0.2 s  Freq=Y N.periodos=34 N.reg=1
2026-09-12 15:03:59   1055/ 3060  env_esst_cepggcp            0.2 s  Freq=Y N.periodos=14 N.reg=30
2026-09-12 15:03:59   1056/ 3060  lfsa_pgaied                 0.4 s  Freq=Y N.periodos=43 N.reg=38
2026-09-12 15:03:59   1057/ 3060  lfsq_egan212d               0.2 s  Freq=Q N.periodos=2 N.reg=36
2026-09-12 15:04:00   1058/ 3060  ilc_li09                    0.3 s  Freq=Y N.periodos=31 N.reg=41
2026-09-12 15:04:00   1059/ 3060  ilc_li10                    0.3 s  Freq=Y N.periodos=31 N.reg=41
2026-09-12 15:04:00   1060/ 3060  lfsi_hwu_q                  0.2 s  Freq=Q N.periodos=22 N.reg=37
2026-09-12 15:04:00   1061/ 3060  for_swpan                   0.3 s  Freq=Y N.periodos=33 N.reg=32
2026-09-12 15:04:01   1062/ 3060  earn_nt_net                 0.3 s  Freq=Y N.periodos=26 N.reg=40
2026-09-12 15:04:01   1063/ 3060  lfst_r_sla_ga               0.3 s  Freq=Y N.periodos=18 N.reg=512
2026-09-12 15:04:01   1064/ 3060  sts_rb_m                    0.2 s  Freq=M N.periodos=140 N.reg=19
2026-09-12 15:04:02   1065/ 3060  lfst_hhsechi                0.4 s  Freq=Y N.periodos=20 N.reg=36
2026-09-12 15:04:02   1066/ 3060  avia_par_mt                 0.2 s  Freq=Q N.periodos=392 N.reg=0
2026-09-12 15:04:02   1067/ 3060  avia_par_lt                 0.3 s  Freq=Q N.periodos=346 N.reg=0
2026-09-12 15:04:02   1068/ 3060  ilc_lvhl11                  0.2 s  Freq=Y N.periodos=23 N.reg=46
2026-09-12 15:04:03   1069/ 3060  hlth_silc_04                0.2 s  Freq=Y N.periodos=18 N.reg=46
2026-09-12 15:04:03   1070/ 3060  mar_go_qm_si                0.3 s  Freq=Q N.periodos=97 N.reg=0
2026-09-12 15:04:03   1071/ 3060  demo_faczc                  0.3 s  Freq=Y N.periodos=18 N.reg=58
2026-09-12 15:04:03   1072/ 3060  urt_pjangrp3                0.3 s  Freq=Y N.periodos=12 N.reg=32
2026-09-12 15:04:04   1073/ 3060  proj_19naasfr               0.2 s  Freq=Y N.periodos=82 N.reg=31
2026-09-12 15:04:04   1074/ 3060  lfst_r_lfu2gacu             0.4 s  Freq=Y N.periodos=31 N.reg=38
2026-09-12 15:04:04   1075/ 3060  lfst_r_lfur2gacu            0.3 s  Freq=Y N.periodos=31 N.reg=38
2026-09-12 15:04:05   1076/ 3060  lfst_hhptechi               0.3 s  Freq=Y N.periodos=20 N.reg=36
2026-09-12 15:04:05   1077/ 3060  gov_10dd_edpt3              0.4 s  Freq=Y N.periodos=31 N.reg=31
2026-09-12 15:04:05   1078/ 3060  urb_cpopstr                 0.3 s  Freq=Y N.periodos=37 N.reg=0
2026-09-12 15:04:06   1079/ 3060  trng_lfs_09                 0.2 s  Freq=Y N.periodos=22 N.reg=38
2026-09-12 15:04:06   1080/ 3060  avia_gor_el                 0.4 s  Freq=Q N.periodos=429 N.reg=0
2026-09-12 15:04:06   1081/ 3060  mar_go_qm_hr                0.3 s  Freq=Q N.periodos=86 N.reg=0
2026-09-12 15:04:06   1082/ 3060  edat_lfse_18                0.2 s  Freq=Y N.periodos=26 N.reg=38
2026-09-12 15:04:07   1083/ 3060  avia_gor_se                 0.3 s  Freq=Q N.periodos=306 N.reg=0
2026-09-12 15:04:07   1084/ 3060  yth_empl_010                0.2 s  Freq=Y N.periodos=43 N.reg=38
2026-09-12 15:04:07   1085/ 3060  env_epea_pap                0.3 s  Freq=Y N.periodos=14 N.reg=31
2026-09-12 15:04:08   1086/ 3060  rd_p_perssci                0.3 s  Freq=Y N.periodos=45 N.reg=45
2026-09-12 15:04:08   1087/ 3060  urt_10r_3gva                0.3 s  Freq=Y N.periodos=30 N.reg=30
2026-09-12 15:04:08   1088/ 3060  lfst_hhwahchi               0.3 s  Freq=Y N.periodos=20 N.reg=36
2026-09-12 15:04:08   1089/ 3060  educ_uoe_perp01             0.2 s  Freq=Y N.periodos=12 N.reg=40
2026-09-12 15:04:09   1090/ 3060  hsw_mi07                    0.3 s  Freq=Y N.periodos=17 N.reg=35
2026-09-12 15:04:09   1091/ 3060  ilc_li11                    0.2 s  Freq=Y N.periodos=31 N.reg=41
2026-09-12 15:04:09   1092/ 3060  isoc_sk_cskl_i21            0.3 s  Freq=Y N.periodos=3 N.reg=39
2026-09-12 15:04:09   1093/ 3060  lfst_hhtemchi               0.2 s  Freq=Y N.periodos=20 N.reg=36
2026-09-12 15:04:10   1094/ 3060  avia_par_lv                 0.3 s  Freq=Q N.periodos=357 N.reg=0
2026-09-12 15:04:10   1095/ 3060  sts_intvd_a                 0.2 s  Freq=Y N.periodos=36 N.reg=41
2026-09-12 15:04:10   1096/ 3060  proj_23naasfr               0.2 s  Freq=Y N.periodos=79 N.reg=30
2026-09-12 15:04:10   1097/ 3060  hrst_st_rcat                0.4 s  Freq=Y N.periodos=27 N.reg=512
2026-09-12 15:04:11   1098/ 3060  hrst_st_rsex                0.4 s  Freq=Y N.periodos=27 N.reg=161
2026-09-12 15:04:11   1099/ 3060  nrg_ind_hptctc              0.3 s  Freq=Y N.periodos=21 N.reg=40
2026-09-12 15:04:11   1100/ 3060  isoc_sk_edic_i21            0.3 s  Freq=Y N.periodos=3 N.reg=39
2026-09-12 15:04:12   1101/ 3060  sts_selb_a                  0.3 s  Freq=Y N.periodos=36 N.reg=42
2026-09-12 15:04:12   1102/ 3060  ilc_peps06n                 0.3 s  Freq=Y N.periodos=11 N.reg=46
2026-09-12 15:04:12   1103/ 3060  ext_tec04                   0.3 s  Freq=Y N.periodos=13 N.reg=38
2026-09-12 15:04:13   1104/ 3060  lfst_r_lfu2ganu             0.3 s  Freq=Y N.periodos=31 N.reg=38
2026-09-12 15:04:13   1105/ 3060  lfst_r_lfur2ganu            0.2 s  Freq=Y N.periodos=31 N.reg=38
2026-09-12 15:04:13   1106/ 3060  urb_clivcon                 0.3 s  Freq=Y N.periodos=37 N.reg=0
2026-09-12 15:04:13   1107/ 3060  une_ltu_q                   0.2 s  Freq=Q N.periodos=94 N.reg=38
2026-09-12 15:04:14   1108/ 3060  educ_uoe_enrt01             0.3 s  Freq=Y N.periodos=15 N.reg=41
2026-09-12 15:04:14   1109/ 3060  urt_10r_3emp                0.3 s  Freq=Y N.periodos=30 N.reg=29
2026-09-12 15:04:14   1110/ 3060  ilc_mdsd05                  0.3 s  Freq=Y N.periodos=12 N.reg=46
2026-09-12 15:04:14   1111/ 3060  lfsa_pfganwsm               0.2 s  Freq=Y N.periodos=3 N.reg=36
2026-09-12 15:04:15   1112/ 3060  namq_10_pe                  0.3 s  Freq=Q N.periodos=186 N.reg=41
2026-09-12 15:04:15   1113/ 3060  lfsa_eoqgan2                0.2 s  Freq=Y N.periodos=18 N.reg=38
2026-09-12 15:04:15   1114/ 3060  proj_25naasfr               0.3 s  Freq=Y N.periodos=76 N.reg=30
2026-09-12 15:04:15   1115/ 3060  urt_proj_19rdbi             0.3 s  Freq=Y N.periodos=82 N.reg=32
2026-09-12 15:04:16   1116/ 3060  ilc_hch03                   0.5 s  Freq=Y N.periodos=3 N.reg=40
2026-09-12 15:04:17   1117/ 3060  sprt_trd_prd                0.9 s  Freq=Y N.periodos=22 N.reg=42
2026-09-12 15:04:17   1118/ 3060  lfsq_upgal                  0.6 s  Freq=Q N.periodos=114 N.reg=38
2026-09-12 15:04:18   1119/ 3060  hlth_dm060                  0.3 s  Freq=Y N.periodos=16 N.reg=46
2026-09-12 15:04:18   1120/ 3060  ert_eff_ic_m                0.3 s  Freq=M N.periodos=390 N.reg=45
2026-09-12 15:04:18   1121/ 3060  tour_lfsq6r2                0.3 s  Freq=Q N.periodos=74 N.reg=38
2026-09-12 15:04:19   1122/ 3060  edat_lfse_21                0.2 s  Freq=Y N.periodos=26 N.reg=38
2026-09-12 15:04:19   1123/ 3060  ilc_li03                    0.3 s  Freq=Y N.periodos=31 N.reg=42
2026-09-12 15:04:19   1124/ 3060  ilc_lvhl02                  0.3 s  Freq=Y N.periodos=23 N.reg=46
2026-09-12 15:04:19   1125/ 3060  ilc_hch04                   0.2 s  Freq=Y N.periodos=3 N.reg=38
2026-09-12 15:04:20   1126/ 3060  avia_gor_lu                 0.3 s  Freq=Q N.periodos=348 N.reg=0
2026-09-12 15:04:20   1127/ 3060  demo_pjangroup              0.3 s  Freq=Y N.periodos=66 N.reg=60
2026-09-12 15:04:20   1128/ 3060  lc_lci_r2_a                 0.2 s  Freq=Y N.periodos=30 N.reg=40
2026-09-12 15:04:20   1129/ 3060  nrg_bal_cv                  0.3 s  Freq=Y N.periodos=35 N.reg=44
2026-09-12 15:04:21   1130/ 3060  ei_bsrt_m_r2                0.3 s  Freq=M N.periodos=511 N.reg=34
2026-09-12 15:04:21   1131/ 3060  isoc_eb_iipn2               0.2 s  Freq=Y N.periodos=11 N.reg=42
2026-09-12 15:04:21   1132/ 3060  nrg_chddr2_a                0.5 s  Freq=Y N.periodos=46 N.reg=1800
2026-09-12 15:04:22   1133/ 3060  sbs_part_wtsct              0.2 s  Freq=Y N.periodos=4 N.reg=31
2026-09-12 15:04:22   1134/ 3060  edat_lfse_19                0.2 s  Freq=Y N.periodos=22 N.reg=38
2026-09-12 15:04:22   1135/ 3060  mar_pa_qm_es                0.2 s  Freq=Q N.periodos=105 N.reg=0
2026-09-12 15:04:22   1136/ 3060  htec_emp_nisced2            0.4 s  Freq=Y N.periodos=18 N.reg=38
2026-09-12 15:04:23   1137/ 3060  tour_dem_ttac               0.3 s  Freq=Y N.periodos=13 N.reg=35
2026-09-12 15:04:23   1138/ 3060  tour_dem_tnac               0.3 s  Freq=Y N.periodos=13 N.reg=35
2026-09-12 15:04:23   1139/ 3060  spr_exp_func                0.2 s  Freq=Y N.periodos=35 N.reg=47
2026-09-12 15:04:24   1140/ 3060  isoc_ske_fctn2              0.3 s  Freq=Y N.periodos=8 N.reg=40
2026-09-12 15:04:24   1141/ 3060  fish_ld_el                  0.2 s  Freq=Y N.periodos=34 N.reg=1
2026-09-12 15:04:24   1142/ 3060  lfso_24match01              0.3 s  Freq=Y N.periodos=1 N.reg=32
2026-09-12 15:04:24   1143/ 3060  nrg_inf_epc                 0.3 s  Freq=Y N.periodos=35 N.reg=42
2026-09-12 15:04:25   1144/ 3060  cult_trd_prd                0.3 s  Freq=Y N.periodos=21 N.reg=36
2026-09-12 15:04:25   1145/ 3060  yth_empl_110                0.6 s  Freq=Y N.periodos=27 N.reg=512
2026-09-12 15:04:25   1146/ 3060  yth_empl_140                0.3 s  Freq=Y N.periodos=27 N.reg=512
2026-09-12 15:04:26   1147/ 3060  trng_lfs_07                 0.4 s  Freq=Y N.periodos=22 N.reg=38
2026-09-12 15:04:26   1148/ 3060  ilc_lvhl16n                 0.3 s  Freq=Y N.periodos=12 N.reg=45
2026-09-12 15:04:26   1149/ 3060  htec_emp_nisco2             0.3 s  Freq=Y N.periodos=18 N.reg=38
2026-09-12 15:04:27   1150/ 3060  fish_ld_mt                  0.3 s  Freq=Y N.periodos=23 N.reg=1
2026-09-12 15:04:27   1151/ 3060  avia_gor_fi                 0.3 s  Freq=Q N.periodos=428 N.reg=0
2026-09-12 15:04:27   1152/ 3060  isoc_ci_in_en2              0.3 s  Freq=Y N.periodos=17 N.reg=42
2026-09-12 15:04:27   1153/ 3060  yth_empl_090                0.2 s  Freq=Y N.periodos=43 N.reg=38
2026-09-12 15:04:28   1154/ 3060  lfso_24match10              0.3 s  Freq=Y N.periodos=1 N.reg=32
2026-09-12 15:04:28   1155/ 3060  sts_setu_a                  0.2 s  Freq=Y N.periodos=32 N.reg=41
2026-09-12 15:04:28   1156/ 3060  isoc_eb_dan2                0.3 s  Freq=Y N.periodos=3 N.reg=35
2026-09-12 15:04:28   1157/ 3060  trng_lfs_31                 0.2 s  Freq=Y N.periodos=2 N.reg=36
2026-09-12 15:04:29   1158/ 3060  apro_mk_colm                0.3 s  Freq=M N.periodos=704 N.reg=46
2026-09-12 15:04:29   1159/ 3060  prc_ppp_ind_1               0.2 s  Freq=Y N.periodos=31 N.reg=44
2026-09-12 15:04:29   1160/ 3060  demo_facbc                  0.3 s  Freq=Y N.periodos=18 N.reg=56
2026-09-12 15:04:30   1161/ 3060  lfst_hh2jchi                0.2 s  Freq=Y N.periodos=20 N.reg=36
2026-09-12 15:04:30   1162/ 3060  sts_copr_q                  0.3 s  Freq=Q N.periodos=186 N.reg=42
2026-09-12 15:04:30   1163/ 3060  educ_uoe_enra11             0.3 s  Freq=Y N.periodos=12 N.reg=483
2026-09-12 15:04:30   1164/ 3060  edat_lfse_20                0.2 s  Freq=Y N.periodos=26 N.reg=38
2026-09-12 15:04:31   1165/ 3060  demo_nsinagec               0.3 s  Freq=Y N.periodos=35 N.reg=57
2026-09-12 15:04:31   1166/ 3060  ilc_peps04n                 0.3 s  Freq=Y N.periodos=11 N.reg=46
2026-09-12 15:04:37   1167/ 3060  tour_lfsq2r2                5.8 s  Freq=Q N.periodos=74 N.reg=38
2026-09-12 15:04:37   1168/ 3060  ilc_mdsd03                  0.3 s  Freq=Y N.periodos=12 N.reg=46
2026-09-12 15:04:37   1169/ 3060  apro_mk_pobta               0.3 s  Freq=Y N.periodos=65 N.reg=38
2026-09-12 15:04:37   1170/ 3060  migr_resltr                 0.3 s  Freq=Y N.periodos=10 N.reg=33
2026-09-12 15:04:38   1171/ 3060  avia_gor_pl                 0.3 s  Freq=Q N.periodos=357 N.reg=0
2026-09-12 15:04:38   1172/ 3060  isoc_eid_ieid               0.3 s  Freq=Y N.periodos=2 N.reg=37
2026-09-12 15:04:38   1173/ 3060  isoc_ske_itrcrn2            0.3 s  Freq=Y N.periodos=10 N.reg=41
2026-09-12 15:04:39   1174/ 3060  migr_netmigr                0.2 s  Freq=Y N.periodos=12 N.reg=34
2026-09-12 15:04:39   1175/ 3060  trng_lfs_32                 0.2 s  Freq=Y N.periodos=2 N.reg=36
2026-09-12 15:04:39   1176/ 3060  lfst_r_pgaum                0.3 s  Freq=Y N.periodos=5 N.reg=36
2026-09-12 15:04:39   1177/ 3060  ilc_li07                    0.3 s  Freq=Y N.periodos=23 N.reg=41
2026-09-12 15:04:40   1178/ 3060  ext_stec02                  0.3 s  Freq=Y N.periodos=12 N.reg=30
2026-09-12 15:04:40   1179/ 3060  namq_10_lp_ulc              0.2 s  Freq=Q N.periodos=186 N.reg=42
2026-09-12 15:04:40   1180/ 3060  for_basic                   0.3 s  Freq=Y N.periodos=37 N.reg=32
2026-09-12 15:04:40   1181/ 3060  tran_sf_roadus              0.3 s  Freq=Y N.periodos=26 N.reg=35
2026-09-12 15:04:41   1182/ 3060  mar_pa_qm_de                0.2 s  Freq=Q N.periodos=104 N.reg=0
2026-09-12 15:04:41   1183/ 3060  road_go_ta_nace             0.3 s  Freq=Y N.periodos=18 N.reg=23
2026-09-12 15:04:41   1184/ 3060  lfst_hhptety                0.3 s  Freq=Y N.periodos=20 N.reg=36
2026-09-12 15:04:41   1185/ 3060  migr_lct                    0.3 s  Freq=Y N.periodos=17 N.reg=21
2026-09-12 15:04:42   1186/ 3060  env_esst_cepgg              0.3 s  Freq=Y N.periodos=14 N.reg=30
2026-09-12 15:04:42   1187/ 3060  nama_10_pc                  0.3 s  Freq=Y N.periodos=51 N.reg=46
2026-09-12 15:04:42   1188/ 3060  ilc_lvho16                  0.3 s  Freq=Y N.periodos=23 N.reg=46
2026-09-12 15:04:43   1189/ 3060  ei_bssi_m_r2                0.3 s  Freq=M N.periodos=560 N.reg=35
2026-09-12 15:04:43   1190/ 3060  lfsa_egaidl                 0.3 s  Freq=Y N.periodos=2 N.reg=36
2026-09-12 15:04:43   1191/ 3060  lfst_hhsety                 0.3 s  Freq=Y N.periodos=20 N.reg=36
2026-09-12 15:04:43   1192/ 3060  tran_r_vehst                0.3 s  Freq=Y N.periodos=35 N.reg=522
2026-09-12 15:04:44   1193/ 3060  urb_cfermor                 0.3 s  Freq=Y N.periodos=36 N.reg=0
2026-09-12 15:04:44   1194/ 3060  ilc_lvho26                  0.2 s  Freq=Y N.periodos=23 N.reg=46
2026-09-12 15:04:44   1195/ 3060  isoc_ec_wsobsn2             0.3 s  Freq=Y N.periodos=5 N.reg=38
2026-09-12 15:04:45   1196/ 3060  ilc_di01                    0.3 s  Freq=Y N.periodos=30 N.reg=48
2026-09-12 15:04:45   1197/ 3060  ilc_lvhl01                  0.3 s  Freq=Y N.periodos=23 N.reg=43
2026-09-12 15:04:45   1198/ 3060  ilc_lvhl34                  0.4 s  Freq=Y N.periodos=20 N.reg=45
2026-09-12 15:04:46   1199/ 3060  avia_gor_at                 0.4 s  Freq=Q N.periodos=399 N.reg=0
2026-09-12 15:04:46   1200/ 3060  road_go_ta_tcrg             0.3 s  Freq=Y N.periodos=27 N.reg=30
2026-09-12 15:04:46   1201/ 3060  isoc_ec_ifi20               0.3 s  Freq=Y N.periodos=6 N.reg=40
2026-09-12 15:04:47   1202/ 3060  lfsa_e2gis                  0.4 s  Freq=Y N.periodos=43 N.reg=38
2026-09-12 15:04:47   1203/ 3060  avia_par_is                 0.3 s  Freq=Q N.periodos=374 N.reg=0
2026-09-12 15:04:47   1204/ 3060  migr_eirt_vol               0.3 s  Freq=Y N.periodos=15 N.reg=25
2026-09-12 15:04:47   1205/ 3060  ilc_mdsd04                  0.3 s  Freq=Y N.periodos=12 N.reg=46
2026-09-12 15:04:48   1206/ 3060  trng_lfse_02                0.2 s  Freq=Y N.periodos=34 N.reg=38
2026-09-12 15:04:48   1207/ 3060  lfst_hhtemty                0.3 s  Freq=Y N.periodos=20 N.reg=36
2026-09-12 15:04:48   1208/ 3060  lfst_hhwahty                0.2 s  Freq=Y N.periodos=20 N.reg=36
2026-09-12 15:04:48   1209/ 3060  lfsa_eetpgar                0.3 s  Freq=Y N.periodos=43 N.reg=38
2026-09-12 15:04:49   1210/ 3060  met_proj_19rdbi             0.3 s  Freq=Y N.periodos=82 N.reg=0
2026-09-12 15:04:49   1211/ 3060  gba_nabsfin07               0.2 s  Freq=Y N.periodos=23 N.reg=46
2026-09-12 15:04:49   1212/ 3060  ilc_lvhl12                  0.3 s  Freq=Y N.periodos=23 N.reg=46
2026-09-12 15:04:50   1213/ 3060  educ_uoe_enrs05             0.2 s  Freq=Y N.periodos=13 N.reg=41
2026-09-12 15:04:50   1214/ 3060  sts_rb_q                    0.3 s  Freq=Q N.periodos=46 N.reg=39
2026-09-12 15:04:50   1215/ 3060  ilc_peps05n                 0.4 s  Freq=Y N.periodos=11 N.reg=46
2026-09-12 15:04:50   1216/ 3060  urb_lpopstr                 0.3 s  Freq=Y N.periodos=37 N.reg=0
2026-09-12 15:04:51   1217/ 3060  hlth_silc_19                0.3 s  Freq=Y N.periodos=23 N.reg=43
2026-09-12 15:04:51   1218/ 3060  nrg_d_serq_n                0.2 s  Freq=Y N.periodos=5 N.reg=35
2026-09-12 15:04:51   1219/ 3060  trng_lfse_03                0.3 s  Freq=Y N.periodos=26 N.reg=38
2026-09-12 15:04:52   1220/ 3060  road_go_na_dctg             0.2 s  Freq=Y N.periodos=18 N.reg=31
2026-09-12 15:04:52   1221/ 3060  migr_eirt_agr               0.3 s  Freq=Y N.periodos=12 N.reg=21
2026-09-12 15:04:52   1222/ 3060  mar_pa_qm_el                0.3 s  Freq=Q N.periodos=117 N.reg=0
2026-09-12 15:04:52   1223/ 3060  tour_dem_ttmd               0.3 s  Freq=Y N.periodos=13 N.reg=35
2026-09-12 15:04:53   1224/ 3060  tour_dem_tnmd               0.2 s  Freq=Y N.periodos=13 N.reg=35
2026-09-12 15:04:53   1225/ 3060  mar_pa_qm_nl                0.2 s  Freq=Q N.periodos=117 N.reg=0
2026-09-12 15:04:53   1226/ 3060  edat_lfse_22                0.2 s  Freq=Y N.periodos=26 N.reg=512
2026-09-12 15:04:54   1227/ 3060  env_ac_epiap1               0.5 s  Freq=Y N.periodos=19 N.reg=32
2026-09-12 15:04:54   1228/ 3060  ilc_di20                    0.2 s  Freq=Y N.periodos=23 N.reg=41
2026-09-12 15:04:54   1229/ 3060  fish_ld_hr                  0.2 s  Freq=Y N.periodos=15 N.reg=1
2026-09-12 15:04:54   1230/ 3060  fish_ld_cy                  0.2 s  Freq=Y N.periodos=22 N.reg=1
2026-09-12 15:04:55   1231/ 3060  urb_cpopcb                  0.3 s  Freq=Y N.periodos=36 N.reg=0
2026-09-12 15:04:55   1232/ 3060  demo_r_mwk_ts               0.6 s  Freq=W N.periodos=1388 N.reg=39
2026-09-12 15:04:55   1233/ 3060  demo_nsinrt                 0.3 s  Freq=Y N.periodos=35 N.reg=48
2026-09-12 15:04:56   1234/ 3060  nrg_cb_gasm                 0.3 s  Freq=M N.periodos=224 N.reg=41
2026-09-12 15:04:56   1235/ 3060  fish_ld_si                  0.3 s  Freq=Y N.periodos=24 N.reg=1
2026-09-12 15:04:56   1236/ 3060  naida_10_a10                0.2 s  Freq=Y N.periodos=51 N.reg=157
2026-09-12 15:04:57   1237/ 3060  ilc_lvho07a                 0.4 s  Freq=Y N.periodos=23 N.reg=46
2026-09-12 15:04:57   1238/ 3060  hlth_silc_05                0.2 s  Freq=Y N.periodos=18 N.reg=46
2026-09-12 15:04:57   1239/ 3060  rd_e_gerdact                0.3 s  Freq=Y N.periodos=45 N.reg=45
2026-09-12 15:04:57   1240/ 3060  ilc_mded03                  0.3 s  Freq=Y N.periodos=23 N.reg=46
2026-09-12 15:04:58   1241/ 3060  migr_resict2_1              0.3 s  Freq=Y N.periodos=9 N.reg=31
2026-09-12 15:04:58   1242/ 3060  spr_rec_sumt                0.3 s  Freq=Y N.periodos=35 N.reg=47
2026-09-12 15:04:58   1243/ 3060  ilc_di08                    0.4 s  Freq=Y N.periodos=23 N.reg=46
2026-09-12 15:04:59   1244/ 3060  lfsa_sup_age                0.2 s  Freq=Y N.periodos=20 N.reg=38
2026-09-12 15:04:59   1245/ 3060  avia_par_lu                 0.3 s  Freq=Q N.periodos=349 N.reg=0
2026-09-12 15:04:59   1246/ 3060  hsw_n2_02                   0.2 s  Freq=Y N.periodos=17 N.reg=35
2026-09-12 15:04:59   1247/ 3060  edat_lfs_9920               0.2 s  Freq=Y N.periodos=2 N.reg=36
2026-09-12 15:05:00   1248/ 3060  ilc_mdsd14                  0.3 s  Freq=Y N.periodos=11 N.reg=40
2026-09-12 15:05:00   1249/ 3060  ext_lt_intratrd             0.5 s  Freq=Y N.periodos=24 N.reg=28
2026-09-12 15:05:00   1250/ 3060  educ_uoe_perd01             0.2 s  Freq=Y N.periodos=12 N.reg=40
2026-09-12 15:05:00   1251/ 3060  hsw_mi06                    0.3 s  Freq=Y N.periodos=17 N.reg=35
2026-09-12 15:05:01   1252/ 3060  lfsa_ipga                   0.3 s  Freq=Y N.periodos=43 N.reg=38
2026-09-12 15:05:01   1253/ 3060  hlth_dpe050                 0.3 s  Freq=Y N.periodos=16 N.reg=46
2026-09-12 15:05:01   1254/ 3060  htec_emp_nat2               0.2 s  Freq=Y N.periodos=18 N.reg=38
2026-09-12 15:05:02   1255/ 3060  edat_lfse_35                0.3 s  Freq=Y N.periodos=22 N.reg=38
2026-09-12 15:05:02   1256/ 3060  migr_resbc7                 0.3 s  Freq=Y N.periodos=2 N.reg=27
2026-09-12 15:05:02   1257/ 3060  fish_aq2b                   0.2 s  Freq=Y N.periodos=17 N.reg=38
2026-09-12 15:05:02   1258/ 3060  demo_pjanind                0.3 s  Freq=Y N.periodos=66 N.reg=60
2026-09-12 15:05:03   1259/ 3060  ilc_lvho05a                 0.4 s  Freq=Y N.periodos=23 N.reg=46
2026-09-12 15:05:03   1260/ 3060  jvs_a_isco3_r1              0.6 s  Freq=Y N.periodos=6 N.reg=123
2026-09-12 15:05:04   1261/ 3060  aei_pestuse                 0.2 s  Freq=Y N.periodos=15 N.reg=29
2026-09-12 15:05:04   1262/ 3060  bop_eu6_m                   0.3 s  Freq=M N.periodos=330 N.reg=5
2026-09-12 15:05:04   1263/ 3060  ei_bsse_m_r2                0.2 s  Freq=M N.periodos=464 N.reg=34
2026-09-12 15:05:05   1264/ 3060  lfst_hh2jty                 0.5 s  Freq=Y N.periodos=20 N.reg=36
2026-09-12 15:05:05   1265/ 3060  ilc_lvho15                  0.3 s  Freq=Y N.periodos=23 N.reg=46
2026-09-12 15:05:05   1266/ 3060  ilc_li31                    0.3 s  Freq=Y N.periodos=23 N.reg=46
2026-09-12 15:05:06   1267/ 3060  avia_gor_no                 0.4 s  Freq=Q N.periodos=274 N.reg=0
2026-09-12 15:05:06   1268/ 3060  nama_10r_3nlp               0.4 s  Freq=Y N.periodos=25 N.reg=1623
2026-09-12 15:05:06   1269/ 3060  isoc_r_ci_it_en2            0.3 s  Freq=Y N.periodos=3 N.reg=179
2026-09-12 15:05:07   1270/ 3060  ilc_iw16                    0.3 s  Freq=Y N.periodos=23 N.reg=46
2026-09-12 15:05:07   1271/ 3060  ext_st_eabec                0.2 s  Freq=M N.periodos=294 N.reg=1
2026-09-12 15:05:07   1272/ 3060  isoc_ci_hm                  0.2 s  Freq=Y N.periodos=2 N.reg=29
2026-09-12 15:05:07   1273/ 3060  lfsq_ewh2n21                0.2 s  Freq=Q N.periodos=2 N.reg=36
2026-09-12 15:05:08   1274/ 3060  demo_fasec                  0.5 s  Freq=Y N.periodos=18 N.reg=59
2026-09-12 15:05:08   1275/ 3060  rd_e_gerdsobj07             0.2 s  Freq=Y N.periodos=22 N.reg=45
2026-09-12 15:05:08   1276/ 3060  isoc_r_eb_ain2              0.3 s  Freq=Y N.periodos=3 N.reg=179
2026-09-12 15:05:09   1277/ 3060  ilc_lvho25                  0.3 s  Freq=Y N.periodos=23 N.reg=46
2026-09-12 15:05:09   1278/ 3060  ilc_lvhl16                  0.3 s  Freq=Y N.periodos=23 N.reg=46
2026-09-12 15:05:09   1279/ 3060  edat_lfse_36                0.3 s  Freq=Y N.periodos=22 N.reg=38
2026-09-12 15:05:09   1280/ 3060  tour_lfsq3r2                0.3 s  Freq=Q N.periodos=74 N.reg=38
2026-09-12 15:05:10   1281/ 3060  spr_exp_fho                 0.3 s  Freq=Y N.periodos=35 N.reg=46
2026-09-12 15:05:10   1282/ 3060  nama_10_nfa_bs              0.2 s  Freq=Y N.periodos=51 N.reg=32
2026-09-12 15:05:10   1283/ 3060  nrg_stk_oil                 0.2 s  Freq=Y N.periodos=35 N.reg=44
2026-09-12 15:05:10   1284/ 3060  educ_uoe_lang01             0.3 s  Freq=Y N.periodos=13 N.reg=41
2026-09-12 15:05:11   1285/ 3060  migr_eirt_ass               0.3 s  Freq=Y N.periodos=12 N.reg=23
2026-09-12 15:05:11   1286/ 3060  hlth_silc_25                0.3 s  Freq=Y N.periodos=18 N.reg=46
2026-09-12 15:05:11   1287/ 3060  lfsa_epgan2                 0.3 s  Freq=Y N.periodos=18 N.reg=38
2026-09-12 15:05:12   1288/ 3060  ilc_lvhl13n                 0.3 s  Freq=Y N.periodos=12 N.reg=46
2026-09-12 15:05:12   1289/ 3060  fish_ca_atl21               0.3 s  Freq=Y N.periodos=26 N.reg=20
2026-09-12 15:05:12   1290/ 3060  lfsa_eegatm                 0.4 s  Freq=Y N.periodos=5 N.reg=36
2026-09-12 15:05:12   1291/ 3060  avia_par_sk                 0.3 s  Freq=Q N.periodos=365 N.reg=0
2026-09-12 15:05:13   1292/ 3060  org_cropar                  0.3 s  Freq=Y N.periodos=13 N.reg=39
2026-09-12 15:05:13   1293/ 3060  spr_rec_sums                0.3 s  Freq=Y N.periodos=35 N.reg=47
2026-09-12 15:05:13   1294/ 3060  ilc_mded05                  0.2 s  Freq=Y N.periodos=23 N.reg=46
2026-09-12 15:05:13   1295/ 3060  tour_dem_exsex              0.3 s  Freq=Y N.periodos=13 N.reg=35
2026-09-12 15:05:14   1296/ 3060  edat_lfse_29                0.3 s  Freq=Y N.periodos=26 N.reg=38
2026-09-12 15:05:14   1297/ 3060  lfsa_ipgaeddl               0.3 s  Freq=Y N.periodos=2 N.reg=36
2026-09-12 15:05:14   1298/ 3060  ilc_di13                    0.2 s  Freq=Y N.periodos=23 N.reg=46
2026-09-12 15:05:15   1299/ 3060  ilc_di14                    0.3 s  Freq=Y N.periodos=23 N.reg=46
2026-09-12 15:05:15   1300/ 3060  lfst_hhnhtych               0.3 s  Freq=Y N.periodos=20 N.reg=36
2026-09-12 15:05:15   1301/ 3060  lfst_hhantych               0.2 s  Freq=Y N.periodos=20 N.reg=36
2026-09-12 15:05:15   1302/ 3060  lfsa_etpgacob               0.3 s  Freq=Y N.periodos=31 N.reg=38
2026-09-12 15:05:16   1303/ 3060  urt_pjanaggr3               0.4 s  Freq=Y N.periodos=36 N.reg=38
2026-09-12 15:05:16   1304/ 3060  nrg_pc_203                  0.3 s  Freq=S N.periodos=38 N.reg=37
2026-09-12 15:05:16   1305/ 3060  rd_e_berdpfr2               0.3 s  Freq=Y N.periodos=20 N.reg=45
2026-09-12 15:05:17   1306/ 3060  trng_lfs_13                 0.3 s  Freq=Y N.periodos=22 N.reg=38
2026-09-12 15:05:17   1307/ 3060  urb_llivcon                 0.3 s  Freq=Y N.periodos=37 N.reg=0
2026-09-12 15:05:17   1308/ 3060  migr_dubtpeno               0.4 s  Freq=Y N.periodos=12 N.reg=31
2026-09-12 15:05:18   1309/ 3060  migr_eirt_des               0.2 s  Freq=Y N.periodos=12 N.reg=20
2026-09-12 15:05:18   1310/ 3060  hlth_sha11_hf               0.3 s  Freq=Y N.periodos=34 N.reg=44
2026-09-12 15:05:18   1311/ 3060  avia_gor_dk                 0.3 s  Freq=Q N.periodos=374 N.reg=0
2026-09-12 15:05:18   1312/ 3060  ilc_li21                    0.2 s  Freq=Y N.periodos=19 N.reg=40
2026-09-12 15:05:19   1313/ 3060  tour_dem_exws               0.2 s  Freq=Y N.periodos=13 N.reg=34
2026-09-12 15:05:19   1314/ 3060  migr_dubtpeni               0.4 s  Freq=Y N.periodos=12 N.reg=32
2026-09-12 15:05:19   1315/ 3060  isoc_ec_esels               0.3 s  Freq=Y N.periodos=16 N.reg=42
2026-09-12 15:05:20   1316/ 3060  sts_colb_q                  0.3 s  Freq=Q N.periodos=147 N.reg=41
2026-09-12 15:05:20   1317/ 3060  trng_lfs_14                 0.3 s  Freq=Y N.periodos=22 N.reg=38
2026-09-12 15:05:20   1318/ 3060  iww_go_atyca                0.4 s  Freq=Y N.periodos=12 N.reg=9
2026-09-12 15:05:21   1319/ 3060  lfsa_argaeddl               0.4 s  Freq=Y N.periodos=2 N.reg=36
2026-09-12 15:05:21   1320/ 3060  lfsa_etpgan                 0.2 s  Freq=Y N.periodos=31 N.reg=38
2026-09-12 15:05:21   1321/ 3060  ilc_pw05                    0.3 s  Freq=Y N.periodos=7 N.reg=40
2026-09-12 15:05:21   1322/ 3060  educ_uoe_enrs02             0.3 s  Freq=Y N.periodos=13 N.reg=41
2026-09-12 15:05:22   1323/ 3060  tour_dem_ttage              0.2 s  Freq=Y N.periodos=13 N.reg=35
2026-09-12 15:05:22   1324/ 3060  tour_dem_tnage              0.3 s  Freq=Y N.periodos=13 N.reg=35
2026-09-12 15:05:22   1325/ 3060  ilc_mdsd16                  0.3 s  Freq=Y N.periodos=12 N.reg=43
2026-09-12 15:05:22   1326/ 3060  urb_lfermor                 0.3 s  Freq=Y N.periodos=36 N.reg=0
2026-09-12 15:05:23   1327/ 3060  fish_fleet_gp               0.3 s  Freq=Y N.periodos=36 N.reg=26
2026-09-12 15:05:23   1328/ 3060  tour_dem_exed11             0.3 s  Freq=Y N.periodos=13 N.reg=34
2026-09-12 15:05:23   1329/ 3060  spr_rec_scon                0.2 s  Freq=Y N.periodos=35 N.reg=47
2026-09-12 15:05:23   1330/ 3060  edat_lfse_28                0.2 s  Freq=Y N.periodos=22 N.reg=38
2026-09-12 15:05:24   1331/ 3060  avia_par_ee                 0.2 s  Freq=Q N.periodos=345 N.reg=0
2026-09-12 15:05:24   1332/ 3060  trng_lfs_12                 0.3 s  Freq=Y N.periodos=22 N.reg=38
2026-09-12 15:05:24   1333/ 3060  avia_gor_ie                 0.3 s  Freq=Q N.periodos=431 N.reg=0
2026-09-12 15:05:25   1334/ 3060  lfst_hhmgscomp              0.2 s  Freq=Y N.periodos=5 N.reg=34
2026-09-12 15:05:25   1335/ 3060  ilc_iw15                    0.3 s  Freq=Y N.periodos=23 N.reg=46
2026-09-12 15:05:25   1336/ 3060  lfsa_esegatyp               0.3 s  Freq=Y N.periodos=13 N.reg=38
2026-09-12 15:05:25   1337/ 3060  apro_mt_pann                0.2 s  Freq=Y N.periodos=76 N.reg=43
2026-09-12 15:05:26   1338/ 3060  lfst_hhwhacc                0.3 s  Freq=Y N.periodos=20 N.reg=36
2026-09-12 15:05:26   1339/ 3060  mar_go_aa                   0.4 s  Freq=Y N.periodos=29 N.reg=0
2026-09-12 15:05:26   1340/ 3060  lfsa_enewasc                0.2 s  Freq=Y N.periodos=31 N.reg=38
2026-09-12 15:05:26   1341/ 3060  tour_dem_ttw                0.2 s  Freq=Y N.periodos=13 N.reg=35
2026-09-12 15:05:27   1342/ 3060  tour_dem_tnw                0.3 s  Freq=Y N.periodos=13 N.reg=35
2026-09-12 15:05:27   1343/ 3060  avia_par_rs                 0.2 s  Freq=Q N.periodos=153 N.reg=0
2026-09-12 15:05:27   1344/ 3060  hlth_sha11_fs               0.3 s  Freq=Y N.periodos=34 N.reg=27
2026-09-12 15:05:27   1345/ 3060  isoc_eco_ic                 0.3 s  Freq=Y N.periodos=2 N.reg=29
2026-09-12 15:05:28   1346/ 3060  ilc_lvho06                  0.3 s  Freq=Y N.periodos=23 N.reg=46
2026-09-12 15:05:28   1347/ 3060  lfsi_sta_q                  0.3 s  Freq=Q N.periodos=70 N.reg=39
2026-09-12 15:05:28   1348/ 3060  migr_asydec1pc              0.2 s  Freq=Y N.periodos=18 N.reg=34
2026-09-12 15:05:28   1349/ 3060  edat_lfse_23                0.3 s  Freq=Y N.periodos=22 N.reg=38
2026-09-12 15:05:29   1350/ 3060  ilc_peps03n                 0.3 s  Freq=Y N.periodos=11 N.reg=46
2026-09-12 15:05:29   1351/ 3060  iww_go_anave                0.3 s  Freq=Y N.periodos=44 N.reg=20
2026-09-12 15:05:29   1352/ 3060  lfsi_abt_q                  0.2 s  Freq=Q N.periodos=70 N.reg=39
2026-09-12 15:05:29   1353/ 3060  isoc_ci_ran2                0.2 s  Freq=Y N.periodos=7 N.reg=41
2026-09-12 15:05:30   1354/ 3060  lfsi_neet_q                 0.2 s  Freq=Q N.periodos=94 N.reg=38
2026-09-12 15:05:30   1355/ 3060  demo_frate                  0.2 s  Freq=Y N.periodos=65 N.reg=57
2026-09-12 15:05:30   1356/ 3060  ilc_lvhl14n                 0.3 s  Freq=Y N.periodos=12 N.reg=45
2026-09-12 15:05:31   1357/ 3060  prc_hpi_ooq                 0.4 s  Freq=Q N.periodos=85 N.reg=36
2026-09-12 15:05:31   1358/ 3060  lfsa_enewasn                0.3 s  Freq=Y N.periodos=31 N.reg=38
2026-09-12 15:05:31   1359/ 3060  lfsa_eppgacob               0.3 s  Freq=Y N.periodos=31 N.reg=38
2026-09-12 15:05:31   1360/ 3060  lfsq_egdn21                 0.2 s  Freq=Q N.periodos=2 N.reg=36
2026-09-12 15:05:32   1361/ 3060  lfsi_lea_q                  0.3 s  Freq=Q N.periodos=70 N.reg=39
2026-09-12 15:05:32   1362/ 3060  nrg_pc_203_c                0.3 s  Freq=Y N.periodos=9 N.reg=37
2026-09-12 15:05:32   1363/ 3060  avia_gor_ro                 0.3 s  Freq=Q N.periodos=356 N.reg=0
2026-09-12 15:05:33   1364/ 3060  ei_bsin_q_r2                0.3 s  Freq=Q N.periodos=187 N.reg=35
2026-09-12 15:05:33   1365/ 3060  lfso_24match02              0.3 s  Freq=Y N.periodos=1 N.reg=32
2026-09-12 15:05:33   1366/ 3060  ext_tic02                   0.2 s  Freq=Y N.periodos=5 N.reg=41
2026-09-12 15:05:33   1367/ 3060  ilc_mddu05a                 0.2 s  Freq=Y N.periodos=11 N.reg=37
2026-09-12 15:05:34   1368/ 3060  ilc_peps01n                 0.3 s  Freq=Y N.periodos=11 N.reg=45
2026-09-12 15:05:34   1369/ 3060  tour_lfsq1r2                0.3 s  Freq=Q N.periodos=74 N.reg=38
2026-09-12 15:05:34   1370/ 3060  nama_10_exi                 0.3 s  Freq=Y N.periodos=51 N.reg=46
2026-09-12 15:05:35   1371/ 3060  fish_ld_pl                  0.5 s  Freq=Y N.periodos=20 N.reg=1
2026-09-12 15:05:35   1372/ 3060  ilc_mdsd11                  0.3 s  Freq=Y N.periodos=11 N.reg=45
2026-09-12 15:05:35   1373/ 3060  isoc_ciegi_pb22             0.2 s  Freq=Y N.periodos=2 N.reg=37
2026-09-12 15:05:35   1374/ 3060  mar_pa_qm_dk                0.3 s  Freq=Q N.periodos=118 N.reg=0
2026-09-12 15:05:36   1375/ 3060  educ_uoe_enrt06             0.3 s  Freq=Y N.periodos=12 N.reg=484
2026-09-12 15:05:36   1376/ 3060  ilc_lvhl15n                 0.3 s  Freq=Y N.periodos=12 N.reg=45
2026-09-12 15:05:36   1377/ 3060  lfso_24match11              0.3 s  Freq=Y N.periodos=1 N.reg=32
2026-09-12 15:05:36   1378/ 3060  road_go_ta_trat             0.3 s  Freq=Y N.periodos=27 N.reg=5
2026-09-12 15:05:37   1379/ 3060  mar_pa_qm_se                0.2 s  Freq=Q N.periodos=114 N.reg=0
2026-09-12 15:05:37   1380/ 3060  isoc_ske_ittn2              0.2 s  Freq=Y N.periodos=10 N.reg=41
2026-09-12 15:05:37   1381/ 3060  env_epea_invap              0.3 s  Freq=Y N.periodos=14 N.reg=31
2026-09-12 15:05:38   1382/ 3060  prc_hicp_ctr                0.3 s  Freq=M N.periodos=295 N.reg=1
2026-09-12 15:05:38   1383/ 3060  avia_gor_hu                 0.3 s  Freq=Q N.periodos=391 N.reg=0
2026-09-12 15:05:38   1384/ 3060  urt_proj_19rp               0.3 s  Freq=Y N.periodos=82 N.reg=32
2026-09-12 15:05:38   1385/ 3060  urt_proj_19ranmig           0.3 s  Freq=Y N.periodos=82 N.reg=32
2026-09-12 15:05:39   1386/ 3060  urt_proj_19rdth             0.3 s  Freq=Y N.periodos=82 N.reg=32
2026-09-12 15:05:39   1387/ 3060  isoc_cicce_use              0.2 s  Freq=Y N.periodos=10 N.reg=41
2026-09-12 15:05:39   1388/ 3060  ilc_mdsd15                  0.3 s  Freq=Y N.periodos=12 N.reg=43
2026-09-12 15:05:39   1389/ 3060  urb_ceduc                   0.3 s  Freq=Y N.periodos=36 N.reg=0
2026-09-12 15:05:40   1390/ 3060  lfsa_sup_edu                0.2 s  Freq=Y N.periodos=20 N.reg=38
2026-09-12 15:05:40   1391/ 3060  demo_faeduc                 0.3 s  Freq=Y N.periodos=18 N.reg=51
2026-09-12 15:05:40   1392/ 3060  lc_lci_lev                  0.3 s  Freq=Y N.periodos=9 N.reg=43
2026-09-12 15:05:41   1393/ 3060  lfsa_eppgan                 0.3 s  Freq=Y N.periodos=31 N.reg=38
2026-09-12 15:05:41   1394/ 3060  tour_dem_exinc              0.3 s  Freq=Y N.periodos=13 N.reg=34
2026-09-12 15:05:41   1395/ 3060  tour_occ_nin3               0.4 s  Freq=Y N.periodos=6 N.reg=1740
2026-09-12 15:05:41   1396/ 3060  tour_dem_ttpw               0.3 s  Freq=Y N.periodos=5 N.reg=32
2026-09-12 15:05:42   1397/ 3060  tour_dem_tnpw               0.2 s  Freq=Y N.periodos=5 N.reg=32
2026-09-12 15:05:42   1398/ 3060  lfsq_eegan21                0.3 s  Freq=Q N.periodos=2 N.reg=36
2026-09-12 15:05:42   1399/ 3060  lfso_24match07              0.3 s  Freq=Y N.periodos=1 N.reg=32
2026-09-12 15:05:42   1400/ 3060  ilc_mddu07a                 0.3 s  Freq=Y N.periodos=12 N.reg=46
2026-09-12 15:05:43   1401/ 3060  educ_uoe_enrs04             0.3 s  Freq=Y N.periodos=15 N.reg=41
2026-09-12 15:05:43   1402/ 3060  ext_tec02                   0.4 s  Freq=Y N.periodos=13 N.reg=37
2026-09-12 15:05:43   1403/ 3060  ilc_mddu06a                 0.3 s  Freq=Y N.periodos=12 N.reg=46
2026-09-12 15:05:44   1404/ 3060  hlth_dpe020                 0.2 s  Freq=Y N.periodos=16 N.reg=46
2026-09-12 15:05:44   1405/ 3060  hlth_dpe030                 0.3 s  Freq=Y N.periodos=16 N.reg=46
2026-09-12 15:05:44   1406/ 3060  hlth_dhc040                 0.2 s  Freq=Y N.periodos=16 N.reg=46
2026-09-12 15:05:44   1407/ 3060  hlth_dm090                  0.2 s  Freq=Y N.periodos=16 N.reg=46
2026-09-12 15:05:45   1408/ 3060  hlth_dm020                  0.2 s  Freq=Y N.periodos=16 N.reg=46
2026-09-12 15:05:45   1409/ 3060  hlth_dm030                  0.4 s  Freq=Y N.periodos=16 N.reg=46
2026-09-12 15:05:45   1410/ 3060  hlth_dhc140                 0.3 s  Freq=Y N.periodos=16 N.reg=46
2026-09-12 15:05:46   1411/ 3060  hlth_dm040                  0.3 s  Freq=Y N.periodos=16 N.reg=46
2026-09-12 15:05:46   1412/ 3060  hlth_dm110                  0.2 s  Freq=Y N.periodos=16 N.reg=46
2026-09-12 15:05:46   1413/ 3060  tour_occ_ninatdc            0.2 s  Freq=Y N.periodos=14 N.reg=42
2026-09-12 15:05:46   1414/ 3060  hlth_dh020                  0.3 s  Freq=Y N.periodos=16 N.reg=46
2026-09-12 15:05:47   1415/ 3060  lfsa_egasdl                 0.3 s  Freq=Y N.periodos=2 N.reg=36
2026-09-12 15:05:47   1416/ 3060  urb_lpopcb                  0.3 s  Freq=Y N.periodos=36 N.reg=0
2026-09-12 15:05:47   1417/ 3060  lfsa_eppga                  0.3 s  Freq=Y N.periodos=43 N.reg=38
2026-09-12 15:05:48   1418/ 3060  ilc_atsb02a                 0.3 s  Freq=Y N.periodos=1 N.reg=35
2026-09-12 15:05:48   1419/ 3060  hlth_dhc060                 0.2 s  Freq=Y N.periodos=16 N.reg=46
2026-09-12 15:05:48   1420/ 3060  nrg_cb_e                    0.3 s  Freq=Y N.periodos=36 N.reg=44
2026-09-12 15:05:48   1421/ 3060  lfsa_eoqgac                 0.4 s  Freq=Y N.periodos=31 N.reg=38
2026-09-12 15:05:49   1422/ 3060  hlth_dm050                  0.2 s  Freq=Y N.periodos=16 N.reg=46
2026-09-12 15:05:49   1423/ 3060  nrg_pc_205                  0.3 s  Freq=S N.periodos=38 N.reg=43
2026-09-12 15:05:49   1424/ 3060  ert_eff_ic_q                0.3 s  Freq=Q N.periodos=130 N.reg=45
2026-09-12 15:05:49   1425/ 3060  urt_gind3                   0.2 s  Freq=Y N.periodos=25 N.reg=38
2026-09-12 15:05:50   1426/ 3060  urb_ctran                   0.3 s  Freq=Y N.periodos=37 N.reg=0
2026-09-12 15:05:50   1427/ 3060  ilc_lvhl14                  0.5 s  Freq=Y N.periodos=23 N.reg=46
2026-09-12 15:05:50   1428/ 3060  nrg_pc_205_c                0.2 s  Freq=Y N.periodos=9 N.reg=43
2026-09-12 15:05:51   1429/ 3060  urb_ctour                   0.3 s  Freq=Y N.periodos=36 N.reg=0
2026-09-12 15:05:51   1430/ 3060  ext_st_eu27_2020bec         0.2 s  Freq=M N.periodos=294 N.reg=1
2026-09-12 15:05:51   1431/ 3060  lfso_24match06              0.3 s  Freq=Y N.periodos=1 N.reg=32
2026-09-12 15:05:52   1432/ 3060  ilc_mdes10a                 0.5 s  Freq=Y N.periodos=12 N.reg=46
2026-09-12 15:05:52   1433/ 3060  ilc_mdes11a                 0.2 s  Freq=Y N.periodos=12 N.reg=46
2026-09-12 15:05:52   1434/ 3060  educ_uoe_enrp02             0.3 s  Freq=Y N.periodos=13 N.reg=41
2026-09-12 15:05:53   1435/ 3060  ilc_di04                    0.4 s  Freq=Y N.periodos=30 N.reg=47
2026-09-12 15:05:53   1436/ 3060  lfsq_egan21                 0.3 s  Freq=Q N.periodos=2 N.reg=36
2026-09-12 15:05:53   1437/ 3060  demo_poppcctz               0.2 s  Freq=Y N.periodos=5 N.reg=34
2026-09-12 15:05:53   1438/ 3060  isoc_ciweb                  0.3 s  Freq=Y N.periodos=14 N.reg=42
2026-09-12 15:05:54   1439/ 3060  educ_uoe_grad08             0.4 s  Freq=Y N.periodos=12 N.reg=38
2026-09-12 15:05:54   1440/ 3060  educ_uoe_enrs08             0.2 s  Freq=Y N.periodos=13 N.reg=41
2026-09-12 15:05:54   1441/ 3060  demo_poppcctb               0.3 s  Freq=Y N.periodos=5 N.reg=33
2026-09-12 15:05:55   1442/ 3060  iww_go_acsize               0.2 s  Freq=Y N.periodos=19 N.reg=20
2026-09-12 15:05:55   1443/ 3060  tour_dem_tttr               0.2 s  Freq=Y N.periodos=13 N.reg=35
2026-09-12 15:05:55   1444/ 3060  tour_dem_tntr               0.3 s  Freq=Y N.periodos=13 N.reg=35
2026-09-12 15:05:55   1445/ 3060  tour_dem_exls               0.2 s  Freq=Y N.periodos=13 N.reg=35
2026-09-12 15:05:56   1446/ 3060  lfsi_sla_a                  0.3 s  Freq=Y N.periodos=23 N.reg=38
2026-09-12 15:05:56   1447/ 3060  trng_lfs_05                 0.3 s  Freq=Y N.periodos=22 N.reg=38
2026-09-12 15:05:56   1448/ 3060  nama_10r_2gdp               0.3 s  Freq=Y N.periodos=25 N.reg=471
2026-09-12 15:05:56   1449/ 3060  hlth_silc_26                0.3 s  Freq=Y N.periodos=18 N.reg=46
2026-09-12 15:05:57   1450/ 3060  hlth_co_proc3               0.3 s  Freq=Y N.periodos=35 N.reg=37
2026-09-12 15:05:57   1451/ 3060  ei_bslh_m_r2                0.3 s  Freq=M N.periodos=558 N.reg=35
2026-09-12 15:05:57   1452/ 3060  ilc_lvho01                  0.2 s  Freq=Y N.periodos=23 N.reg=43
2026-09-12 15:05:57   1453/ 3060  lfsi_sup_a                  0.2 s  Freq=Y N.periodos=23 N.reg=38
2026-09-12 15:05:58   1454/ 3060  avia_par_si                 0.3 s  Freq=Q N.periodos=357 N.reg=0
2026-09-12 15:05:58   1455/ 3060  lfsa_eoqgan                 0.2 s  Freq=Y N.periodos=31 N.reg=38
2026-09-12 15:05:58   1456/ 3060  lfso_24match03              0.3 s  Freq=Y N.periodos=1 N.reg=32
2026-09-12 15:05:59   1457/ 3060  fish_ld_ee                  0.2 s  Freq=Y N.periodos=20 N.reg=1
2026-09-12 15:05:59   1458/ 3060  road_go_ta_dc               0.3 s  Freq=Y N.periodos=27 N.reg=37
2026-09-12 15:05:59   1459/ 3060  tour_dem_expur              0.3 s  Freq=Y N.periodos=13 N.reg=35
2026-09-12 15:05:59   1460/ 3060  nrg_chp_cpfe                0.3 s  Freq=Y N.periodos=8 N.reg=30
2026-09-12 15:06:00   1461/ 3060  ilc_hch12                   0.3 s  Freq=Y N.periodos=3 N.reg=37
2026-09-12 15:06:00   1462/ 3060  lfsa_e2ged                  0.2 s  Freq=Y N.periodos=43 N.reg=38
2026-09-12 15:06:00   1463/ 3060  trng_lfs_06                 0.2 s  Freq=Y N.periodos=22 N.reg=38
2026-09-12 15:06:00   1464/ 3060  ilc_lvhl03                  0.3 s  Freq=Y N.periodos=23 N.reg=46
2026-09-12 15:06:01   1465/ 3060  ilc_li32                    0.2 s  Freq=Y N.periodos=11 N.reg=40
2026-09-12 15:06:01   1466/ 3060  yth_empl_020                0.3 s  Freq=Y N.periodos=31 N.reg=38
2026-09-12 15:06:01   1467/ 3060  urt_lfp3pop                 0.3 s  Freq=Y N.periodos=27 N.reg=34
2026-09-12 15:06:01   1468/ 3060  lfso_24match12              0.3 s  Freq=Y N.periodos=1 N.reg=32
2026-09-12 15:06:02   1469/ 3060  ilc_lvhl13                  0.3 s  Freq=Y N.periodos=23 N.reg=46
2026-09-12 15:06:02   1470/ 3060  ilc_mdes12a                 0.3 s  Freq=Y N.periodos=12 N.reg=46
2026-09-12 15:06:02   1471/ 3060  ilc_mddu03b                 0.3 s  Freq=Y N.periodos=11 N.reg=40
2026-09-12 15:06:03   1472/ 3060  ilc_mddu03e                 0.3 s  Freq=Y N.periodos=11 N.reg=40
2026-09-12 15:06:03   1473/ 3060  naidq_10_pe                 0.3 s  Freq=Q N.periodos=206 N.reg=54
2026-09-12 15:06:03   1474/ 3060  ilc_mddu03c                 0.2 s  Freq=Y N.periodos=11 N.reg=40
2026-09-12 15:06:03   1475/ 3060  tran_r_net                  0.3 s  Freq=Y N.periodos=35 N.reg=557
2026-09-12 15:06:04   1476/ 3060  mar_pa_qm_tr                0.3 s  Freq=Q N.periodos=74 N.reg=0
2026-09-12 15:06:04   1477/ 3060  lfst_hhwhnpt                0.4 s  Freq=Y N.periodos=20 N.reg=36
2026-09-12 15:06:04   1478/ 3060  ilc_mddu05b                 0.3 s  Freq=Y N.periodos=11 N.reg=40
2026-09-12 15:06:04   1479/ 3060  ilc_mddu03f                 0.3 s  Freq=Y N.periodos=11 N.reg=40
2026-09-12 15:06:05   1480/ 3060  proj_25rdbal                0.3 s  Freq=Y N.periodos=16 N.reg=1165
2026-09-12 15:06:05   1481/ 3060  urt_lfu3rt                  0.3 s  Freq=Y N.periodos=27 N.reg=34
2026-09-12 15:06:05   1482/ 3060  road_go_ta_tg               0.2 s  Freq=Y N.periodos=18 N.reg=36
2026-09-12 15:06:06   1483/ 3060  isoc_eb_ai                  0.3 s  Freq=Y N.periodos=4 N.reg=36
2026-09-12 15:06:06   1484/ 3060  ilc_mddu07d                 0.3 s  Freq=Y N.periodos=11 N.reg=40
2026-09-12 15:06:06   1485/ 3060  ilc_mddu07g                 0.3 s  Freq=Y N.periodos=11 N.reg=40
2026-09-12 15:06:06   1486/ 3060  hlth_dhc010                 0.3 s  Freq=Y N.periodos=21 N.reg=46
2026-09-12 15:06:07   1487/ 3060  ilc_mddu07e                 0.3 s  Freq=Y N.periodos=11 N.reg=40
2026-09-12 15:06:07   1488/ 3060  rd_p_persocc                0.3 s  Freq=Y N.periodos=45 N.reg=45
2026-09-12 15:06:07   1489/ 3060  lfsa_ewpshi                 0.2 s  Freq=Y N.periodos=32 N.reg=38
2026-09-12 15:06:07   1490/ 3060  ilc_lvhl15                  0.3 s  Freq=Y N.periodos=23 N.reg=46
2026-09-12 15:06:08   1491/ 3060  lfso_24match08              0.5 s  Freq=Y N.periodos=1 N.reg=32
2026-09-12 15:06:08   1492/ 3060  isoc_r_blt12_i              0.3 s  Freq=Y N.periodos=20 N.reg=391
2026-09-12 15:06:08   1493/ 3060  isoc_cisce_icn2             0.2 s  Freq=Y N.periodos=3 N.reg=38
2026-09-12 15:06:09   1494/ 3060  nrg_cb_h                    0.2 s  Freq=Y N.periodos=36 N.reg=44
2026-09-12 15:06:09   1495/ 3060  trng_lfse_04                0.3 s  Freq=Y N.periodos=26 N.reg=512
2026-09-12 15:06:09   1496/ 3060  isoc_cimobe_usen2           0.3 s  Freq=Y N.periodos=8 N.reg=40
2026-09-12 15:06:10   1497/ 3060  nama_10_lp_ulc              0.3 s  Freq=Y N.periodos=51 N.reg=44
2026-09-12 15:06:10   1498/ 3060  nrg_inf_hptc                0.4 s  Freq=Y N.periodos=35 N.reg=44
2026-09-12 15:06:10   1499/ 3060  road_go_ta_tott             0.4 s  Freq=Y N.periodos=27 N.reg=37
2026-09-12 15:06:11   1500/ 3060  met_proj_19rp               0.3 s  Freq=Y N.periodos=82 N.reg=0
2026-09-12 15:06:11   1501/ 3060  met_proj_19ranmig           0.2 s  Freq=Y N.periodos=82 N.reg=0
2026-09-12 15:06:11   1502/ 3060  met_proj_19rdth             0.2 s  Freq=Y N.periodos=82 N.reg=0
2026-09-12 15:06:11   1503/ 3060  fish_ld_bg                  0.2 s  Freq=Y N.periodos=21 N.reg=1
2026-09-12 15:06:12   1504/ 3060  nrg_d_hhq                   0.2 s  Freq=Y N.periodos=15 N.reg=42
2026-09-12 15:06:12   1505/ 3060  ilc_li51                    0.2 s  Freq=Y N.periodos=19 N.reg=40
2026-09-12 15:06:12   1506/ 3060  urt_lfu3pers                0.2 s  Freq=Y N.periodos=27 N.reg=34
2026-09-12 15:06:12   1507/ 3060  lfsa_eppgai                 0.2 s  Freq=Y N.periodos=43 N.reg=38
2026-09-12 15:06:13   1508/ 3060  isoc_e_diin2                0.2 s  Freq=Y N.periodos=11 N.reg=39
2026-09-12 15:06:13   1509/ 3060  isoc_r_iuse_i               0.2 s  Freq=Y N.periodos=20 N.reg=391
2026-09-12 15:06:13   1510/ 3060  migr_asydecfp               0.2 s  Freq=Y N.periodos=18 N.reg=34
2026-09-12 15:06:13   1511/ 3060  hrst_st_nocc                0.3 s  Freq=Y N.periodos=32 N.reg=38
2026-09-12 15:06:14   1512/ 3060  lfst_hhwhchit               0.3 s  Freq=Y N.periodos=20 N.reg=36
2026-09-12 15:06:14   1513/ 3060  prc_hicp_ctrb               0.3 s  Freq=M N.periodos=288 N.reg=1
2026-09-12 15:06:14   1514/ 3060  demo_gind                   0.2 s  Freq=Y N.periodos=67 N.reg=60
2026-09-12 15:06:14   1515/ 3060  sts_colb_m                  0.2 s  Freq=M N.periodos=379 N.reg=10
2026-09-12 15:06:15   1516/ 3060  ilc_iw01                    0.2 s  Freq=Y N.periodos=23 N.reg=46
2026-09-12 15:06:15   1517/ 3060  nrg_pc_204                  0.2 s  Freq=S N.periodos=38 N.reg=43
2026-09-12 15:06:15   1518/ 3060  demo_fweight                0.3 s  Freq=Y N.periodos=12 N.reg=53
2026-09-12 15:06:15   1519/ 3060  nrg_pc_204_c                0.2 s  Freq=Y N.periodos=9 N.reg=43
2026-09-12 15:06:16   1520/ 3060  demo_r_find3                0.4 s  Freq=Y N.periodos=12 N.reg=2122
2026-09-12 15:06:16   1521/ 3060  sts_trlb_a                  0.2 s  Freq=Y N.periodos=36 N.reg=42
2026-09-12 15:06:16   1522/ 3060  tour_lfsq5r2                0.2 s  Freq=Q N.periodos=74 N.reg=38
2026-09-12 15:06:17   1523/ 3060  ei_bsee_m_r2                0.3 s  Freq=M N.periodos=560 N.reg=35
2026-09-12 15:06:17   1524/ 3060  tour_dem_toage              0.4 s  Freq=Y N.periodos=13 N.reg=35
2026-09-12 15:06:17   1525/ 3060  avia_par_mk                 0.2 s  Freq=Q N.periodos=170 N.reg=0
2026-09-12 15:06:18   1526/ 3060  ilc_hch17                   0.4 s  Freq=Y N.periodos=2 N.reg=39
2026-09-12 15:06:18   1527/ 3060  fish_ld_lv                  0.5 s  Freq=Y N.periodos=21 N.reg=1
2026-09-12 15:06:18   1528/ 3060  ilc_hch10                   0.2 s  Freq=Y N.periodos=3 N.reg=40
2026-09-12 15:06:18   1529/ 3060  env_ac_mfadpo               0.2 s  Freq=Y N.periodos=36 N.reg=35
2026-09-12 15:06:19   1530/ 3060  env_ac_aibrid_rd            0.3 s  Freq=Y N.periodos=31 N.reg=26
2026-09-12 15:06:19   1531/ 3060  ilc_lvhl11n                 0.3 s  Freq=Y N.periodos=12 N.reg=40
2026-09-12 15:06:19   1532/ 3060  nrg_ind_ahbtc               0.3 s  Freq=Y N.periodos=21 N.reg=40
2026-09-12 15:06:20   1533/ 3060  road_go_na_tgtt             0.3 s  Freq=Y N.periodos=18 N.reg=31
2026-09-12 15:06:20   1534/ 3060  env_landfp_dom              0.2 s  Freq=Y N.periodos=11 N.reg=0
2026-09-12 15:06:20   1535/ 3060  lfso_24match13              0.2 s  Freq=Y N.periodos=1 N.reg=32
2026-09-12 15:06:20   1536/ 3060  apro_mt_pslothm             0.4 s  Freq=M N.periodos=202 N.reg=23
2026-09-12 15:06:21   1537/ 3060  avia_gor_lv                 0.3 s  Freq=Q N.periodos=357 N.reg=0
2026-09-12 15:06:21   1538/ 3060  demo_r_births               0.4 s  Freq=Y N.periodos=35 N.reg=2141
2026-09-12 15:06:22   1539/ 3060  demo_r_deaths               0.5 s  Freq=Y N.periodos=35 N.reg=2141
2026-09-12 15:06:22   1540/ 3060  nrg_pc_202                  0.3 s  Freq=S N.periodos=38 N.reg=36
2026-09-12 15:06:22   1541/ 3060  rd_p_perslf                 0.3 s  Freq=Y N.periodos=44 N.reg=44
2026-09-12 15:06:22   1542/ 3060  ilc_mddu08a                 0.3 s  Freq=Y N.periodos=11 N.reg=40
2026-09-12 15:06:23   1543/ 3060  fish_ca_atl47               0.4 s  Freq=Y N.periodos=25 N.reg=19
2026-09-12 15:06:23   1544/ 3060  sts_sepp_a                  0.3 s  Freq=Y N.periodos=30 N.reg=38
2026-09-12 15:06:23   1545/ 3060  avia_gor_cy                 0.3 s  Freq=Q N.periodos=363 N.reg=0
2026-09-12 15:06:24   1546/ 3060  urb_cenv                    0.3 s  Freq=Y N.periodos=36 N.reg=0
2026-09-12 15:06:24   1547/ 3060  env_ac_cepsgc1              0.3 s  Freq=Y N.periodos=19 N.reg=33
2026-09-12 15:06:24   1548/ 3060  avia_gor_is                 0.2 s  Freq=Q N.periodos=374 N.reg=0
2026-09-12 15:06:24   1549/ 3060  env_wassd                   0.3 s  Freq=Y N.periodos=15 N.reg=28
2026-09-12 15:06:25   1550/ 3060  nama_10r_2nlp               0.3 s  Freq=Y N.periodos=25 N.reg=405
2026-09-12 15:06:25   1551/ 3060  ilc_mdsd07                  0.3 s  Freq=Y N.periodos=12 N.reg=46
2026-09-12 15:06:25   1552/ 3060  avia_gor_tr                 0.2 s  Freq=Q N.periodos=34 N.reg=0
2026-09-12 15:06:25   1553/ 3060  trng_lfs_15                 0.2 s  Freq=Y N.periodos=12 N.reg=38
2026-09-12 15:06:26   1554/ 3060  yth_empl_100                0.3 s  Freq=Y N.periodos=31 N.reg=38
2026-09-12 15:06:26   1555/ 3060  ilc_li09f                   0.2 s  Freq=Y N.periodos=11 N.reg=39
2026-09-12 15:06:26   1556/ 3060  ilc_li80b                   0.3 s  Freq=Y N.periodos=11 N.reg=39
2026-09-12 15:06:26   1557/ 3060  ilc_mdsd13                  0.2 s  Freq=Y N.periodos=7 N.reg=44
2026-09-12 15:06:27   1558/ 3060  demo_r_d3dens               0.4 s  Freq=Y N.periodos=35 N.reg=2086
2026-09-12 15:06:27   1559/ 3060  lfsa_urgaeddl               0.2 s  Freq=Y N.periodos=2 N.reg=36
2026-09-12 15:06:27   1560/ 3060  isoc_ci_cm_pn2              0.2 s  Freq=Y N.periodos=17 N.reg=42
2026-09-12 15:06:28   1561/ 3060  yth_empl_060                0.3 s  Freq=Y N.periodos=31 N.reg=38
2026-09-12 15:06:28   1562/ 3060  gov_10dd_edpt1              0.2 s  Freq=Y N.periodos=31 N.reg=31
2026-09-12 15:06:28   1563/ 3060  ext_lt_intertrd             0.3 s  Freq=Y N.periodos=24 N.reg=29
2026-09-12 15:06:28   1564/ 3060  nrg_pc_202_c                0.2 s  Freq=Y N.periodos=9 N.reg=36
2026-09-12 15:06:29   1565/ 3060  road_go_ta_dg               0.3 s  Freq=Y N.periodos=27 N.reg=36
2026-09-12 15:06:29   1566/ 3060  rail_go_trsorde             0.2 s  Freq=Y N.periodos=23 N.reg=28
2026-09-12 15:06:29   1567/ 3060  fish_ld_lt                  0.3 s  Freq=Y N.periodos=21 N.reg=1
2026-09-12 15:06:29   1568/ 3060  tran_r_acci                 0.2 s  Freq=Y N.periodos=35 N.reg=511
2026-09-12 15:06:30   1569/ 3060  hlth_dpe010                 0.3 s  Freq=Y N.periodos=12 N.reg=46
2026-09-12 15:06:30   1570/ 3060  educ_uoe_enrs01             0.2 s  Freq=Y N.periodos=13 N.reg=41
2026-09-12 15:06:30   1571/ 3060  hlth_dm010                  0.4 s  Freq=Y N.periodos=12 N.reg=46
2026-09-12 15:06:30   1572/ 3060  nrg_ind_esc                 0.2 s  Freq=Y N.periodos=35 N.reg=42
2026-09-12 15:06:31   1573/ 3060  yth_empl_040                0.2 s  Freq=Y N.periodos=43 N.reg=38
2026-09-12 15:06:31   1574/ 3060  demo_faemplc                0.2 s  Freq=Y N.periodos=18 N.reg=51
2026-09-12 15:06:31   1575/ 3060  tour_cap_natdc              0.3 s  Freq=Y N.periodos=15 N.reg=42
2026-09-12 15:06:31   1576/ 3060  lfsi_educ_a                 0.2 s  Freq=Y N.periodos=17 N.reg=38
2026-09-12 15:06:32   1577/ 3060  jvs_a_r21                   0.2 s  Freq=Y N.periodos=18 N.reg=35
2026-09-12 15:06:32   1578/ 3060  ei_na_q_vtg                 0.2 s  Freq=Q N.periodos=126 N.reg=2
2026-09-12 15:06:32   1579/ 3060  mar_pa_qm_lt                0.2 s  Freq=Q N.periodos=88 N.reg=0
2026-09-12 15:06:32   1580/ 3060  jvs_a_rate_r2               0.3 s  Freq=Y N.periodos=18 N.reg=36
2026-09-12 15:06:33   1581/ 3060  trng_lfse_01                0.2 s  Freq=Y N.periodos=34 N.reg=38
2026-09-12 15:06:33   1582/ 3060  ilc_lvhl30                  0.2 s  Freq=Y N.periodos=20 N.reg=45
2026-09-12 15:06:33   1583/ 3060  reg_area3                   0.4 s  Freq=Y N.periodos=14 N.reg=2330
2026-09-12 15:06:34   1584/ 3060  tran_sf_roadnu              0.7 s  Freq=Y N.periodos=26 N.reg=2390
2026-09-12 15:06:34   1585/ 3060  ilc_mdsd02                  0.2 s  Freq=Y N.periodos=12 N.reg=46
2026-09-12 15:06:34   1586/ 3060  lfso_24match04              0.2 s  Freq=Y N.periodos=1 N.reg=32
2026-09-12 15:06:35   1587/ 3060  educ_uoe_enrp01             0.2 s  Freq=Y N.periodos=13 N.reg=41
2026-09-12 15:06:35   1588/ 3060  spr_exp_type                0.2 s  Freq=Y N.periodos=35 N.reg=47
2026-09-12 15:06:35   1589/ 3060  iww_go_actygo               0.3 s  Freq=Y N.periodos=19 N.reg=20
2026-09-12 15:06:35   1590/ 3060  lfsq_esgan21                0.2 s  Freq=Q N.periodos=2 N.reg=36
2026-09-12 15:06:36   1591/ 3060  ilc_lvhl32                  0.4 s  Freq=Y N.periodos=20 N.reg=45
2026-09-12 15:06:36   1592/ 3060  tour_dem_exacw              0.3 s  Freq=Y N.periodos=5 N.reg=32
2026-09-12 15:06:36   1593/ 3060  nrg_inf_epcrw               0.2 s  Freq=Y N.periodos=35 N.reg=44
2026-09-12 15:06:37   1594/ 3060  apri_ap_crpouta             0.2 s  Freq=Y N.periodos=25 N.reg=29
2026-09-12 15:06:37   1595/ 3060  demo_ndivdur                0.2 s  Freq=Y N.periodos=35 N.reg=56
2026-09-12 15:06:37   1596/ 3060  lfso_24match14              0.2 s  Freq=Y N.periodos=1 N.reg=32
2026-09-12 15:06:37   1597/ 3060  isoc_cisci_acfas            0.2 s  Freq=Y N.periodos=2 N.reg=37
2026-09-12 15:06:37   1598/ 3060  hlth_dpe040                 0.2 s  Freq=Y N.periodos=12 N.reg=46
2026-09-12 15:06:38   1599/ 3060  avia_gor_bg                 0.2 s  Freq=Q N.periodos=306 N.reg=0
2026-09-12 15:06:38   1600/ 3060  tran_sf_railvi              0.2 s  Freq=Y N.periodos=19 N.reg=33
2026-09-12 15:06:38   1601/ 3060  isoc_ai_iaiuxr              0.3 s  Freq=Y N.periodos=1 N.reg=38
2026-09-12 15:06:39   1602/ 3060  avia_gor_mt                 0.2 s  Freq=Q N.periodos=391 N.reg=0
2026-09-12 15:06:39   1603/ 3060  isoc_ec_evaln2m             0.3 s  Freq=Y N.periodos=9 N.reg=34
2026-09-12 15:06:39   1604/ 3060  ilc_hch07b                  0.2 s  Freq=Y N.periodos=2 N.reg=39
2026-09-12 15:06:39   1605/ 3060  educ_uoe_enrs07             0.3 s  Freq=Y N.periodos=15 N.reg=41
2026-09-12 15:06:40   1606/ 3060  road_go_ia_ltt              0.2 s  Freq=Y N.periodos=44 N.reg=32
2026-09-12 15:06:40   1607/ 3060  road_go_ta_lc               0.2 s  Freq=Y N.periodos=27 N.reg=36
2026-09-12 15:06:40   1608/ 3060  fish_ld_fi                  0.2 s  Freq=Y N.periodos=29 N.reg=1
2026-09-12 15:06:40   1609/ 3060  isoc_ec_evals               0.2 s  Freq=Y N.periodos=16 N.reg=40
2026-09-12 15:06:41   1610/ 3060  cei_srm020                  0.2 s  Freq=Y N.periodos=22 N.reg=28
2026-09-12 15:06:41   1611/ 3060  env_epea_cint               0.2 s  Freq=Y N.periodos=14 N.reg=31
2026-09-12 15:06:41   1612/ 3060  lfsq_eisn21                 0.3 s  Freq=Q N.periodos=2 N.reg=36
2026-09-12 15:06:41   1613/ 3060  mar_pa_qm_hr                0.2 s  Freq=Q N.periodos=86 N.reg=0
2026-09-12 15:06:42   1614/ 3060  ext_stec01                  0.2 s  Freq=Y N.periodos=12 N.reg=30
2026-09-12 15:06:42   1615/ 3060  apro_ec_poula               0.3 s  Freq=Y N.periodos=59 N.reg=38
2026-09-12 15:06:42   1616/ 3060  for_emp_lfs                 0.2 s  Freq=Y N.periodos=18 N.reg=38
2026-09-12 15:06:42   1617/ 3060  irt_euryld_m                0.2 s  Freq=M N.periodos=264 N.reg=1
2026-09-12 15:06:43   1618/ 3060  lfso_24match09              0.2 s  Freq=Y N.periodos=1 N.reg=32
2026-09-12 15:06:43   1619/ 3060  educ_uoe_enrs06             0.2 s  Freq=Y N.periodos=12 N.reg=481
2026-09-12 15:06:43   1620/ 3060  tour_dem_extrw              0.2 s  Freq=Y N.periodos=5 N.reg=32
2026-09-12 15:06:43   1621/ 3060  hsw_mi05                    0.3 s  Freq=Y N.periodos=17 N.reg=35
2026-09-12 15:06:44   1622/ 3060  tour_lfs6r2                 0.2 s  Freq=Y N.periodos=18 N.reg=38
2026-09-12 15:06:44   1623/ 3060  ilc_lvps03                  0.3 s  Freq=Y N.periodos=12 N.reg=46
2026-09-12 15:06:44   1624/ 3060  apro_mt_lscatl              0.2 s  Freq=Y N.periodos=67 N.reg=44
2026-09-12 15:06:44   1625/ 3060  road_go_ia_utt              0.4 s  Freq=Y N.periodos=44 N.reg=32
2026-09-12 15:06:45   1626/ 3060  env_wat_abs                 0.2 s  Freq=Y N.periodos=40 N.reg=43
2026-09-12 15:06:45   1627/ 3060  lfsi_emp_a                  0.3 s  Freq=Y N.periodos=23 N.reg=38
2026-09-12 15:06:45   1628/ 3060  lfsi_ahw_q                  0.2 s  Freq=Q N.periodos=70 N.reg=37
2026-09-12 15:06:45   1629/ 3060  nrg_ind_fecf                0.2 s  Freq=Y N.periodos=35 N.reg=41
2026-09-12 15:06:46   1630/ 3060  urt_edat_lfse4              0.3 s  Freq=Y N.periodos=17 N.reg=28
2026-09-12 15:06:46   1631/ 3060  env_ac_sd                   0.2 s  Freq=Y N.periodos=15 N.reg=28
2026-09-12 15:06:46   1632/ 3060  ilc_lvho50b                 0.4 s  Freq=Y N.periodos=23 N.reg=46
2026-09-12 15:06:47   1633/ 3060  lfso_24lmk08                0.2 s  Freq=Y N.periodos=1 N.reg=34
2026-09-12 15:06:47   1634/ 3060  nrg_cb_em                   0.3 s  Freq=M N.periodos=223 N.reg=41
2026-09-12 15:06:47   1635/ 3060  hlth_cd_aperro              0.2 s  Freq=Y N.periodos=14 N.reg=39
2026-09-12 15:06:47   1636/ 3060  for_swspec                  0.2 s  Freq=Y N.periodos=33 N.reg=32
2026-09-12 15:06:48   1637/ 3060  ilc_hch08b                  0.3 s  Freq=Y N.periodos=2 N.reg=37
2026-09-12 15:06:48   1638/ 3060  rd_e_gerdtot                0.2 s  Freq=Y N.periodos=45 N.reg=45
2026-09-12 15:06:48   1639/ 3060  ilc_li01                    0.2 s  Freq=Y N.periodos=31 N.reg=37
2026-09-12 15:06:48   1640/ 3060  mar_pa_qm_be                0.3 s  Freq=Q N.periodos=117 N.reg=0
2026-09-12 15:06:49   1641/ 3060  gov_10dd_edpt2              0.2 s  Freq=Y N.periodos=31 N.reg=31
2026-09-12 15:06:49   1642/ 3060  ilc_hch05b                  0.2 s  Freq=Y N.periodos=3 N.reg=40
2026-09-12 15:06:49   1643/ 3060  tour_lfs2r2                 0.3 s  Freq=Y N.periodos=18 N.reg=38
2026-09-12 15:06:49   1644/ 3060  mar_pa_qm_pl                0.2 s  Freq=Q N.periodos=89 N.reg=0
2026-09-12 15:06:50   1645/ 3060  mar_pa_qm_fi                0.3 s  Freq=Q N.periodos=117 N.reg=0
2026-09-12 15:06:50   1646/ 3060  ilc_hch16                   0.3 s  Freq=Y N.periodos=2 N.reg=39
2026-09-12 15:06:50   1647/ 3060  nama_10r_3popgdp            0.4 s  Freq=Y N.periodos=25 N.reg=1755
2026-09-12 15:06:50   1648/ 3060  ilc_mdes06                  0.3 s  Freq=Y N.periodos=23 N.reg=46
2026-09-12 15:06:51   1649/ 3060  isoc_ci_it_es               0.2 s  Freq=Y N.periodos=16 N.reg=42
2026-09-12 15:06:51   1650/ 3060  ilc_lvps02                  0.3 s  Freq=Y N.periodos=23 N.reg=46
2026-09-12 15:06:51   1651/ 3060  apro_ec_strpoul             0.2 s  Freq=Y N.periodos=53 N.reg=36
2026-09-12 15:06:51   1652/ 3060  ilc_lvho04                  0.3 s  Freq=Y N.periodos=23 N.reg=46
2026-09-12 15:06:52   1653/ 3060  ilc_mdes02                  0.2 s  Freq=Y N.periodos=23 N.reg=48
2026-09-12 15:06:52   1654/ 3060  ilc_mdes03                  0.2 s  Freq=Y N.periodos=23 N.reg=48
2026-09-12 15:06:52   1655/ 3060  ilc_mdes04                  0.2 s  Freq=Y N.periodos=23 N.reg=48
2026-09-12 15:06:53   1656/ 3060  ilc_mdes01                  0.4 s  Freq=Y N.periodos=23 N.reg=46
2026-09-12 15:06:53   1657/ 3060  lfsi_pt_a                   0.3 s  Freq=Y N.periodos=23 N.reg=38
2026-09-12 15:06:53   1658/ 3060  ilc_lvph04                  0.3 s  Freq=Y N.periodos=23 N.reg=46
2026-09-12 15:06:53   1659/ 3060  ilc_mddu03                  0.2 s  Freq=Y N.periodos=23 N.reg=46
2026-09-12 15:06:54   1660/ 3060  ilc_mddu05                  0.2 s  Freq=Y N.periodos=23 N.reg=48
2026-09-12 15:06:54   1661/ 3060  ilc_mdes07                  0.2 s  Freq=Y N.periodos=23 N.reg=46
2026-09-12 15:06:54   1662/ 3060  lfso_24lmk03                0.4 s  Freq=Y N.periodos=1 N.reg=34
2026-09-12 15:06:54   1663/ 3060  ilc_mdes05                  0.3 s  Freq=Y N.periodos=23 N.reg=48
2026-09-12 15:06:55   1664/ 3060  ilc_mdes08                  0.2 s  Freq=Y N.periodos=23 N.reg=46
2026-09-12 15:06:55   1665/ 3060  isoc_cismt                  0.3 s  Freq=Y N.periodos=10 N.reg=41
2026-09-12 15:06:55   1666/ 3060  lfsq_etgan21                0.2 s  Freq=Q N.periodos=2 N.reg=36
2026-09-12 15:06:55   1667/ 3060  ilc_mded01                  0.2 s  Freq=Y N.periodos=23 N.reg=46
2026-09-12 15:06:56   1668/ 3060  avia_gor_lt                 0.3 s  Freq=Q N.periodos=346 N.reg=0
2026-09-12 15:06:56   1669/ 3060  road_go_ta_vm               0.2 s  Freq=Y N.periodos=27 N.reg=37
2026-09-12 15:06:56   1670/ 3060  sts_sepr_a                  0.2 s  Freq=Y N.periodos=26 N.reg=34
2026-09-12 15:06:57   1671/ 3060  demo_r_find2                0.5 s  Freq=Y N.periodos=35 N.reg=507
2026-09-12 15:06:57   1672/ 3060  hlth_rs_prs2                0.2 s  Freq=Y N.periodos=66 N.reg=39
2026-09-12 15:06:57   1673/ 3060  lfso_24lmk01                0.2 s  Freq=Y N.periodos=1 N.reg=34
2026-09-12 15:06:57   1674/ 3060  ilc_hch18                   0.3 s  Freq=Y N.periodos=2 N.reg=37
2026-09-12 15:06:58   1675/ 3060  for_irspec                  0.4 s  Freq=Y N.periodos=33 N.reg=32
2026-09-12 15:06:58   1676/ 3060  ext_stec03                  0.2 s  Freq=Y N.periodos=12 N.reg=30
2026-09-12 15:06:58   1677/ 3060  fish_ca_atl41               0.2 s  Freq=Y N.periodos=26 N.reg=12
2026-09-12 15:06:58   1678/ 3060  lfsa_sup_cob                0.3 s  Freq=Y N.periodos=20 N.reg=38
2026-09-12 15:06:59   1679/ 3060  urt_road_gonu               0.2 s  Freq=Y N.periodos=17 N.reg=32
2026-09-12 15:06:59   1680/ 3060  nama_10r_2gvagr             0.4 s  Freq=Y N.periodos=25 N.reg=448
2026-09-12 15:06:59   1681/ 3060  urb_ltran                   0.3 s  Freq=Y N.periodos=36 N.reg=0
2026-09-12 15:07:00   1682/ 3060  env_ac_pepsgg1              0.2 s  Freq=Y N.periodos=19 N.reg=31
2026-09-12 15:07:00   1683/ 3060  une_rt_a                    0.2 s  Freq=Y N.periodos=23 N.reg=38
2026-09-12 15:07:00   1684/ 3060  demo_pjanbroad              0.3 s  Freq=Y N.periodos=66 N.reg=60
2026-09-12 15:07:00   1685/ 3060  nrg_ind_urtd                0.2 s  Freq=Y N.periodos=21 N.reg=40
2026-09-12 15:07:01   1686/ 3060  avia_tf_cm                  0.2 s  Freq=M N.periodos=92 N.reg=39
2026-09-12 15:07:01   1687/ 3060  apro_mk_farm                0.3 s  Freq=Y N.periodos=65 N.reg=44
2026-09-12 15:07:01   1688/ 3060  nrg_stk_gasm                0.2 s  Freq=M N.periodos=224 N.reg=41
2026-09-12 15:07:01   1689/ 3060  apro_ec_strhen              0.4 s  Freq=Y N.periodos=53 N.reg=36
2026-09-12 15:07:02   1690/ 3060  ilc_di10                    0.3 s  Freq=Y N.periodos=30 N.reg=48
2026-09-12 15:07:02   1691/ 3060  fish_ld_ro                  0.3 s  Freq=Y N.periodos=20 N.reg=1
2026-09-12 15:07:02   1692/ 3060  une_educ_a                  0.3 s  Freq=Y N.periodos=17 N.reg=38
2026-09-12 15:07:03   1693/ 3060  educ_uoe_enrs03             0.2 s  Freq=Y N.periodos=12 N.reg=481
2026-09-12 15:07:03   1694/ 3060  educ_uoe_enrp05             0.4 s  Freq=Y N.periodos=13 N.reg=41
2026-09-12 15:07:03   1695/ 3060  spr_pns_ben                 0.3 s  Freq=Y N.periodos=19 N.reg=41
2026-09-12 15:07:03   1696/ 3060  ilc_hch22                   0.2 s  Freq=Y N.periodos=2 N.reg=38
2026-09-12 15:07:04   1697/ 3060  ilc_hch23                   0.2 s  Freq=Y N.periodos=2 N.reg=38
2026-09-12 15:07:04   1698/ 3060  aei_fm_salpest09            0.3 s  Freq=Y N.periodos=14 N.reg=33
2026-09-12 15:07:04   1699/ 3060  sts_cobp_a                  0.3 s  Freq=Y N.periodos=34 N.reg=42
2026-09-12 15:07:05   1700/ 3060  urt_road_gonl               0.2 s  Freq=Y N.periodos=17 N.reg=32
2026-09-12 15:07:05   1701/ 3060  ei_bsse_q_r2                0.5 s  Freq=Q N.periodos=102 N.reg=34
2026-09-12 15:07:06   1702/ 3060  lfsa_sup_nat                0.3 s  Freq=Y N.periodos=20 N.reg=38
2026-09-12 15:07:06   1703/ 3060  avia_gor_hr                 0.2 s  Freq=Q N.periodos=289 N.reg=0
2026-09-12 15:07:06   1704/ 3060  ilc_mded02                  0.2 s  Freq=Y N.periodos=23 N.reg=46
2026-09-12 15:07:07   1705/ 3060  ilc_lvps01                  0.4 s  Freq=Y N.periodos=23 N.reg=46
2026-09-12 15:07:07   1706/ 3060  tour_dem_ttsex              0.3 s  Freq=Y N.periodos=13 N.reg=35
2026-09-12 15:07:07   1707/ 3060  tour_dem_tnsex              0.2 s  Freq=Y N.periodos=13 N.reg=35
2026-09-12 15:07:07   1708/ 3060  avia_par_me                 0.3 s  Freq=Q N.periodos=153 N.reg=0
2026-09-12 15:07:08   1709/ 3060  env_ac_eptrf1               0.3 s  Freq=Y N.periodos=19 N.reg=31
2026-09-12 15:07:08   1710/ 3060  ilc_pw01                    0.3 s  Freq=Y N.periodos=7 N.reg=40
2026-09-12 15:07:08   1711/ 3060  nama_10r_2rlp               0.2 s  Freq=Y N.periodos=25 N.reg=395
2026-09-12 15:07:08   1712/ 3060  ilc_di30a                   0.3 s  Freq=Y N.periodos=20 N.reg=45
2026-09-12 15:07:09   1713/ 3060  isoc_ai_iaiu                0.2 s  Freq=Y N.periodos=1 N.reg=37
2026-09-12 15:07:09   1714/ 3060  crim_hom_soff               0.2 s  Freq=Y N.periodos=17 N.reg=42
2026-09-12 15:07:09   1715/ 3060  for_secpp                   0.3 s  Freq=Y N.periodos=37 N.reg=32
2026-09-12 15:07:09   1716/ 3060  lfst_rimgacga               0.2 s  Freq=Y N.periodos=18 N.reg=38
2026-09-12 15:07:10   1717/ 3060  proj_25ralexp               0.3 s  Freq=Y N.periodos=15 N.reg=1165
2026-09-12 15:07:10   1718/ 3060  urt_10r_3gdp                0.2 s  Freq=Y N.periodos=25 N.reg=30
2026-09-12 15:07:10   1719/ 3060  educ_uoe_enrp03             0.2 s  Freq=Y N.periodos=12 N.reg=481
2026-09-12 15:07:10   1720/ 3060  ilc_di02                    0.2 s  Freq=Y N.periodos=30 N.reg=41
2026-09-12 15:07:11   1721/ 3060  tour_dem_ttws               0.3 s  Freq=Y N.periodos=13 N.reg=34
2026-09-12 15:07:11   1722/ 3060  tour_dem_tnws               0.3 s  Freq=Y N.periodos=13 N.reg=34
2026-09-12 15:07:11   1723/ 3060  isoc_iiu_iuprb              0.3 s  Freq=Y N.periodos=1 N.reg=26
2026-09-12 15:07:11   1724/ 3060  lfst_rimgecga               0.2 s  Freq=Y N.periodos=18 N.reg=38
2026-09-12 15:07:12   1725/ 3060  tour_occ_ninc               0.3 s  Freq=Y N.periodos=6 N.reg=0
2026-09-12 15:07:12   1726/ 3060  apro_mt_lspig               0.3 s  Freq=Y N.periodos=57 N.reg=44
2026-09-12 15:07:12   1727/ 3060  trng_lfs_29                 0.2 s  Freq=Y N.periodos=2 N.reg=36
2026-09-12 15:07:12   1728/ 3060  ilc_di30b                   0.2 s  Freq=Y N.periodos=19 N.reg=45
2026-09-12 15:07:13   1729/ 3060  avia_gor_si                 0.3 s  Freq=Q N.periodos=357 N.reg=0
2026-09-12 15:07:13   1730/ 3060  nrg_chdd_m                  0.3 s  Freq=M N.periodos=552 N.reg=31
2026-09-12 15:07:13   1731/ 3060  educ_uoe_enra16             0.2 s  Freq=Y N.periodos=13 N.reg=41
2026-09-12 15:07:13   1732/ 3060  tour_dem_ttls               0.2 s  Freq=Y N.periodos=13 N.reg=35
2026-09-12 15:07:14   1733/ 3060  tour_dem_tnls               0.2 s  Freq=Y N.periodos=13 N.reg=35
2026-09-12 15:07:14   1734/ 3060  ilc_pw03                    0.3 s  Freq=Y N.periodos=7 N.reg=40
2026-09-12 15:07:14   1735/ 3060  rd_p_persqual11             0.2 s  Freq=Y N.periodos=12 N.reg=45
2026-09-12 15:07:14   1736/ 3060  isoc_cisce_ra               0.3 s  Freq=Y N.periodos=4 N.reg=40
2026-09-12 15:07:15   1737/ 3060  tour_dem_tted11             0.2 s  Freq=Y N.periodos=13 N.reg=34
2026-09-12 15:07:15   1738/ 3060  tour_dem_tned11             0.2 s  Freq=Y N.periodos=13 N.reg=34
2026-09-12 15:07:15   1739/ 3060  ilc_di30c                   0.3 s  Freq=Y N.periodos=19 N.reg=45
2026-09-12 15:07:15   1740/ 3060  edat_lfse_17                0.2 s  Freq=Y N.periodos=26 N.reg=38
2026-09-12 15:07:16   1741/ 3060  tour_occ_ninat              0.2 s  Freq=Y N.periodos=36 N.reg=44
2026-09-12 15:07:16   1742/ 3060  ilc_lvhl33                  0.2 s  Freq=Y N.periodos=20 N.reg=45
2026-09-12 15:07:16   1743/ 3060  lfst_rimganga               0.4 s  Freq=Y N.periodos=18 N.reg=37
2026-09-12 15:07:16   1744/ 3060  hlth_silc_08_r              0.2 s  Freq=Y N.periodos=18 N.reg=272
2026-09-12 15:07:17   1745/ 3060  prc_hpi_q                   0.2 s  Freq=Q N.periodos=85 N.reg=38
2026-09-12 15:07:17   1746/ 3060  env_ac_pepssp1              0.3 s  Freq=Y N.periodos=19 N.reg=34
2026-09-12 15:07:17   1747/ 3060  ilc_pw02                    0.2 s  Freq=Y N.periodos=7 N.reg=37
2026-09-12 15:07:17   1748/ 3060  sbs_ovw_iep                 0.2 s  Freq=Y N.periodos=4 N.reg=35
2026-09-12 15:07:18   1749/ 3060  tour_lfs3r2                 0.3 s  Freq=Y N.periodos=18 N.reg=38
2026-09-12 15:07:18   1750/ 3060  lfst_r_lfsd2hh              0.2 s  Freq=Y N.periodos=20 N.reg=496
2026-09-12 15:07:18   1751/ 3060  sts_copi_q                  0.3 s  Freq=Q N.periodos=291 N.reg=41
2026-09-12 15:07:18   1752/ 3060  lfst_rimgenga               0.2 s  Freq=Y N.periodos=18 N.reg=37
2026-09-12 15:07:19   1753/ 3060  isoc_r_cisce_icn2           0.2 s  Freq=Y N.periodos=1 N.reg=136
2026-09-12 15:07:19   1754/ 3060  ert_bil_eur_m               0.3 s  Freq=M N.periodos=668 N.reg=0
2026-09-12 15:07:19   1755/ 3060  educ_uoe_mobc01             0.2 s  Freq=Y N.periodos=9 N.reg=36
2026-09-12 15:07:19   1756/ 3060  tour_lfsq4r2                0.2 s  Freq=Q N.periodos=74 N.reg=38
2026-09-12 15:07:20   1757/ 3060  avia_gor_ee                 0.3 s  Freq=Q N.periodos=345 N.reg=0
2026-09-12 15:07:20   1758/ 3060  fish_ca_ind51               0.2 s  Freq=Y N.periodos=26 N.reg=12
2026-09-12 15:07:20   1759/ 3060  env_watabs_rb               0.2 s  Freq=Y N.periodos=25 N.reg=0
2026-09-12 15:07:20   1760/ 3060  tour_ce_omr                 0.3 s  Freq=Y N.periodos=9 N.reg=32
2026-09-12 15:07:21   1761/ 3060  ilc_pw04                    0.2 s  Freq=Y N.periodos=7 N.reg=37
2026-09-12 15:07:21   1762/ 3060  demo_fmonth                 0.3 s  Freq=Y N.periodos=66 N.reg=59
2026-09-12 15:07:21   1763/ 3060  urt_lfe3emprt               0.3 s  Freq=Y N.periodos=27 N.reg=34
2026-09-12 15:07:21   1764/ 3060  apri_ap_ina                 0.3 s  Freq=Y N.periodos=25 N.reg=28
2026-09-12 15:07:22   1765/ 3060  urt_lfsd3pop                0.2 s  Freq=Y N.periodos=27 N.reg=34
2026-09-12 15:07:22   1766/ 3060  ilc_lvho50a                 0.2 s  Freq=Y N.periodos=23 N.reg=46
2026-09-12 15:07:22   1767/ 3060  rail_go_itu                 0.3 s  Freq=Y N.periodos=23 N.reg=31
2026-09-12 15:07:22   1768/ 3060  lfst_lmbpcobed              0.2 s  Freq=Y N.periodos=31 N.reg=0
2026-09-12 15:07:23   1769/ 3060  demo_mmonth                 0.2 s  Freq=Y N.periodos=66 N.reg=60
2026-09-12 15:07:23   1770/ 3060  urt_lfe3emp                 0.2 s  Freq=Y N.periodos=27 N.reg=34
2026-09-12 15:07:23   1771/ 3060  edat_lfse_16                0.2 s  Freq=Y N.periodos=26 N.reg=512
2026-09-12 15:07:24   1772/ 3060  tour_ce_oan3                0.5 s  Freq=Y N.periodos=8 N.reg=1294
2026-09-12 15:07:24   1773/ 3060  ilc_lvps25                  0.2 s  Freq=Y N.periodos=23 N.reg=46
2026-09-12 15:07:24   1774/ 3060  lfst_lmbpcited              0.2 s  Freq=Y N.periodos=31 N.reg=0
2026-09-12 15:07:24   1775/ 3060  educ_uoe_enrs09             0.3 s  Freq=Y N.periodos=12 N.reg=481
2026-09-12 15:07:24   1776/ 3060  ilc_lvho08a                 0.2 s  Freq=Y N.periodos=23 N.reg=46
2026-09-12 15:07:25   1777/ 3060  ext_lt_intercc              0.5 s  Freq=Y N.periodos=24 N.reg=12
2026-09-12 15:07:25   1778/ 3060  ilc_enevt_04                0.2 s  Freq=Y N.periodos=1 N.reg=32
2026-09-12 15:07:25   1779/ 3060  educ_uoe_perd02             0.2 s  Freq=Y N.periodos=12 N.reg=40
2026-09-12 15:07:26   1780/ 3060  lfsa_ugpis                  0.3 s  Freq=Y N.periodos=34 N.reg=38
2026-09-12 15:07:26   1781/ 3060  hlth_rs_medim               0.2 s  Freq=Y N.periodos=46 N.reg=35
2026-09-12 15:07:26   1782/ 3060  tran_r_avpa_nm              0.2 s  Freq=Y N.periodos=32 N.reg=452
2026-09-12 15:07:26   1783/ 3060  nrg_stk_oem                 0.2 s  Freq=M N.periodos=163 N.reg=36
2026-09-12 15:07:27   1784/ 3060  road_go_ta_agev             0.2 s  Freq=Y N.periodos=27 N.reg=36
2026-09-12 15:07:27   1785/ 3060  ilc_hch01                   0.2 s  Freq=Y N.periodos=3 N.reg=39
2026-09-12 15:07:27   1786/ 3060  prc_hpi_oocow               0.3 s  Freq=Y N.periodos=17 N.reg=34
2026-09-12 15:07:27   1787/ 3060  rail_go_intgong             0.3 s  Freq=Y N.periodos=23 N.reg=32
2026-09-12 15:07:28   1788/ 3060  tour_dem_ttinc              0.2 s  Freq=Y N.periodos=13 N.reg=34
2026-09-12 15:07:28   1789/ 3060  tour_dem_tninc              0.2 s  Freq=Y N.periodos=13 N.reg=34
2026-09-12 15:07:28   1790/ 3060  mar_mt_am_csvi              0.3 s  Freq=Y N.periodos=28 N.reg=0
2026-09-12 15:07:28   1791/ 3060  ilc_atsb01a                 0.2 s  Freq=Y N.periodos=1 N.reg=35
2026-09-12 15:07:29   1792/ 3060  for_secwp                   0.2 s  Freq=Y N.periodos=28 N.reg=32
2026-09-12 15:07:29   1793/ 3060  ilc_atsb03a                 0.2 s  Freq=Y N.periodos=1 N.reg=35
2026-09-12 15:07:29   1794/ 3060  rail_go_contwgt             0.2 s  Freq=Y N.periodos=23 N.reg=31
2026-09-12 15:07:30   1795/ 3060  for_vol_efa                 0.4 s  Freq=Y N.periodos=35 N.reg=34
2026-09-12 15:07:30   1796/ 3060  tour_ce_oaw                 0.3 s  Freq=Y N.periodos=8 N.reg=394
2026-09-12 15:07:30   1797/ 3060  lfst_lmbercobed             0.2 s  Freq=Y N.periodos=31 N.reg=0
2026-09-12 15:07:30   1798/ 3060  ilc_di13b                   0.3 s  Freq=Y N.periodos=23 N.reg=46
2026-09-12 15:07:31   1799/ 3060  ilc_di14b                   0.2 s  Freq=Y N.periodos=23 N.reg=46
2026-09-12 15:07:31   1800/ 3060  educ_uoe_enra24             0.2 s  Freq=Y N.periodos=12 N.reg=40
2026-09-12 15:07:31   1801/ 3060  mar_pa_qm_ie                0.3 s  Freq=Q N.periodos=117 N.reg=0
2026-09-12 15:07:32   1802/ 3060  isoc_r_eb_iipn2             0.2 s  Freq=Y N.periodos=2 N.reg=179
2026-09-12 15:07:32   1803/ 3060  lfsa_qoe_4ax1r2             0.3 s  Freq=Y N.periodos=18 N.reg=38
2026-09-12 15:07:32   1804/ 3060  avia_gor_rs                 0.2 s  Freq=Q N.periodos=153 N.reg=0
2026-09-12 15:07:32   1805/ 3060  ext_lt_maineu               0.2 s  Freq=Y N.periodos=24 N.reg=1
2026-09-12 15:07:33   1806/ 3060  ext_lt_mainagri             0.2 s  Freq=Y N.periodos=24 N.reg=1
2026-09-12 15:07:33   1807/ 3060  ext_lt_mainrawm             0.2 s  Freq=Y N.periodos=24 N.reg=1
2026-09-12 15:07:33   1808/ 3060  ext_lt_mainmine             0.2 s  Freq=Y N.periodos=24 N.reg=1
2026-09-12 15:07:33   1809/ 3060  ext_lt_mainchem             0.3 s  Freq=Y N.periodos=24 N.reg=1
2026-09-12 15:07:34   1810/ 3060  ext_lt_mainmanu             0.3 s  Freq=Y N.periodos=24 N.reg=1
2026-09-12 15:07:34   1811/ 3060  ext_lt_mainmach             0.2 s  Freq=Y N.periodos=24 N.reg=1
2026-09-12 15:07:34   1812/ 3060  rail_go_intcmgn             0.2 s  Freq=Y N.periodos=23 N.reg=32
2026-09-12 15:07:34   1813/ 3060  nrg_ind_epsc                0.2 s  Freq=Y N.periodos=35 N.reg=40
2026-09-12 15:07:34   1814/ 3060  tran_r_avgo_nm              0.2 s  Freq=Y N.periodos=32 N.reg=442
2026-09-12 15:07:35   1815/ 3060  sts_copi_m                  0.3 s  Freq=M N.periodos=559 N.reg=11
2026-09-12 15:07:35   1816/ 3060  hsw_mi04                    0.2 s  Freq=Y N.periodos=17 N.reg=35
2026-09-12 15:07:35   1817/ 3060  lfst_lmbercited             0.2 s  Freq=Y N.periodos=31 N.reg=0
2026-09-12 15:07:35   1818/ 3060  env_ac_rme                  0.2 s  Freq=Y N.periodos=26 N.reg=31
2026-09-12 15:07:36   1819/ 3060  lfso_24eab01                0.2 s  Freq=Y N.periodos=1 N.reg=32
2026-09-12 15:07:36   1820/ 3060  env_epea_pgg                0.4 s  Freq=Y N.periodos=14 N.reg=29
2026-09-12 15:07:36   1821/ 3060  for_remov                   0.3 s  Freq=Y N.periodos=37 N.reg=32
2026-09-12 15:07:36   1822/ 3060  for_irass                   0.2 s  Freq=Y N.periodos=32 N.reg=32
2026-09-12 15:07:37   1823/ 3060  ilc_atst06                  0.2 s  Freq=Y N.periodos=1 N.reg=33
2026-09-12 15:07:37   1824/ 3060  nasa_10_pens1               0.2 s  Freq=Y N.periodos=13 N.reg=31
2026-09-12 15:07:37   1825/ 3060  tour_occ_arnat              0.2 s  Freq=Y N.periodos=36 N.reg=43
2026-09-12 15:07:37   1826/ 3060  nasq_10_ki                  0.3 s  Freq=Q N.periodos=185 N.reg=23
2026-09-12 15:07:38   1827/ 3060  isoc_ske_fct                0.3 s  Freq=Y N.periodos=8 N.reg=40
2026-09-12 15:07:38   1828/ 3060  env_watres_rb               0.2 s  Freq=Y N.periodos=25 N.reg=0
2026-09-12 15:07:38   1829/ 3060  ilc_atst02                  0.2 s  Freq=Y N.periodos=1 N.reg=35
2026-09-12 15:07:38   1830/ 3060  road_go_ta_axle             0.2 s  Freq=Y N.periodos=27 N.reg=29
2026-09-12 15:07:39   1831/ 3060  env_ww_genp                 0.3 s  Freq=Y N.periodos=25 N.reg=30
2026-09-12 15:07:39   1832/ 3060  nrg_cb_cosm                 0.2 s  Freq=M N.periodos=264 N.reg=36
2026-09-12 15:07:39   1833/ 3060  isoc_sks_itspn2             0.2 s  Freq=Y N.periodos=18 N.reg=37
2026-09-12 15:07:39   1834/ 3060  hlth_rs_bds1                0.2 s  Freq=Y N.periodos=66 N.reg=39
2026-09-12 15:07:40   1835/ 3060  demo_fabortord              0.2 s  Freq=Y N.periodos=18 N.reg=37
2026-09-12 15:07:40   1836/ 3060  educ_uoe_enra13             0.3 s  Freq=Y N.periodos=12 N.reg=481
2026-09-12 15:07:40   1837/ 3060  fish_aq4b                   0.2 s  Freq=Y N.periodos=17 N.reg=36
2026-09-12 15:07:40   1838/ 3060  lc_lci_r2_itw               0.3 s  Freq=Y N.periodos=30 N.reg=39
2026-09-12 15:07:41   1839/ 3060  nrg_ind_ibmg                0.2 s  Freq=Y N.periodos=4 N.reg=38
2026-09-12 15:07:41   1840/ 3060  nrg_ind_ebmg                0.2 s  Freq=Y N.periodos=4 N.reg=38
2026-09-12 15:07:41   1841/ 3060  env_ac_mfain                0.2 s  Freq=Y N.periodos=36 N.reg=36
2026-09-12 15:07:42   1842/ 3060  tour_dem_ttacb              0.5 s  Freq=Y N.periodos=5 N.reg=32
2026-09-12 15:07:42   1843/ 3060  tour_lfs1r2                 0.3 s  Freq=Y N.periodos=18 N.reg=38
2026-09-12 15:07:42   1844/ 3060  tour_cap_nat                0.3 s  Freq=Y N.periodos=37 N.reg=43
2026-09-12 15:07:42   1845/ 3060  tour_dem_ttpur              0.2 s  Freq=Y N.periodos=13 N.reg=35
2026-09-12 15:07:43   1846/ 3060  tour_dem_tnpur              0.2 s  Freq=Y N.periodos=13 N.reg=35
2026-09-12 15:07:43   1847/ 3060  ilc_atst04                  0.2 s  Freq=Y N.periodos=1 N.reg=34
2026-09-12 15:07:43   1848/ 3060  ilc_hch13                   0.2 s  Freq=Y N.periodos=3 N.reg=37
2026-09-12 15:07:43   1849/ 3060  road_go_ta_tra              0.3 s  Freq=Y N.periodos=27 N.reg=35
2026-09-12 15:07:44   1850/ 3060  lfsi_long_a                 0.2 s  Freq=Y N.periodos=22 N.reg=38
2026-09-12 15:07:44   1851/ 3060  ext_ser_bec01               0.3 s  Freq=Y N.periodos=13 N.reg=28
2026-09-12 15:07:44   1852/ 3060  ilc_mdho07                  0.2 s  Freq=Y N.periodos=12 N.reg=46
2026-09-12 15:07:44   1853/ 3060  bop_exms6_q                 0.3 s  Freq=Y N.periodos=35 N.reg=42
2026-09-12 15:07:45   1854/ 3060  env_ac_mfabi                0.2 s  Freq=Y N.periodos=36 N.reg=32
2026-09-12 15:07:45   1855/ 3060  nrg_ind_difec               0.3 s  Freq=Y N.periodos=35 N.reg=27
2026-09-12 15:07:45   1856/ 3060  trng_lfs_30                 0.2 s  Freq=Y N.periodos=2 N.reg=36
2026-09-12 15:07:45   1857/ 3060  isoc_ci_in_es               0.3 s  Freq=Y N.periodos=16 N.reg=42
2026-09-12 15:07:46   1858/ 3060  isoc_eb_iip                 0.2 s  Freq=Y N.periodos=10 N.reg=42
2026-09-12 15:07:46   1859/ 3060  nrg_ind_urhcd               0.4 s  Freq=Y N.periodos=21 N.reg=40
2026-09-12 15:07:46   1860/ 3060  ilc_lvhe10                  0.2 s  Freq=Y N.periodos=2 N.reg=38
2026-09-12 15:07:46   1861/ 3060  hlth_silc_08c               0.2 s  Freq=Y N.periodos=5 N.reg=37
2026-09-12 15:07:47   1862/ 3060  hlth_silc_09c               0.3 s  Freq=Y N.periodos=5 N.reg=37
2026-09-12 15:07:47   1863/ 3060  hrst_st_nuneage             0.2 s  Freq=Y N.periodos=32 N.reg=38
2026-09-12 15:07:47   1864/ 3060  edat_lfse_30                0.2 s  Freq=Y N.periodos=26 N.reg=38
2026-09-12 15:07:47   1865/ 3060  sts_copr_a                  0.3 s  Freq=Y N.periodos=46 N.reg=42
2026-09-12 15:07:48   1866/ 3060  ert_bil_conv_m              0.3 s  Freq=M N.periodos=668 N.reg=21
2026-09-12 15:07:48   1867/ 3060  sbs_ovw_smc                 0.3 s  Freq=Y N.periodos=2 N.reg=15
2026-09-12 15:07:48   1868/ 3060  urb_leduc                   0.4 s  Freq=Y N.periodos=36 N.reg=0
2026-09-12 15:07:49   1869/ 3060  migr_ressing                0.2 s  Freq=Y N.periodos=13 N.reg=32
2026-09-12 15:07:49   1870/ 3060  ilc_caindform25q            0.2 s  Freq=Y N.periodos=11 N.reg=39
2026-09-12 15:07:49   1871/ 3060  rd_p_persage                0.3 s  Freq=Y N.periodos=45 N.reg=44
2026-09-12 15:07:49   1872/ 3060  isoc_ske_itrcrs             0.2 s  Freq=Y N.periodos=10 N.reg=41
2026-09-12 15:07:50   1873/ 3060  env_epea_psp                0.3 s  Freq=Y N.periodos=14 N.reg=31
2026-09-12 15:07:50   1874/ 3060  nasa_10_ki                  0.2 s  Freq=Y N.periodos=77 N.reg=35
2026-09-12 15:07:50   1875/ 3060  env_esst_ceprw              0.2 s  Freq=Y N.periodos=12 N.reg=29
2026-09-12 15:07:50   1876/ 3060  ilc_mddu06b                 0.3 s  Freq=Y N.periodos=12 N.reg=46
2026-09-12 15:07:51   1877/ 3060  ilc_mddu07b                 0.3 s  Freq=Y N.periodos=12 N.reg=46
2026-09-12 15:07:51   1878/ 3060  ilc_mdes10b                 0.2 s  Freq=Y N.periodos=12 N.reg=46
2026-09-12 15:07:51   1879/ 3060  ilc_mdes12b                 0.2 s  Freq=Y N.periodos=12 N.reg=46
2026-09-12 15:07:51   1880/ 3060  rd_p_perscitz               0.3 s  Freq=Y N.periodos=45 N.reg=44
2026-09-12 15:07:52   1881/ 3060  ilc_lvps04                  0.2 s  Freq=Y N.periodos=23 N.reg=46
2026-09-12 15:07:52   1882/ 3060  ert_h_eur_m                 0.3 s  Freq=M N.periodos=660 N.reg=0
2026-09-12 15:07:52   1883/ 3060  ilc_mdes11b                 0.3 s  Freq=Y N.periodos=12 N.reg=46
2026-09-12 15:07:52   1884/ 3060  educ_uoe_enrp04             0.2 s  Freq=Y N.periodos=13 N.reg=41
2026-09-12 15:07:53   1885/ 3060  ilc_hch02                   0.3 s  Freq=Y N.periodos=3 N.reg=37
2026-09-12 15:07:53   1886/ 3060  ilc_lvps08                  0.3 s  Freq=Y N.periodos=23 N.reg=46
2026-09-12 15:07:53   1887/ 3060  crim_hom_vage               0.3 s  Freq=Y N.periodos=17 N.reg=41
2026-09-12 15:07:54   1888/ 3060  lfsi_long_e01               0.2 s  Freq=Y N.periodos=15 N.reg=35
2026-09-12 15:07:54   1889/ 3060  lfsi_long_e06               0.2 s  Freq=Y N.periodos=15 N.reg=34
2026-09-12 15:07:54   1890/ 3060  lfst_lmbpcobg               0.2 s  Freq=Y N.periodos=31 N.reg=0
2026-09-12 15:07:54   1891/ 3060  tour_dem_tttrb              0.3 s  Freq=Y N.periodos=5 N.reg=32
2026-09-12 15:07:55   1892/ 3060  tour_dem_tntrb              0.3 s  Freq=Y N.periodos=5 N.reg=32
2026-09-12 15:07:55   1893/ 3060  hlth_rs_prshp2              0.2 s  Freq=Y N.periodos=46 N.reg=36
2026-09-12 15:07:55   1894/ 3060  iww_go_atyve                0.2 s  Freq=Y N.periodos=44 N.reg=20
2026-09-12 15:07:55   1895/ 3060  lfst_lmbpcitg               0.3 s  Freq=Y N.periodos=31 N.reg=0
2026-09-12 15:07:56   1896/ 3060  tran_sf_roadve              0.2 s  Freq=Y N.periodos=26 N.reg=35
2026-09-12 15:07:56   1897/ 3060  for_eco_cp                  0.3 s  Freq=Y N.periodos=39 N.reg=33
2026-09-12 15:07:56   1898/ 3060  tour_dem_tosex              0.3 s  Freq=Y N.periodos=13 N.reg=35
2026-09-12 15:07:56   1899/ 3060  rail_go_grpgood             0.2 s  Freq=Y N.periodos=18 N.reg=35
2026-09-12 15:07:57   1900/ 3060  nasa_10_pens2               0.2 s  Freq=Y N.periodos=13 N.reg=31
2026-09-12 15:07:57   1901/ 3060  cei_gsr010                  0.3 s  Freq=Y N.periodos=15 N.reg=28
2026-09-12 15:07:57   1902/ 3060  mar_pa_qm_no                0.2 s  Freq=Q N.periodos=97 N.reg=0
2026-09-12 15:07:58   1903/ 3060  irt_st_m                    0.3 s  Freq=M N.periodos=680 N.reg=16
2026-09-12 15:07:58   1904/ 3060  edat_lfse_02                0.2 s  Freq=Y N.periodos=22 N.reg=38
2026-09-12 15:07:58   1905/ 3060  env_epea_neep               0.3 s  Freq=Y N.periodos=14 N.reg=31
2026-09-12 15:07:58   1906/ 3060  crim_off_cat                0.3 s  Freq=Y N.periodos=17 N.reg=41
2026-09-12 15:07:59   1907/ 3060  isoc_r_ci_in_en2            0.3 s  Freq=Y N.periodos=3 N.reg=179
2026-09-12 15:07:59   1908/ 3060  env_cc_minv                 0.2 s  Freq=Y N.periodos=11 N.reg=17
2026-09-12 15:07:59   1909/ 3060  lfsa_qoe_4a6r2              0.2 s  Freq=Y N.periodos=18 N.reg=36
2026-09-12 15:07:59   1910/ 3060  lfst_lmbercobg              0.3 s  Freq=Y N.periodos=31 N.reg=0
2026-09-12 15:08:00   1911/ 3060  rail_go_contnbr             0.3 s  Freq=Y N.periodos=23 N.reg=31
2026-09-12 15:08:00   1912/ 3060  mar_go_qm_me                0.3 s  Freq=Q N.periodos=33 N.reg=0
2026-09-12 15:08:00   1913/ 3060  for_sup_cp                  0.3 s  Freq=Y N.periodos=39 N.reg=33
2026-09-12 15:08:00   1914/ 3060  road_tf_vehage              0.2 s  Freq=Y N.periodos=12 N.reg=22
2026-09-12 15:08:01   1915/ 3060  lfst_lmbercitg              0.2 s  Freq=Y N.periodos=31 N.reg=0
2026-09-12 15:08:01   1916/ 3060  tour_ce_oarc                0.3 s  Freq=Y N.periodos=8 N.reg=0
2026-09-12 15:08:01   1917/ 3060  yth_empl_130                0.2 s  Freq=Y N.periodos=27 N.reg=512
2026-09-12 15:08:01   1918/ 3060  isoc_cimobp_usen2           0.3 s  Freq=Y N.periodos=8 N.reg=40
2026-09-12 15:08:02   1919/ 3060  isoc_ske_itspen2            0.3 s  Freq=Y N.periodos=10 N.reg=41
2026-09-12 15:08:02   1920/ 3060  nrg_ind_ured                0.2 s  Freq=Y N.periodos=21 N.reg=40
2026-09-12 15:08:02   1921/ 3060  edat_lfse_01                0.3 s  Freq=Y N.periodos=22 N.reg=38
2026-09-12 15:08:03   1922/ 3060  mar_go_am_me                0.3 s  Freq=Y N.periodos=7 N.reg=0
2026-09-12 15:08:03   1923/ 3060  avia_if_typ                 0.3 s  Freq=Y N.periodos=22 N.reg=0
2026-09-12 15:08:03   1924/ 3060  apri_ap_anouta              0.2 s  Freq=Y N.periodos=25 N.reg=29
2026-09-12 15:08:03   1925/ 3060  trng_lfs_25                 0.3 s  Freq=Y N.periodos=2 N.reg=36
2026-09-12 15:08:03   1926/ 3060  ilc_di23                    0.2 s  Freq=Y N.periodos=23 N.reg=38
2026-09-12 15:08:04   1927/ 3060  env_epea_trf                0.2 s  Freq=Y N.periodos=14 N.reg=30
2026-09-12 15:08:04   1928/ 3060  isoc_e_envn2                0.2 s  Freq=Y N.periodos=2 N.reg=36
2026-09-12 15:08:04   1929/ 3060  hlth_cd_tro                 0.2 s  Freq=Y N.periodos=14 N.reg=34
2026-09-12 15:08:04   1930/ 3060  ert_eff_ic_a                0.3 s  Freq=Y N.periodos=32 N.reg=45
2026-09-12 15:08:05   1931/ 3060  ilc_hch09b                  0.2 s  Freq=Y N.periodos=2 N.reg=39
2026-09-12 15:08:05   1932/ 3060  ilc_lvhl35                  0.2 s  Freq=Y N.periodos=20 N.reg=45
2026-09-12 15:08:05   1933/ 3060  nrg_te_h2                   0.2 s  Freq=Y N.periodos=3 N.reg=33
2026-09-12 15:08:05   1934/ 3060  nrg_ti_h2                   0.2 s  Freq=Y N.periodos=3 N.reg=33
2026-09-12 15:08:06   1935/ 3060  isoc_ec_wsobs               0.2 s  Freq=Y N.periodos=5 N.reg=38
2026-09-12 15:08:06   1936/ 3060  tour_occ_mnor               0.2 s  Freq=M N.periodos=439 N.reg=45
2026-09-12 15:08:06   1937/ 3060  isoc_eb_das                 0.3 s  Freq=Y N.periodos=3 N.reg=35
2026-09-12 15:08:06   1938/ 3060  naida_10_pe                 0.3 s  Freq=Y N.periodos=51 N.reg=215
2026-09-12 15:08:07   1939/ 3060  mar_qg_qm_ewh               0.2 s  Freq=Q N.periodos=83 N.reg=0
2026-09-12 15:08:07   1940/ 3060  ilc_li09c                   0.4 s  Freq=Y N.periodos=11 N.reg=39
2026-09-12 15:08:07   1941/ 3060  ilc_li80                    0.3 s  Freq=Y N.periodos=11 N.reg=39
2026-09-12 15:08:07   1942/ 3060  env_air_emis_ind            0.2 s  Freq=Y N.periodos=45 N.reg=33
2026-09-12 15:08:08   1943/ 3060  lfst_rimgpcga               0.3 s  Freq=Y N.periodos=18 N.reg=38
2026-09-12 15:08:08   1944/ 3060  ilc_mddu08b                 0.4 s  Freq=Y N.periodos=11 N.reg=40
2026-09-12 15:08:08   1945/ 3060  hlth_rs_physcat             0.2 s  Freq=Y N.periodos=41 N.reg=36
2026-09-12 15:08:09   1946/ 3060  env_ac_tax                  0.2 s  Freq=Y N.periodos=30 N.reg=32
2026-09-12 15:08:09   1947/ 3060  educ_uoe_enra14             0.2 s  Freq=Y N.periodos=12 N.reg=433
2026-09-12 15:08:09   1948/ 3060  ilc_pns11                   0.3 s  Freq=Y N.periodos=23 N.reg=41
2026-09-12 15:08:09   1949/ 3060  ext_lt_invcur               0.2 s  Freq=Y N.periodos=13 N.reg=42
2026-09-12 15:08:10   1950/ 3060  trng_lfs_28                 0.2 s  Freq=Y N.periodos=2 N.reg=36
2026-09-12 15:08:10   1951/ 3060  env_wasmun                  0.2 s  Freq=Y N.periodos=30 N.reg=38
2026-09-12 15:08:10   1952/ 3060  yth_demo_010                0.3 s  Freq=Y N.periodos=18 N.reg=59
2026-09-12 15:08:10   1953/ 3060  nrg_cb_eim                  0.2 s  Freq=M N.periodos=223 N.reg=41
2026-09-12 15:08:11   1954/ 3060  demo_find                   0.2 s  Freq=Y N.periodos=65 N.reg=58
2026-09-12 15:08:11   1955/ 3060  hlth_rs_grd2                0.2 s  Freq=Y N.periodos=46 N.reg=38
2026-09-12 15:08:11   1956/ 3060  demo_marcz                  0.2 s  Freq=Y N.periodos=13 N.reg=47
2026-09-12 15:08:11   1957/ 3060  demo_nmsta                  0.3 s  Freq=Y N.periodos=65 N.reg=55
2026-09-12 15:08:12   1958/ 3060  tour_lfs5r2                 0.3 s  Freq=Y N.periodos=18 N.reg=38
2026-09-12 15:08:12   1959/ 3060  lfsi_hwa_a                  0.2 s  Freq=Y N.periodos=5 N.reg=37
2026-09-12 15:08:12   1960/ 3060  hlth_hlye                   0.3 s  Freq=Y N.periodos=21 N.reg=33
2026-09-12 15:08:12   1961/ 3060  rail_tf_haulmov             0.2 s  Freq=Y N.periodos=46 N.reg=38
2026-09-12 15:08:13   1962/ 3060  isoc_iiu_iuxr               0.2 s  Freq=Y N.periodos=1 N.reg=25
2026-09-12 15:08:13   1963/ 3060  lfst_rimgpnga               0.2 s  Freq=Y N.periodos=18 N.reg=37
2026-09-12 15:08:13   1964/ 3060  mar_pa_qm_pt                0.2 s  Freq=Q N.periodos=105 N.reg=0
2026-09-12 15:08:13   1965/ 3060  proj_25raasfr               0.3 s  Freq=Y N.periodos=15 N.reg=1165
2026-09-12 15:08:14   1966/ 3060  prc_ipc_g20                 0.2 s  Freq=M N.periodos=367 N.reg=21
2026-09-12 15:08:14   1967/ 3060  nrg_ind_id                  0.2 s  Freq=Y N.periodos=35 N.reg=41
2026-09-12 15:08:14   1968/ 3060  urt_d3area                  0.3 s  Freq=Y N.periodos=36 N.reg=37
2026-09-12 15:08:14   1969/ 3060  env_ww_con                  0.3 s  Freq=Y N.periodos=40 N.reg=39
2026-09-12 15:08:15   1970/ 3060  lfst_lmbpcoba               0.3 s  Freq=Y N.periodos=31 N.reg=0
2026-09-12 15:08:15   1971/ 3060  rail_go_dnggood             0.2 s  Freq=Y N.periodos=23 N.reg=34
2026-09-12 15:08:15   1972/ 3060  prc_hpi_ooa                 0.2 s  Freq=Y N.periodos=21 N.reg=36
2026-09-12 15:08:15   1973/ 3060  aact_eaa06                  0.2 s  Freq=Y N.periodos=53 N.reg=37
2026-09-12 15:08:16   1974/ 3060  ilc_lvhe08                  0.3 s  Freq=Y N.periodos=2 N.reg=38
2026-09-12 15:08:16   1975/ 3060  nama_10_pe                  0.3 s  Freq=Y N.periodos=51 N.reg=46
2026-09-12 15:08:16   1976/ 3060  apri_lprc                   0.2 s  Freq=Y N.periodos=14 N.reg=317
2026-09-12 15:08:16   1977/ 3060  nrg_ind_stjpjss             0.2 s  Freq=Y N.periodos=21 N.reg=40
2026-09-12 15:08:17   1978/ 3060  isoc_r_gov_i                0.3 s  Freq=Y N.periodos=18 N.reg=389
2026-09-12 15:08:17   1979/ 3060  lfst_lmbpcita               0.3 s  Freq=Y N.periodos=31 N.reg=0
2026-09-12 15:08:17   1980/ 3060  org_croppro                 0.2 s  Freq=Y N.periodos=13 N.reg=33
2026-09-12 15:08:17   1981/ 3060  tran_r_mago_nm              0.3 s  Freq=Y N.periodos=28 N.reg=253
2026-09-12 15:08:18   1982/ 3060  educ_uoe_enrt07             0.2 s  Freq=Y N.periodos=13 N.reg=39
2026-09-12 15:08:18   1983/ 3060  env_ac_aigg_q               0.2 s  Freq=Q N.periodos=65 N.reg=28
2026-09-12 15:08:18   1984/ 3060  isoc_r_eb_dan2              0.2 s  Freq=Y N.periodos=3 N.reg=179
2026-09-12 15:08:18   1985/ 3060  rd_p_perssize               0.3 s  Freq=Y N.periodos=45 N.reg=44
2026-09-12 15:08:19   1986/ 3060  hlth_rs_phys                0.2 s  Freq=Y N.periodos=46 N.reg=39
2026-09-12 15:08:19   1987/ 3060  ilc_lvho30                  0.2 s  Freq=Y N.periodos=23 N.reg=46
2026-09-12 15:08:19   1988/ 3060  lfsi_long_e02               0.3 s  Freq=Y N.periodos=15 N.reg=35
2026-09-12 15:08:19   1989/ 3060  iww_go_aport                0.3 s  Freq=Y N.periodos=12 N.reg=0
2026-09-12 15:08:20   1990/ 3060  ilc_di27                    0.2 s  Freq=Y N.periodos=23 N.reg=41
2026-09-12 15:08:20   1991/ 3060  sts_rb_a                    0.3 s  Freq=Y N.periodos=11 N.reg=39
2026-09-12 15:08:20   1992/ 3060  yth_empl_120                0.3 s  Freq=Y N.periodos=43 N.reg=38
2026-09-12 15:08:20   1993/ 3060  tran_r_mapa_nm              0.2 s  Freq=Y N.periodos=28 N.reg=261
2026-09-12 15:08:21   1994/ 3060  apro_mt_sloth               0.2 s  Freq=Y N.periodos=17 N.reg=41
2026-09-12 15:08:21   1995/ 3060  irt_euryld_q                0.2 s  Freq=Q N.periodos=88 N.reg=1
2026-09-12 15:08:21   1996/ 3060  trng_lfs_18                 0.3 s  Freq=Y N.periodos=2 N.reg=36
2026-09-12 15:08:22   1997/ 3060  educ_uoe_enrp06             0.4 s  Freq=Y N.periodos=12 N.reg=481
2026-09-12 15:08:22   1998/ 3060  ilc_li09b                   0.2 s  Freq=Y N.periodos=23 N.reg=46
2026-09-12 15:08:22   1999/ 3060  ilc_li10b                   0.3 s  Freq=Y N.periodos=23 N.reg=46
2026-09-12 15:08:22   2000/ 3060  ei_bsco_q                   0.2 s  Freq=Q N.periodos=147 N.reg=35
2026-09-12 15:08:23   2001/ 3060  road_go_ca_hac              0.2 s  Freq=Y N.periodos=27 N.reg=35
2026-09-12 15:08:23   2002/ 3060  ilc_lvho28                  0.2 s  Freq=Y N.periodos=23 N.reg=46
2026-09-12 15:08:23   2003/ 3060  env_wat_res                 0.2 s  Freq=Y N.periodos=40 N.reg=38
2026-09-12 15:08:24   2004/ 3060  lfst_lmbercoba              0.4 s  Freq=Y N.periodos=31 N.reg=0
2026-09-12 15:08:24   2005/ 3060  tran_r_elvehst              0.3 s  Freq=Y N.periodos=19 N.reg=427
2026-09-12 15:08:24   2006/ 3060  educ_uoe_enra15             0.2 s  Freq=Y N.periodos=13 N.reg=436
2026-09-12 15:08:24   2007/ 3060  trng_lfs_19                 0.3 s  Freq=Y N.periodos=2 N.reg=36
2026-09-12 15:08:25   2008/ 3060  lfsi_hwu_a                  0.3 s  Freq=Y N.periodos=5 N.reg=37
2026-09-12 15:08:25   2009/ 3060  sts_colb_a                  0.3 s  Freq=Y N.periodos=36 N.reg=41
2026-09-12 15:08:25   2010/ 3060  prc_hpi_hsvq                0.2 s  Freq=Q N.periodos=81 N.reg=20
2026-09-12 15:08:25   2011/ 3060  isoc_r_cisce_ran2           0.3 s  Freq=Y N.periodos=1 N.reg=136
2026-09-12 15:08:26   2012/ 3060  lfst_lmbercita              0.2 s  Freq=Y N.periodos=31 N.reg=0
2026-09-12 15:08:26   2013/ 3060  nrg_stk_gas                 0.3 s  Freq=Y N.periodos=35 N.reg=44
2026-09-12 15:08:26   2014/ 3060  ilc_lvho05b                 0.3 s  Freq=Y N.periodos=23 N.reg=46
2026-09-12 15:08:27   2015/ 3060  gba_tncoor                  0.3 s  Freq=Y N.periodos=22 N.reg=39
2026-09-12 15:08:27   2016/ 3060  ilc_enevt_03                0.3 s  Freq=Y N.periodos=1 N.reg=32
2026-09-12 15:08:27   2017/ 3060  ilc_lvhl04                  0.2 s  Freq=Y N.periodos=23 N.reg=46
2026-09-12 15:08:27   2018/ 3060  hlth_rs_physreg             0.4 s  Freq=Y N.periodos=33 N.reg=285
2026-09-12 15:08:28   2019/ 3060  env_wat_use                 0.2 s  Freq=Y N.periodos=37 N.reg=37
2026-09-12 15:08:28   2020/ 3060  mar_mg_am_cwtt              0.2 s  Freq=Y N.periodos=28 N.reg=0
2026-09-12 15:08:28   2021/ 3060  yth_empl_080                0.2 s  Freq=Y N.periodos=43 N.reg=38
2026-09-12 15:08:28   2022/ 3060  ilc_lvho07e                 0.2 s  Freq=Y N.periodos=23 N.reg=46
2026-09-12 15:08:29   2023/ 3060  une_ltu_a                   0.3 s  Freq=Y N.periodos=23 N.reg=38
2026-09-12 15:08:29   2024/ 3060  tour_ce_oar                 0.2 s  Freq=Y N.periodos=8 N.reg=32
2026-09-12 15:08:29   2025/ 3060  road_go_ta_mplw             0.3 s  Freq=Y N.periodos=27 N.reg=36
2026-09-12 15:08:29   2026/ 3060  rail_if_line_ga             0.3 s  Freq=Y N.periodos=36 N.reg=40
2026-09-12 15:08:30   2027/ 3060  isoc_ci_mvin2               0.2 s  Freq=Y N.periodos=2 N.reg=36
2026-09-12 15:08:30   2028/ 3060  ilc_enevt_01                0.2 s  Freq=Y N.periodos=1 N.reg=33
2026-09-12 15:08:30   2029/ 3060  lfso_24eab03                0.3 s  Freq=Y N.periodos=1 N.reg=32
2026-09-12 15:08:30   2030/ 3060  ilc_caindform25b            0.2 s  Freq=Y N.periodos=11 N.reg=39
2026-09-12 15:08:31   2031/ 3060  ilc_lvhe09                  0.3 s  Freq=Y N.periodos=2 N.reg=35
2026-09-12 15:08:31   2032/ 3060  demo_divcz                  0.2 s  Freq=Y N.periodos=13 N.reg=43
2026-09-12 15:08:31   2033/ 3060  nrg_inf_epct                0.3 s  Freq=Y N.periodos=35 N.reg=44
2026-09-12 15:08:31   2034/ 3060  trng_lfs_16                 0.2 s  Freq=Y N.periodos=2 N.reg=36
2026-09-12 15:08:32   2035/ 3060  lfso_24eab02                0.2 s  Freq=Y N.periodos=1 N.reg=32
2026-09-12 15:08:32   2036/ 3060  mar_mg_am_cwhg              0.2 s  Freq=Y N.periodos=17 N.reg=0
2026-09-12 15:08:32   2037/ 3060  ilc_atsd01                  0.2 s  Freq=Y N.periodos=1 N.reg=34
2026-09-12 15:08:32   2038/ 3060  sbs_part_xrtvc              0.3 s  Freq=Y N.periodos=4 N.reg=34
2026-09-12 15:08:33   2039/ 3060  hlth_rs_bdsrg2              0.2 s  Freq=Y N.periodos=33 N.reg=273
2026-09-12 15:08:33   2040/ 3060  ilc_lvph02                  0.2 s  Freq=Y N.periodos=23 N.reg=46
2026-09-12 15:08:33   2041/ 3060  avia_gor_sk                 0.2 s  Freq=Q N.periodos=365 N.reg=0
2026-09-12 15:08:33   2042/ 3060  ilc_enevt_01a               0.2 s  Freq=Y N.periodos=1 N.reg=32
2026-09-12 15:08:34   2043/ 3060  ilc_hch14                   0.3 s  Freq=Y N.periodos=3 N.reg=36
2026-09-12 15:08:34   2044/ 3060  tour_dem_tthd               0.2 s  Freq=Y N.periodos=13 N.reg=35
2026-09-12 15:08:34   2045/ 3060  proj_stp24                  0.2 s  Freq=Y N.periodos=28 N.reg=33
2026-09-12 15:08:34   2046/ 3060  isoc_ske_itts               0.3 s  Freq=Y N.periodos=10 N.reg=41
2026-09-12 15:08:35   2047/ 3060  ext_lt_introeu27_2020       0.2 s  Freq=Y N.periodos=24 N.reg=12
2026-09-12 15:08:35   2048/ 3060  demo_r_minfind              0.3 s  Freq=Y N.periodos=35 N.reg=512
2026-09-12 15:08:35   2049/ 3060  tour_dem_tnacb              0.2 s  Freq=Y N.periodos=5 N.reg=32
2026-09-12 15:08:35   2050/ 3060  demo_nind                   0.3 s  Freq=Y N.periodos=65 N.reg=59
2026-09-12 15:08:36   2051/ 3060  env_landfp_exp              0.2 s  Freq=Y N.periodos=11 N.reg=0
2026-09-12 15:08:36   2052/ 3060  road_go_na_dctt             0.2 s  Freq=Y N.periodos=44 N.reg=31
2026-09-12 15:08:36   2053/ 3060  ilc_atsb02b                 0.3 s  Freq=Y N.periodos=1 N.reg=34
2026-09-12 15:08:36   2054/ 3060  apro_mt_pcatlhs             0.2 s  Freq=S N.periodos=69 N.reg=38
2026-09-12 15:08:37   2055/ 3060  env_ww_genv                 0.2 s  Freq=Y N.periodos=38 N.reg=38
2026-09-12 15:08:37   2056/ 3060  nrg_ind_cotd                0.3 s  Freq=Y N.periodos=21 N.reg=40
2026-09-12 15:08:37   2057/ 3060  tour_dem_tows               0.3 s  Freq=Y N.periodos=13 N.reg=35
2026-09-12 15:08:37   2058/ 3060  proj_stp25                  0.2 s  Freq=Y N.periodos=27 N.reg=33
2026-09-12 15:08:38   2059/ 3060  htec_sti_pers2              0.2 s  Freq=Y N.periodos=20 N.reg=45
2026-09-12 15:08:38   2060/ 3060  bop_fdi6_ind                0.2 s  Freq=Y N.periodos=18 N.reg=40
2026-09-12 15:08:38   2061/ 3060  env_ww_spd                  0.3 s  Freq=Y N.periodos=40 N.reg=36
2026-09-12 15:08:38   2062/ 3060  prc_hpi_hsnq                0.2 s  Freq=Q N.periodos=81 N.reg=20
2026-09-12 15:08:39   2063/ 3060  demo_r_minf                 0.3 s  Freq=Y N.periodos=35 N.reg=521
2026-09-12 15:08:39   2064/ 3060  tour_dem_tttot              0.2 s  Freq=Y N.periodos=13 N.reg=35
2026-09-12 15:08:39   2065/ 3060  tour_dem_tntot              0.2 s  Freq=Y N.periodos=13 N.reg=35
2026-09-12 15:08:39   2066/ 3060  migr_asyapp1mpm             0.3 s  Freq=M N.periodos=222 N.reg=33
2026-09-12 15:08:40   2067/ 3060  educ_uoe_enrp07             0.2 s  Freq=Y N.periodos=13 N.reg=39
2026-09-12 15:08:40   2068/ 3060  demo_minfs                  0.3 s  Freq=Y N.periodos=18 N.reg=61
2026-09-12 15:08:40   2069/ 3060  cult_emp_wsta               0.3 s  Freq=Y N.periodos=15 N.reg=37
2026-09-12 15:08:40   2070/ 3060  educ_uoe_enra31             0.2 s  Freq=Y N.periodos=12 N.reg=38
2026-09-12 15:08:41   2071/ 3060  pipe_go_ttkm                0.2 s  Freq=Y N.periodos=39 N.reg=31
2026-09-12 15:08:41   2072/ 3060  rail_if_line_na             0.3 s  Freq=Y N.periodos=37 N.reg=40
2026-09-12 15:08:41   2073/ 3060  ilc_lvps09                  0.3 s  Freq=Y N.periodos=23 N.reg=46
2026-09-12 15:08:41   2074/ 3060  ilc_li45                    0.2 s  Freq=Y N.periodos=23 N.reg=46
2026-09-12 15:08:42   2075/ 3060  apri_lrnt                   0.2 s  Freq=Y N.periodos=14 N.reg=282
2026-09-12 15:08:42   2076/ 3060  for_area_efa                0.2 s  Freq=Y N.periodos=35 N.reg=34
2026-09-12 15:08:42   2077/ 3060  ilc_lvho27                  0.2 s  Freq=Y N.periodos=23 N.reg=46
2026-09-12 15:08:42   2078/ 3060  hrst_st_nunesex             0.2 s  Freq=Y N.periodos=32 N.reg=38
2026-09-12 15:08:43   2079/ 3060  gov_cl_guar                 0.2 s  Freq=Y N.periodos=15 N.reg=27
2026-09-12 15:08:43   2080/ 3060  gov_10dd_dcur               0.2 s  Freq=Y N.periodos=31 N.reg=28
2026-09-12 15:08:43   2081/ 3060  ilc_mdsd10                  0.3 s  Freq=Y N.periodos=12 N.reg=46
2026-09-12 15:08:43   2082/ 3060  irt_lt_mcby_m               0.2 s  Freq=M N.periodos=560 N.reg=30
2026-09-12 15:08:43   2083/ 3060  isoc_ci_ras                 0.2 s  Freq=Y N.periodos=7 N.reg=41
2026-09-12 15:08:44   2084/ 3060  ilc_caindform25             0.2 s  Freq=Y N.periodos=11 N.reg=39
2026-09-12 15:08:44   2085/ 3060  aact_ali02                  0.3 s  Freq=Y N.periodos=53 N.reg=37
2026-09-12 15:08:44   2086/ 3060  fish_aq3                    0.2 s  Freq=Y N.periodos=17 N.reg=38
2026-09-12 15:08:44   2087/ 3060  isoc_ci_in_h                0.2 s  Freq=Y N.periodos=24 N.reg=44
2026-09-12 15:08:45   2088/ 3060  agr_r_milkpr                0.4 s  Freq=Y N.periodos=30 N.reg=583
2026-09-12 15:08:45   2089/ 3060  crim_just_job               0.3 s  Freq=Y N.periodos=17 N.reg=41
2026-09-12 15:08:45   2090/ 3060  ilc_lvho29                  0.2 s  Freq=Y N.periodos=23 N.reg=43
2026-09-12 15:08:46   2091/ 3060  tour_dem_toed11             0.2 s  Freq=Y N.periodos=13 N.reg=35
2026-09-12 15:08:46   2092/ 3060  earn_nt_taxrate             0.3 s  Freq=Y N.periodos=26 N.reg=40
2026-09-12 15:08:46   2093/ 3060  rail_if_line_tr             0.2 s  Freq=Y N.periodos=45 N.reg=40
2026-09-12 15:08:46   2094/ 3060  demo_minf                   0.3 s  Freq=Y N.periodos=65 N.reg=60
2026-09-12 15:08:47   2095/ 3060  road_eqr_zev                0.2 s  Freq=Y N.periodos=13 N.reg=43
2026-09-12 15:08:47   2096/ 3060  road_eqs_zev                0.2 s  Freq=Y N.periodos=13 N.reg=43
2026-09-12 15:08:47   2097/ 3060  edat_lfse_14                0.2 s  Freq=Y N.periodos=34 N.reg=38
2026-09-12 15:08:47   2098/ 3060  crim_pris_age               0.2 s  Freq=Y N.periodos=17 N.reg=41
2026-09-12 15:08:48   2099/ 3060  demo_nmsta2                 0.3 s  Freq=Y N.periodos=12 N.reg=48
2026-09-12 15:08:48   2100/ 3060  demo_minfind                0.2 s  Freq=Y N.periodos=65 N.reg=59
2026-09-12 15:08:48   2101/ 3060  tour_occ_anor2              0.3 s  Freq=Y N.periodos=14 N.reg=561
2026-09-12 15:08:49   2102/ 3060  apro_cbs_cer                0.2 s  Freq=Y N.periodos=9 N.reg=20
2026-09-12 15:08:49   2103/ 3060  nrg_cb_h2                   0.3 s  Freq=Y N.periodos=3 N.reg=33
2026-09-12 15:08:49   2104/ 3060  ilc_li09d                   0.3 s  Freq=Y N.periodos=11 N.reg=39
2026-09-12 15:08:49   2105/ 3060  ilc_li80a                   0.3 s  Freq=Y N.periodos=11 N.reg=39
2026-09-12 15:08:50   2106/ 3060  fish_aq4a                   0.2 s  Freq=Y N.periodos=17 N.reg=31
2026-09-12 15:08:50   2107/ 3060  ilc_enevh_01                0.3 s  Freq=Y N.periodos=2 N.reg=35
2026-09-12 15:08:50   2108/ 3060  ilc_mdsd21                  0.2 s  Freq=Y N.periodos=11 N.reg=40
2026-09-12 15:08:50   2109/ 3060  edat_lfse_15                0.2 s  Freq=Y N.periodos=22 N.reg=38
2026-09-12 15:08:50   2110/ 3060  trng_lfs_24                 0.2 s  Freq=Y N.periodos=2 N.reg=36
2026-09-12 15:08:51   2111/ 3060  ert_bil_eur_q               0.2 s  Freq=Q N.periodos=222 N.reg=0
2026-09-12 15:08:51   2112/ 3060  env_ac_cepsgh1              0.2 s  Freq=Y N.periodos=19 N.reg=32
2026-09-12 15:08:51   2113/ 3060  mar_qg_qm_cwh               0.2 s  Freq=Q N.periodos=83 N.reg=0
2026-09-12 15:08:51   2114/ 3060  road_eqs_lormot             0.2 s  Freq=Y N.periodos=13 N.reg=42
2026-09-12 15:08:52   2115/ 3060  earn_gr_gpgr2               0.2 s  Freq=Y N.periodos=18 N.reg=40
2026-09-12 15:08:52   2116/ 3060  lfso_24eab04                0.3 s  Freq=Y N.periodos=1 N.reg=32
2026-09-12 15:08:52   2117/ 3060  hsw_mi_emp01                0.3 s  Freq=Y N.periodos=14 N.reg=34
2026-09-12 15:08:52   2118/ 3060  gov_rrf_fa                  0.2 s  Freq=Y N.periodos=6 N.reg=28
2026-09-12 15:08:53   2119/ 3060  isoc_r_ec_eseln2            0.3 s  Freq=Y N.periodos=3 N.reg=179
2026-09-12 15:08:53   2120/ 3060  avia_gor_mk                 0.3 s  Freq=Q N.periodos=170 N.reg=0
2026-09-12 15:08:53   2121/ 3060  mar_mg_am_cwhc              0.2 s  Freq=Y N.periodos=28 N.reg=0
2026-09-12 15:08:53   2122/ 3060  tour_cap_nats               0.2 s  Freq=Y N.periodos=15 N.reg=44
2026-09-12 15:08:54   2123/ 3060  isoc_cimobe_use             0.2 s  Freq=Y N.periodos=8 N.reg=40
2026-09-12 15:08:54   2124/ 3060  road_eqr_lormot             0.2 s  Freq=Y N.periodos=13 N.reg=41
2026-09-12 15:08:54   2125/ 3060  trng_lfs_21                 0.2 s  Freq=Y N.periodos=2 N.reg=36
2026-09-12 15:08:54   2126/ 3060  ilc_ats19b                  0.3 s  Freq=Y N.periodos=2 N.reg=37
2026-09-12 15:08:55   2127/ 3060  isoc_cbt                    0.2 s  Freq=Y N.periodos=13 N.reg=32
2026-09-12 15:08:55   2128/ 3060  ilc_lvps30                  0.3 s  Freq=Y N.periodos=23 N.reg=46
2026-09-12 15:08:55   2129/ 3060  ilc_li60                    0.2 s  Freq=Y N.periodos=23 N.reg=46
2026-09-12 15:08:55   2130/ 3060  ilc_ats19c                  0.2 s  Freq=Y N.periodos=2 N.reg=37
2026-09-12 15:08:56   2131/ 3060  env_watuse_rb               0.2 s  Freq=Y N.periodos=25 N.reg=0
2026-09-12 15:08:56   2132/ 3060  env_wat_cat                 0.3 s  Freq=Y N.periodos=40 N.reg=40
2026-09-12 15:08:56   2133/ 3060  ilc_hch06b                  0.2 s  Freq=Y N.periodos=3 N.reg=38
2026-09-12 15:08:56   2134/ 3060  ilc_lvhl60                  0.3 s  Freq=Y N.periodos=22 N.reg=46
2026-09-12 15:08:57   2135/ 3060  ilc_mdsd20                  0.3 s  Freq=Y N.periodos=11 N.reg=39
2026-09-12 15:08:57   2136/ 3060  sbs_part_bsprd              0.3 s  Freq=Y N.periodos=4 N.reg=28
2026-09-12 15:08:57   2137/ 3060  trng_lfs_23                 0.2 s  Freq=Y N.periodos=2 N.reg=36
2026-09-12 15:08:57   2138/ 3060  sts_tot_prod_m              0.3 s  Freq=M N.periodos=198 N.reg=21
2026-09-12 15:08:58   2139/ 3060  tour_dem_sdvq               0.2 s  Freq=Q N.periodos=44 N.reg=35
2026-09-12 15:08:58   2140/ 3060  gov_cl_liab                 0.2 s  Freq=Y N.periodos=14 N.reg=27
2026-09-12 15:08:58   2141/ 3060  crim_just_age               0.2 s  Freq=Y N.periodos=17 N.reg=41
2026-09-12 15:08:58   2142/ 3060  demo_marcb                  0.3 s  Freq=Y N.periodos=13 N.reg=44
2026-09-12 15:08:59   2143/ 3060  crim_thb_expsxa             0.3 s  Freq=Y N.periodos=12 N.reg=34
2026-09-12 15:08:59   2144/ 3060  lfsa_upgadl                 0.3 s  Freq=Y N.periodos=2 N.reg=36
2026-09-12 15:08:59   2145/ 3060  apro_mk_cola                0.2 s  Freq=Y N.periodos=58 N.reg=45
2026-09-12 15:08:59   2146/ 3060  isoc_e_dii                  0.2 s  Freq=Y N.periodos=11 N.reg=39
2026-09-12 15:09:00   2147/ 3060  gba_fundmod                 0.2 s  Freq=Y N.periodos=23 N.reg=46
2026-09-12 15:09:00   2148/ 3060  tour_dem_sdvexq             0.2 s  Freq=Q N.periodos=44 N.reg=35
2026-09-12 15:09:00   2149/ 3060  tour_dem_tnhd               0.3 s  Freq=Y N.periodos=13 N.reg=35
2026-09-12 15:09:00   2150/ 3060  tour_occ_ninats             0.2 s  Freq=Y N.periodos=14 N.reg=44
2026-09-12 15:09:01   2151/ 3060  avia_eq_arc_typreg          0.3 s  Freq=Y N.periodos=26 N.reg=36
2026-09-12 15:09:01   2152/ 3060  avia_eq_arc_typ             0.3 s  Freq=Y N.periodos=26 N.reg=36
2026-09-12 15:09:01   2153/ 3060  urb_cecfi                   0.3 s  Freq=Y N.periodos=34 N.reg=0
2026-09-12 15:09:01   2154/ 3060  ilc_atsc02                  0.3 s  Freq=Y N.periodos=2 N.reg=37
2026-09-12 15:09:02   2155/ 3060  crim_just_sex               0.3 s  Freq=Y N.periodos=17 N.reg=41
2026-09-12 15:09:02   2156/ 3060  tipsho40                    0.3 s  Freq=Q N.periodos=85 N.reg=29
2026-09-12 15:09:02   2157/ 3060  nrg_inf_bt                  0.2 s  Freq=Y N.periodos=35 N.reg=41
2026-09-12 15:09:02   2158/ 3060  trng_lfs_33                 0.3 s  Freq=Y N.periodos=2 N.reg=35
2026-09-12 15:09:03   2159/ 3060  trng_lfs_20                 0.2 s  Freq=Y N.periodos=2 N.reg=36
2026-09-12 15:09:03   2160/ 3060  tour_dem_toinc              0.3 s  Freq=Y N.periodos=13 N.reg=35
2026-09-12 15:09:03   2161/ 3060  cult_emp_reg                0.2 s  Freq=Y N.periodos=11 N.reg=455
2026-09-12 15:09:03   2162/ 3060  crim_pris_off               0.3 s  Freq=Y N.periodos=17 N.reg=39
2026-09-12 15:09:04   2163/ 3060  prc_hpi_cow                 0.2 s  Freq=Y N.periodos=22 N.reg=35
2026-09-12 15:09:04   2164/ 3060  ilc_lvho03                  0.3 s  Freq=Y N.periodos=23 N.reg=46
2026-09-12 15:09:04   2165/ 3060  mar_mp_am_cftt              0.3 s  Freq=Y N.periodos=21 N.reg=0
2026-09-12 15:09:04   2166/ 3060  isoc_cisce_ic               0.3 s  Freq=Y N.periodos=3 N.reg=38
2026-09-12 15:09:05   2167/ 3060  yth_demo_020                0.2 s  Freq=Y N.periodos=18 N.reg=57
2026-09-12 15:09:05   2168/ 3060  tour_lfs4r2                 0.5 s  Freq=Y N.periodos=18 N.reg=38
2026-09-12 15:09:05   2169/ 3060  isoc_sk_oja1                0.2 s  Freq=Q N.periodos=27 N.reg=331
2026-09-12 15:09:06   2170/ 3060  ilc_ats20                   0.3 s  Freq=Y N.periodos=2 N.reg=37
2026-09-12 15:09:08   2171/ 3060  mar_mg_am_pwhc              2.0 s  Freq=Y N.periodos=20 N.reg=0
2026-09-12 15:09:08   2172/ 3060  urt_births                  0.3 s  Freq=Y N.periodos=35 N.reg=38
2026-09-12 15:09:08   2173/ 3060  rail_pa_intcmng             0.4 s  Freq=Y N.periodos=22 N.reg=31
2026-09-12 15:09:09   2174/ 3060  isoc_ci_cm_ps               0.8 s  Freq=Y N.periodos=16 N.reg=42
2026-09-12 15:09:09   2175/ 3060  tipser20                    0.3 s  Freq=Y N.periodos=32 N.reg=44
2026-09-12 15:09:10   2176/ 3060  ert_bil_eur_a               0.3 s  Freq=Y N.periodos=55 N.reg=0
2026-09-12 15:09:10   2177/ 3060  ilc_iw03                    0.3 s  Freq=Y N.periodos=12 N.reg=46
2026-09-12 15:09:10   2178/ 3060  demo_fabort                 0.4 s  Freq=Y N.periodos=65 N.reg=41
2026-09-12 15:09:11   2179/ 3060  hlth_co_exam                0.3 s  Freq=Y N.periodos=31 N.reg=34
2026-09-12 15:09:11   2180/ 3060  ilc_lvhl21                  0.2 s  Freq=Y N.periodos=23 N.reg=314
2026-09-12 15:09:11   2181/ 3060  lfso_24lmk06                0.3 s  Freq=Y N.periodos=1 N.reg=34
2026-09-12 15:09:11   2182/ 3060  urt_deaths                  0.2 s  Freq=Y N.periodos=35 N.reg=37
2026-09-12 15:09:12   2183/ 3060  rail_pa_intgong             0.2 s  Freq=Y N.periodos=22 N.reg=31
2026-09-12 15:09:12   2184/ 3060  isoc_sk_oja3                0.2 s  Freq=Q N.periodos=26 N.reg=326
2026-09-12 15:09:12   2185/ 3060  spr_ubr_ben                 0.2 s  Freq=Y N.periodos=7 N.reg=15
2026-09-12 15:09:12   2186/ 3060  rail_go_typepas             0.2 s  Freq=Y N.periodos=23 N.reg=35
2026-09-12 15:09:13   2187/ 3060  htec_kia_emp2               0.2 s  Freq=Y N.periodos=18 N.reg=38
2026-09-12 15:09:13   2188/ 3060  crim_just_ctz               0.4 s  Freq=Y N.periodos=17 N.reg=41
2026-09-12 15:09:13   2189/ 3060  rail_if_electri             0.2 s  Freq=Y N.periodos=35 N.reg=40
2026-09-12 15:09:13   2190/ 3060  ert_bil_conv_q              0.2 s  Freq=Q N.periodos=222 N.reg=21
2026-09-12 15:09:14   2191/ 3060  lfso_24lmk05                0.2 s  Freq=Y N.periodos=1 N.reg=34
2026-09-12 15:09:14   2192/ 3060  rd_e_fundgerd               0.2 s  Freq=Y N.periodos=45 N.reg=45
2026-09-12 15:09:14   2193/ 3060  env_wat_bal                 0.3 s  Freq=Y N.periodos=40 N.reg=41
2026-09-12 15:09:14   2194/ 3060  rail_eq_wagon               0.2 s  Freq=Y N.periodos=55 N.reg=38
2026-09-12 15:09:15   2195/ 3060  ilc_mddu05c                 0.2 s  Freq=Y N.periodos=11 N.reg=40
2026-09-12 15:09:15   2196/ 3060  lfsi_neet_a                 0.2 s  Freq=Y N.periodos=23 N.reg=38
2026-09-12 15:09:15   2197/ 3060  ilc_di11                    0.3 s  Freq=Y N.periodos=23 N.reg=46
2026-09-12 15:09:15   2198/ 3060  edat_lfse_39                0.2 s  Freq=Y N.periodos=2 N.reg=36
2026-09-12 15:09:16   2199/ 3060  demo_ndivind                0.3 s  Freq=Y N.periodos=65 N.reg=57
2026-09-12 15:09:16   2200/ 3060  lfso_24lmk04                0.3 s  Freq=Y N.periodos=1 N.reg=34
2026-09-12 15:09:16   2201/ 3060  env_epea_cfin               0.3 s  Freq=Y N.periodos=14 N.reg=31
2026-09-12 15:09:17   2202/ 3060  ei_bsbu_q_r2                0.2 s  Freq=Q N.periodos=174 N.reg=35
2026-09-12 15:09:17   2203/ 3060  ert_h_eur_q                 0.3 s  Freq=Q N.periodos=220 N.reg=0
2026-09-12 15:09:17   2204/ 3060  road_eqs_carmot             0.3 s  Freq=Y N.periodos=56 N.reg=42
2026-09-12 15:09:17   2205/ 3060  isoc_ec_evalsm              0.2 s  Freq=Y N.periodos=9 N.reg=34
2026-09-12 15:09:18   2206/ 3060  crim_thb_sex                0.3 s  Freq=Y N.periodos=17 N.reg=35
2026-09-12 15:09:18   2207/ 3060  htec_sti_exp2               0.4 s  Freq=Y N.periodos=20 N.reg=45
2026-09-12 15:09:19   2208/ 3060  enps_bop_c6_a               0.4 s  Freq=Y N.periodos=20 N.reg=8
2026-09-12 15:09:19   2209/ 3060  env_wat_ind                 0.3 s  Freq=Y N.periodos=40 N.reg=34
2026-09-12 15:09:19   2210/ 3060  rd_p_femres                 0.3 s  Freq=Y N.periodos=38 N.reg=42
2026-09-12 15:09:20   2211/ 3060  tour_dem_totot              0.4 s  Freq=Y N.periodos=13 N.reg=35
2026-09-12 15:09:20   2212/ 3060  isoc_r_cicce_usen2          0.4 s  Freq=Y N.periodos=3 N.reg=179
2026-09-12 15:09:20   2213/ 3060  ilc_enevt_05                0.3 s  Freq=Y N.periodos=1 N.reg=33
2026-09-12 15:09:21   2214/ 3060  ilc_li22b                   0.3 s  Freq=Y N.periodos=18 N.reg=35
2026-09-12 15:09:21   2215/ 3060  ilc_lvhl17                  0.3 s  Freq=Y N.periodos=23 N.reg=46
2026-09-12 15:09:21   2216/ 3060  cult_emp_age                0.2 s  Freq=Y N.periodos=15 N.reg=37
2026-09-12 15:09:21   2217/ 3060  env_ac_epigg1               0.2 s  Freq=Y N.periodos=19 N.reg=31
2026-09-12 15:09:22   2218/ 3060  for_epsuw                   0.3 s  Freq=Y N.periodos=19 N.reg=17
2026-09-12 15:09:22   2219/ 3060  lfsi_long_e03               0.3 s  Freq=Y N.periodos=15 N.reg=33
2026-09-12 15:09:22   2220/ 3060  mar_mg_aa_cwhd              0.3 s  Freq=Y N.periodos=28 N.reg=0
2026-09-12 15:09:22   2221/ 3060  ilc_caindother              0.2 s  Freq=Y N.periodos=21 N.reg=45
2026-09-12 15:09:23   2222/ 3060  road_eqs_lorroa             0.2 s  Freq=Y N.periodos=16 N.reg=42
2026-09-12 15:09:23   2223/ 3060  iww_go_adago                0.2 s  Freq=Y N.periodos=19 N.reg=10
2026-09-12 15:09:23   2224/ 3060  gov_10dd_rmd                0.2 s  Freq=Y N.periodos=31 N.reg=26
2026-09-12 15:09:23   2225/ 3060  ilc_sbjp01                  0.4 s  Freq=Y N.periodos=16 N.reg=40
2026-09-12 15:09:24   2226/ 3060  prc_hpi_ooinw               0.2 s  Freq=Y N.periodos=22 N.reg=36
2026-09-12 15:09:24   2227/ 3060  ilc_enevt_05a               0.2 s  Freq=Y N.periodos=1 N.reg=32
2026-09-12 15:09:24   2228/ 3060  mar_mp_aa_cphd              0.3 s  Freq=Y N.periodos=28 N.reg=0
2026-09-12 15:09:24   2229/ 3060  trng_lfs_26                 0.2 s  Freq=Y N.periodos=2 N.reg=36
2026-09-12 15:09:25   2230/ 3060  road_eqs_carpda             0.4 s  Freq=Y N.periodos=13 N.reg=43
2026-09-12 15:09:25   2231/ 3060  mar_qg_qm_ewhp              0.3 s  Freq=Q N.periodos=83 N.reg=0
2026-09-12 15:09:25   2232/ 3060  tipsho30                    0.3 s  Freq=Q N.periodos=85 N.reg=29
2026-09-12 15:09:25   2233/ 3060  road_tf_veh                 0.2 s  Freq=Y N.periodos=13 N.reg=32
2026-09-12 15:09:26   2234/ 3060  hlth_rs_bds2                0.3 s  Freq=Y N.periodos=66 N.reg=33
2026-09-12 15:09:26   2235/ 3060  apro_cbs_oil                0.2 s  Freq=Y N.periodos=9 N.reg=20
2026-09-12 15:09:26   2236/ 3060  road_eqr_carpda             0.2 s  Freq=Y N.periodos=13 N.reg=43
2026-09-12 15:09:27   2237/ 3060  gov_rrf_use                 0.3 s  Freq=Y N.periodos=6 N.reg=28
2026-09-12 15:09:27   2238/ 3060  road_eqr_carmot             0.2 s  Freq=Y N.periodos=49 N.reg=43
2026-09-12 15:09:27   2239/ 3060  mar_qg_qm_pwho              0.2 s  Freq=Q N.periodos=83 N.reg=0
2026-09-12 15:09:27   2240/ 3060  demo_divcb                  0.3 s  Freq=Y N.periodos=13 N.reg=40
2026-09-12 15:09:27   2241/ 3060  ilc_atst05                  0.2 s  Freq=Y N.periodos=1 N.reg=33
2026-09-12 15:09:28   2242/ 3060  trng_lfs_27                 0.3 s  Freq=Y N.periodos=2 N.reg=36
2026-09-12 15:09:28   2243/ 3060  nrg_dhdc_cpl                0.2 s  Freq=Y N.periodos=9 N.reg=31
2026-09-12 15:09:28   2244/ 3060  urb_lenv                    0.5 s  Freq=Y N.periodos=35 N.reg=0
2026-09-12 15:09:29   2245/ 3060  sdg_13_10                   0.2 s  Freq=Y N.periodos=35 N.reg=31
2026-09-12 15:09:29   2246/ 3060  nrg_ind_ioc                 0.2 s  Freq=Y N.periodos=10 N.reg=27
2026-09-12 15:09:29   2247/ 3060  lfst_r_lmder                0.4 s  Freq=Y N.periodos=27 N.reg=36
2026-09-12 15:09:30   2248/ 3060  ilc_caindformal             0.2 s  Freq=Y N.periodos=21 N.reg=39
2026-09-12 15:09:30   2249/ 3060  ilc_lvhl23                  0.3 s  Freq=Y N.periodos=23 N.reg=43
2026-09-12 15:09:30   2250/ 3060  ilc_atsc02a                 0.2 s  Freq=Y N.periodos=2 N.reg=37
2026-09-12 15:09:30   2251/ 3060  env_ac_epissp1              0.2 s  Freq=Y N.periodos=19 N.reg=34
2026-09-12 15:09:31   2252/ 3060  ilc_atst01                  0.3 s  Freq=Y N.periodos=1 N.reg=35
2026-09-12 15:09:31   2253/ 3060  cult_emp_artpc              0.2 s  Freq=Y N.periodos=15 N.reg=37
2026-09-12 15:09:31   2254/ 3060  lfso_24lmk02                0.3 s  Freq=Y N.periodos=1 N.reg=34
2026-09-12 15:09:31   2255/ 3060  org_lstspec                 0.3 s  Freq=Y N.periodos=13 N.reg=39
2026-09-12 15:09:32   2256/ 3060  enps_ext_sitc               0.2 s  Freq=Y N.periodos=21 N.reg=9
2026-09-12 15:09:32   2257/ 3060  prc_colc_extm               0.2 s  Freq=M N.periodos=302 N.reg=161
2026-09-12 15:09:32   2258/ 3060  prc_colc_ppsm               0.2 s  Freq=M N.periodos=302 N.reg=161
2026-09-12 15:09:32   2259/ 3060  for_owner                   0.3 s  Freq=Y N.periodos=33 N.reg=30
2026-09-12 15:09:33   2260/ 3060  educ_uoe_grad04             0.2 s  Freq=Y N.periodos=13 N.reg=39
2026-09-12 15:09:33   2261/ 3060  ilc_di11b                   0.2 s  Freq=Y N.periodos=19 N.reg=40
2026-09-12 15:09:33   2262/ 3060  ilc_di11c                   0.3 s  Freq=Y N.periodos=19 N.reg=40
2026-09-12 15:09:33   2263/ 3060  ilc_di11d                   0.2 s  Freq=Y N.periodos=19 N.reg=40
2026-09-12 15:09:34   2264/ 3060  ilc_di11e                   0.2 s  Freq=Y N.periodos=19 N.reg=40
2026-09-12 15:09:34   2265/ 3060  ilc_di11f                   0.2 s  Freq=Y N.periodos=19 N.reg=40
2026-09-12 15:09:34   2266/ 3060  ilc_atst03                  0.2 s  Freq=Y N.periodos=1 N.reg=34
2026-09-12 15:09:34   2267/ 3060  ilc_di11a                   0.3 s  Freq=Y N.periodos=19 N.reg=40
2026-09-12 15:09:35   2268/ 3060  prc_hpi_a                   0.3 s  Freq=Y N.periodos=21 N.reg=38
2026-09-12 15:09:35   2269/ 3060  hlth_silc_08b               0.2 s  Freq=Y N.periodos=5 N.reg=37
2026-09-12 15:09:35   2270/ 3060  hsw_mi08                    0.2 s  Freq=Y N.periodos=15 N.reg=35
2026-09-12 15:09:35   2271/ 3060  hlth_cd_ido                 0.3 s  Freq=Y N.periodos=14 N.reg=39
2026-09-12 15:09:36   2272/ 3060  rail_tf_traveh              0.2 s  Freq=Y N.periodos=12 N.reg=37
2026-09-12 15:09:36   2273/ 3060  hlth_silc_09b               0.3 s  Freq=Y N.periodos=5 N.reg=37
2026-09-12 15:09:36   2274/ 3060  irt_st_q                    0.3 s  Freq=Q N.periodos=226 N.reg=15
2026-09-12 15:09:36   2275/ 3060  lfst_r_lmdur                0.3 s  Freq=Y N.periodos=27 N.reg=36
2026-09-12 15:09:37   2276/ 3060  isoc_r_iacc_h               0.3 s  Freq=Y N.periodos=20 N.reg=391
2026-09-12 15:09:37   2277/ 3060  hlth_silc_17                0.3 s  Freq=Y N.periodos=21 N.reg=34
2026-09-12 15:09:37   2278/ 3060  sts_copi_a                  0.2 s  Freq=Y N.periodos=72 N.reg=41
2026-09-12 15:09:37   2279/ 3060  isoc_r_dskl_i               0.2 s  Freq=Y N.periodos=1 N.reg=124
2026-09-12 15:09:38   2280/ 3060  isoc_pbo                    0.3 s  Freq=Y N.periodos=6 N.reg=30
2026-09-12 15:09:38   2281/ 3060  ilc_li24                    0.3 s  Freq=Y N.periodos=19 N.reg=40
2026-09-12 15:09:38   2282/ 3060  hlth_rs_nurse               0.3 s  Freq=Y N.periodos=26 N.reg=27
2026-09-12 15:09:38   2283/ 3060  nrg_inf_lbpc                0.3 s  Freq=Y N.periodos=35 N.reg=44
2026-09-12 15:09:39   2284/ 3060  avia_eq_arc_agereg          0.2 s  Freq=Y N.periodos=26 N.reg=36
2026-09-12 15:09:39   2285/ 3060  hrst_stem_age               0.2 s  Freq=Y N.periodos=5 N.reg=31
2026-09-12 15:09:39   2286/ 3060  avia_eq_arc_age             0.2 s  Freq=Y N.periodos=26 N.reg=36
2026-09-12 15:09:39   2287/ 3060  hlth_co_inpagg              0.2 s  Freq=Y N.periodos=65 N.reg=37
2026-09-12 15:09:40   2288/ 3060  demo_mfoet                  0.4 s  Freq=Y N.periodos=18 N.reg=46
2026-09-12 15:09:40   2289/ 3060  lfsi_long_e07               0.2 s  Freq=Y N.periodos=15 N.reg=35
2026-09-12 15:09:40   2290/ 3060  road_eqs_busage             0.3 s  Freq=Y N.periodos=56 N.reg=43
2026-09-12 15:09:41   2291/ 3060  ilc_ats20b                  0.3 s  Freq=Y N.periodos=2 N.reg=35
2026-09-12 15:09:41   2292/ 3060  rail_eq_locon               0.2 s  Freq=Y N.periodos=35 N.reg=38
2026-09-12 15:09:41   2293/ 3060  rail_go_quartal             0.2 s  Freq=Q N.periodos=90 N.reg=39
2026-09-12 15:09:41   2294/ 3060  org_coptyp                  0.2 s  Freq=Y N.periodos=13 N.reg=39
2026-09-12 15:09:42   2295/ 3060  prc_colc_rents              0.2 s  Freq=Y N.periodos=13 N.reg=44
2026-09-12 15:09:42   2296/ 3060  mar_qg_qm_pwhb              0.2 s  Freq=Q N.periodos=83 N.reg=0
2026-09-12 15:09:42   2297/ 3060  isoc_sk_oja2                0.3 s  Freq=Q N.periodos=27 N.reg=33
2026-09-12 15:09:42   2298/ 3060  hlth_rs_wkmg2               0.3 s  Freq=Y N.periodos=26 N.reg=34
2026-09-12 15:09:43   2299/ 3060  org_cpreact                 0.2 s  Freq=Y N.periodos=13 N.reg=32
2026-09-12 15:09:43   2300/ 3060  ilc_li41                    0.2 s  Freq=Y N.periodos=23 N.reg=422
2026-09-12 15:09:43   2301/ 3060  cult_emp_n2                 0.2 s  Freq=Y N.periodos=15 N.reg=37
2026-09-12 15:09:44   2302/ 3060  mar_sg_am_pw                0.2 s  Freq=Y N.periodos=20 N.reg=0
2026-09-12 15:09:44   2303/ 3060  crim_hom_vrel               0.2 s  Freq=Y N.periodos=17 N.reg=31
2026-09-12 15:09:44   2304/ 3060  nrg_chp_f                   0.2 s  Freq=Y N.periodos=8 N.reg=30
2026-09-12 15:09:44   2305/ 3060  rail_pa_quartal             0.2 s  Freq=Q N.periodos=90 N.reg=39
2026-09-12 15:09:44   2306/ 3060  org_aprod                   0.2 s  Freq=Y N.periodos=13 N.reg=34
2026-09-12 15:09:45   2307/ 3060  road_eqs_busmot             0.2 s  Freq=Y N.periodos=13 N.reg=43
2026-09-12 15:09:45   2308/ 3060  nrg_chp_n                   0.3 s  Freq=Y N.periodos=8 N.reg=29
2026-09-12 15:09:45   2309/ 3060  aei_fm_usefert              0.2 s  Freq=Y N.periodos=30 N.reg=211
2026-09-12 15:09:45   2310/ 3060  nrg_inf_nuc                 0.2 s  Freq=Y N.periodos=16 N.reg=44
2026-09-12 15:09:46   2311/ 3060  isoc_r_ci_cm_pn2            0.3 s  Freq=Y N.periodos=3 N.reg=179
2026-09-12 15:09:46   2312/ 3060  cli_iad_loss                0.2 s  Freq=Y N.periodos=45 N.reg=39
2026-09-12 15:09:46   2313/ 3060  educ_uoe_enra09             0.2 s  Freq=Y N.periodos=13 N.reg=39
2026-09-12 15:09:46   2314/ 3060  educ_uoe_perp04             0.3 s  Freq=Y N.periodos=12 N.reg=40
2026-09-12 15:09:47   2315/ 3060  env_ac_mid                  0.3 s  Freq=Y N.periodos=36 N.reg=36
2026-09-12 15:09:47   2316/ 3060  migr_asytpfpop              0.3 s  Freq=M N.periodos=53 N.reg=32
2026-09-12 15:09:47   2317/ 3060  migr_asytpspop              0.2 s  Freq=M N.periodos=53 N.reg=32
2026-09-12 15:09:48   2318/ 3060  ilc_peps60n                 0.3 s  Freq=Y N.periodos=11 N.reg=45
2026-09-12 15:09:48   2319/ 3060  ilc_pnp9                    0.2 s  Freq=Y N.periodos=23 N.reg=46
2026-09-12 15:09:48   2320/ 3060  ilc_lvho05q                 0.2 s  Freq=Y N.periodos=23 N.reg=46
2026-09-12 15:09:48   2321/ 3060  ilc_lvho06q                 0.3 s  Freq=Y N.periodos=23 N.reg=46
2026-09-12 15:09:49   2322/ 3060  ilc_iw02                    0.3 s  Freq=Y N.periodos=23 N.reg=46
2026-09-12 15:09:49   2323/ 3060  urt_10r_3pgdp               0.5 s  Freq=Y N.periodos=25 N.reg=29
2026-09-12 15:09:49   2324/ 3060  ilc_lvho07b                 0.3 s  Freq=Y N.periodos=23 N.reg=46
2026-09-12 15:09:50   2325/ 3060  ilc_iw05                    0.2 s  Freq=Y N.periodos=23 N.reg=46
2026-09-12 15:09:50   2326/ 3060  ilc_lvph03                  0.3 s  Freq=Y N.periodos=23 N.reg=46
2026-09-12 15:09:50   2327/ 3060  road_eqr_busmot             0.3 s  Freq=Y N.periodos=13 N.reg=43
2026-09-12 15:09:50   2328/ 3060  isoc_bde15ar2               0.2 s  Freq=Y N.periodos=20 N.reg=41
2026-09-12 15:09:51   2329/ 3060  env_ac_taxener              0.2 s  Freq=Y N.periodos=30 N.reg=34
2026-09-12 15:09:51   2330/ 3060  env_ac_pefa05               0.3 s  Freq=Y N.periodos=25 N.reg=35
2026-09-12 15:09:51   2331/ 3060  ilc_lvps10                  0.2 s  Freq=Y N.periodos=23 N.reg=45
2026-09-12 15:09:51   2332/ 3060  rail_pa_typepas             0.2 s  Freq=Y N.periodos=22 N.reg=34
2026-09-12 15:09:52   2333/ 3060  apro_mt_lssheep             0.2 s  Freq=Y N.periodos=66 N.reg=44
2026-09-12 15:09:52   2334/ 3060  ilc_lvhl60n                 0.2 s  Freq=Y N.periodos=12 N.reg=45
2026-09-12 15:09:52   2335/ 3060  isoc_r_ec_evaln2            0.3 s  Freq=Y N.periodos=3 N.reg=177
2026-09-12 15:09:52   2336/ 3060  apro_mk_strmk               0.3 s  Freq=Y N.periodos=11 N.reg=43
2026-09-12 15:09:53   2337/ 3060  educ_uoe_enra05             0.3 s  Freq=Y N.periodos=13 N.reg=39
2026-09-12 15:09:53   2338/ 3060  ilc_li10_r                  0.3 s  Freq=Y N.periodos=23 N.reg=422
2026-09-12 15:09:53   2339/ 3060  trng_lfs_22                 0.2 s  Freq=Y N.periodos=2 N.reg=435
2026-09-12 15:09:53   2340/ 3060  educ_uoe_enra17             0.2 s  Freq=Y N.periodos=12 N.reg=422
2026-09-12 15:09:54   2341/ 3060  road_if_roadsc              0.2 s  Freq=Y N.periodos=55 N.reg=42
2026-09-12 15:09:54   2342/ 3060  ilc_li43                    0.3 s  Freq=Y N.periodos=23 N.reg=43
2026-09-12 15:09:54   2343/ 3060  ilc_mddd23                  0.2 s  Freq=Y N.periodos=23 N.reg=43
2026-09-12 15:09:54   2344/ 3060  ilc_lvho04n                 0.3 s  Freq=Y N.periodos=23 N.reg=288
2026-09-12 15:09:55   2345/ 3060  ilc_peps13                  0.2 s  Freq=Y N.periodos=23 N.reg=43
2026-09-12 15:09:55   2346/ 3060  ilc_sbjp03                  0.3 s  Freq=Y N.periodos=16 N.reg=40
2026-09-12 15:09:55   2347/ 3060  nrg_ind_rctcbt              0.2 s  Freq=Y N.periodos=4 N.reg=38
2026-09-12 15:09:55   2348/ 3060  ilc_atsb01b                 0.2 s  Freq=Y N.periodos=1 N.reg=34
2026-09-12 15:09:56   2349/ 3060  earn_mw_cur                 0.3 s  Freq=S N.periodos=56 N.reg=39
2026-09-12 15:09:56   2350/ 3060  migr_acqs                   0.3 s  Freq=Y N.periodos=16 N.reg=33
2026-09-12 15:09:56   2351/ 3060  road_eqs_roaene             0.2 s  Freq=Y N.periodos=16 N.reg=39
2026-09-12 15:09:56   2352/ 3060  tran_hv_psmod               0.3 s  Freq=Y N.periodos=35 N.reg=37
2026-09-12 15:09:57   2353/ 3060  ilc_atsb03b                 0.3 s  Freq=Y N.periodos=1 N.reg=34
2026-09-12 15:09:57   2354/ 3060  proj_stp22                  0.3 s  Freq=Y N.periodos=14 N.reg=36
2026-09-12 15:09:57   2355/ 3060  apro_mk_strmt               0.4 s  Freq=Y N.periodos=11 N.reg=43
2026-09-12 15:09:57   2356/ 3060  mar_sg_am_cw                0.3 s  Freq=Y N.periodos=20 N.reg=0
2026-09-12 15:09:58   2357/ 3060  educ_uoe_enra04             0.2 s  Freq=Y N.periodos=13 N.reg=39
2026-09-12 15:09:58   2358/ 3060  ilc_di11_r                  0.2 s  Freq=Y N.periodos=23 N.reg=371
2026-09-12 15:09:58   2359/ 3060  tour_lfsq6r21               0.2 s  Freq=Q N.periodos=2 N.reg=36
2026-09-12 15:09:58   2360/ 3060  road_eqr_tracmot            0.2 s  Freq=Y N.periodos=13 N.reg=40
2026-09-12 15:09:59   2361/ 3060  educ_uoe_enrt05             0.3 s  Freq=Y N.periodos=12 N.reg=440
2026-09-12 15:09:59   2362/ 3060  isoc_ski_itage              0.2 s  Freq=Y N.periodos=22 N.reg=39
2026-09-12 15:09:59   2363/ 3060  mar_qg_qm_pwhr              0.3 s  Freq=Q N.periodos=83 N.reg=0
2026-09-12 15:09:59   2364/ 3060  inn_cis14_bas               0.2 s  Freq=Y N.periodos=1 N.reg=23
2026-09-12 15:10:00   2365/ 3060  irt_h_ddmr_m                0.3 s  Freq=M N.periodos=672 N.reg=20
2026-09-12 15:10:00   2366/ 3060  lfsa_sup_dl                 0.3 s  Freq=Y N.periodos=2 N.reg=36
2026-09-12 15:10:00   2367/ 3060  nrg_ind_ei                  0.3 s  Freq=Y N.periodos=35 N.reg=38
2026-09-12 15:10:00   2368/ 3060  isoc_ski_itsex              0.2 s  Freq=Y N.periodos=22 N.reg=39
2026-09-12 15:10:01   2369/ 3060  isoc_ski_itedu              0.3 s  Freq=Y N.periodos=22 N.reg=39
2026-09-12 15:10:01   2370/ 3060  isoc_ic_biper2              0.3 s  Freq=Y N.periodos=20 N.reg=38
2026-09-12 15:10:01   2371/ 3060  enpe_ext_sitc               0.3 s  Freq=Y N.periodos=21 N.reg=6
2026-09-12 15:10:02   2372/ 3060  iww_eq_loadcap              0.4 s  Freq=Y N.periodos=39 N.reg=29
2026-09-12 15:10:02   2373/ 3060  lfsi_long_e08               0.2 s  Freq=Y N.periodos=15 N.reg=36
2026-09-12 15:10:02   2374/ 3060  lfsi_long_e09               0.3 s  Freq=Y N.periodos=15 N.reg=35
2026-09-12 15:10:03   2375/ 3060  cult_emp_edu                0.2 s  Freq=Y N.periodos=15 N.reg=37
2026-09-12 15:10:03   2376/ 3060  ilc_peps07n                 0.3 s  Freq=Y N.periodos=11 N.reg=46
2026-09-12 15:10:03   2377/ 3060  crim_smu_sex                0.3 s  Freq=Y N.periodos=9 N.reg=36
2026-09-12 15:10:03   2378/ 3060  gov_10dd_guar               0.3 s  Freq=Y N.periodos=20 N.reg=22
2026-09-12 15:10:04   2379/ 3060  mar_pa_qm_lv                0.2 s  Freq=Q N.periodos=96 N.reg=0
2026-09-12 15:10:04   2380/ 3060  mar_pa_qm_mt                0.2 s  Freq=Q N.periodos=93 N.reg=0
2026-09-12 15:10:04   2381/ 3060  tipser10                    0.3 s  Freq=Y N.periodos=32 N.reg=45
2026-09-12 15:10:04   2382/ 3060  sbs_part_bscl               0.2 s  Freq=Y N.periodos=4 N.reg=29
2026-09-12 15:10:04   2383/ 3060  educ_uoe_enra22             0.2 s  Freq=Y N.periodos=12 N.reg=423
2026-09-12 15:10:05   2384/ 3060  tran_sf_railac              0.3 s  Freq=Y N.periodos=19 N.reg=33
2026-09-12 15:10:05   2385/ 3060  ilc_sis4                    0.2 s  Freq=Y N.periodos=16 N.reg=42
2026-09-12 15:10:05   2386/ 3060  educ_uoe_grad05             0.3 s  Freq=Y N.periodos=12 N.reg=39
2026-09-12 15:10:05   2387/ 3060  nrg_ind_hpind               0.2 s  Freq=Y N.periodos=35 N.reg=40
2026-09-12 15:10:06   2388/ 3060  enps_demo_pjangr            0.3 s  Freq=Y N.periodos=21 N.reg=9
2026-09-12 15:10:06   2389/ 3060  mar_sg_am_cwk               0.3 s  Freq=Y N.periodos=20 N.reg=0
2026-09-12 15:10:06   2390/ 3060  mar_sg_am_cws               0.2 s  Freq=Y N.periodos=20 N.reg=0
2026-09-12 15:10:07   2391/ 3060  hlth_dlm200                 0.3 s  Freq=Y N.periodos=16 N.reg=46
2026-09-12 15:10:07   2392/ 3060  rail_eq_locop               0.3 s  Freq=Y N.periodos=35 N.reg=38
2026-09-12 15:10:07   2393/ 3060  tran_sf_roadro              0.4 s  Freq=Y N.periodos=26 N.reg=35
2026-09-12 15:10:07   2394/ 3060  irt_lt_mcby_q               0.3 s  Freq=Q N.periodos=186 N.reg=30
2026-09-12 15:10:08   2395/ 3060  isoc_ski_itemp              0.2 s  Freq=Y N.periodos=22 N.reg=39
2026-09-12 15:10:08   2396/ 3060  road_tf_road                0.2 s  Freq=Y N.periodos=14 N.reg=23
2026-09-12 15:10:08   2397/ 3060  irt_euryld_a                0.4 s  Freq=Y N.periodos=22 N.reg=1
2026-09-12 15:10:09   2398/ 3060  aact_ali01                  0.2 s  Freq=Y N.periodos=53 N.reg=37
2026-09-12 15:10:09   2399/ 3060  apro_mt_lsgoat              0.7 s  Freq=Y N.periodos=66 N.reg=44
2026-09-12 15:10:09   2400/ 3060  educ_uoe_enrt08             0.2 s  Freq=Y N.periodos=13 N.reg=39
2026-09-12 15:10:10   2401/ 3060  ilc_lvho07c                 0.2 s  Freq=Y N.periodos=23 N.reg=46
2026-09-12 15:10:10   2402/ 3060  rail_eq_pa_nty              0.3 s  Freq=Y N.periodos=35 N.reg=38
2026-09-12 15:10:11   2403/ 3060  tour_lfsq2r21               0.2 s  Freq=Q N.periodos=2 N.reg=36
2026-09-12 15:10:11   2404/ 3060  hlth_rs_tech                0.3 s  Freq=Y N.periodos=26 N.reg=31
2026-09-12 15:10:11   2405/ 3060  ilc_li23                    0.3 s  Freq=Y N.periodos=19 N.reg=40
2026-09-12 15:10:11   2406/ 3060  env_epea_invsp              0.2 s  Freq=Y N.periodos=14 N.reg=31
2026-09-12 15:10:12   2407/ 3060  crim_just_bri               0.3 s  Freq=Y N.periodos=9 N.reg=37
2026-09-12 15:10:12   2408/ 3060  lfsi_long_e04               0.2 s  Freq=Y N.periodos=15 N.reg=33
2026-09-12 15:10:12   2409/ 3060  apro_mk_strfp               0.3 s  Freq=Y N.periodos=11 N.reg=43
2026-09-12 15:10:12   2410/ 3060  tran_sf_marves              0.2 s  Freq=Y N.periodos=14 N.reg=0
2026-09-12 15:10:13   2411/ 3060  road_eqs_lorton             0.3 s  Freq=Y N.periodos=14 N.reg=42
2026-09-12 15:10:13   2412/ 3060  hrst_stem_ind               0.3 s  Freq=Y N.periodos=5 N.reg=31
2026-09-12 15:10:13   2413/ 3060  crim_pris_ctz               0.2 s  Freq=Y N.periodos=17 N.reg=41
2026-09-12 15:10:13   2414/ 3060  mar_mg_aa_pwhd              0.2 s  Freq=Y N.periodos=20 N.reg=0
2026-09-12 15:10:14   2415/ 3060  trng_lfs_17                 0.2 s  Freq=Y N.periodos=2 N.reg=36
2026-09-12 15:10:14   2416/ 3060  sprt_emp_edu                0.2 s  Freq=Y N.periodos=15 N.reg=37
2026-09-12 15:10:14   2417/ 3060  env_epea_invgg              0.2 s  Freq=Y N.periodos=14 N.reg=29
2026-09-12 15:10:14   2418/ 3060  apro_mk_strch               0.2 s  Freq=Y N.periodos=11 N.reg=43
2026-09-12 15:10:15   2419/ 3060  apro_mk_strcc               0.2 s  Freq=Y N.periodos=11 N.reg=43
2026-09-12 15:10:15   2420/ 3060  mar_qg_qm_ewhg              0.2 s  Freq=Q N.periodos=83 N.reg=0
2026-09-12 15:10:15   2421/ 3060  apro_mk_strbt               0.2 s  Freq=Y N.periodos=11 N.reg=43
2026-09-12 15:10:15   2422/ 3060  apro_mt_ppighq              0.3 s  Freq=Q N.periodos=128 N.reg=38
2026-09-12 15:10:15   2423/ 3060  road_eqs_mopeds             0.2 s  Freq=Y N.periodos=56 N.reg=42
2026-09-12 15:10:16   2424/ 3060  road_eqr_lorrit             0.2 s  Freq=Y N.periodos=14 N.reg=43
2026-09-12 15:10:16   2425/ 3060  tour_occ_anor               0.2 s  Freq=Y N.periodos=14 N.reg=43
2026-09-12 15:10:16   2426/ 3060  env_ac_rp                   0.3 s  Freq=Y N.periodos=26 N.reg=36
2026-09-12 15:10:16   2427/ 3060  egr_mne_empw                0.2 s  Freq=Y N.periodos=7 N.reg=34
2026-09-12 15:10:17   2428/ 3060  educ_uoe_enra27             0.2 s  Freq=Y N.periodos=12 N.reg=39
2026-09-12 15:10:17   2429/ 3060  apro_mk_strdm               0.2 s  Freq=Y N.periodos=11 N.reg=43
2026-09-12 15:10:17   2430/ 3060  hrst_stem_gen               0.2 s  Freq=Y N.periodos=5 N.reg=31
2026-09-12 15:10:17   2431/ 3060  avia_if_arp                 0.3 s  Freq=Y N.periodos=24 N.reg=37
2026-09-12 15:10:18   2432/ 3060  prc_colc_ext                0.3 s  Freq=Y N.periodos=26 N.reg=161
2026-09-12 15:10:18   2433/ 3060  sdg_14_60                   0.2 s  Freq=Y N.periodos=28 N.reg=32
2026-09-12 15:10:18   2434/ 3060  prc_hicp_cw                 0.2 s  Freq=Y N.periodos=31 N.reg=37
2026-09-12 15:10:18   2435/ 3060  mar_sg_am_cwd               0.3 s  Freq=Y N.periodos=20 N.reg=0
2026-09-12 15:10:19   2436/ 3060  cei_srm040                  0.2 s  Freq=M N.periodos=94 N.reg=1
2026-09-12 15:10:19   2437/ 3060  ilc_peps11n                 0.3 s  Freq=Y N.periodos=11 N.reg=417
2026-09-12 15:10:19   2438/ 3060  ilc_lvhl21n                 0.2 s  Freq=Y N.periodos=12 N.reg=417
2026-09-12 15:10:19   2439/ 3060  nrg_dhdc_e                  0.3 s  Freq=Y N.periodos=9 N.reg=30
2026-09-12 15:10:20   2440/ 3060  sdg_13_21                   0.2 s  Freq=Y N.periodos=35 N.reg=32
2026-09-12 15:10:20   2441/ 3060  mar_mp_aa_pphd              0.2 s  Freq=Y N.periodos=20 N.reg=0
2026-09-12 15:10:20   2442/ 3060  nrg_ind_rfce                0.3 s  Freq=Y N.periodos=4 N.reg=38
2026-09-12 15:10:20   2443/ 3060  nrg_ind_rfcer               0.2 s  Freq=Y N.periodos=4 N.reg=38
2026-09-12 15:10:21   2444/ 3060  nrg_ind_rftce               0.3 s  Freq=Y N.periodos=4 N.reg=38
2026-09-12 15:10:21   2445/ 3060  ilc_lvph05                  0.4 s  Freq=Y N.periodos=23 N.reg=46
2026-09-12 15:10:21   2446/ 3060  earn_nt_netft               0.5 s  Freq=Y N.periodos=26 N.reg=40
2026-09-12 15:10:22   2447/ 3060  ilc_lvps20                  0.4 s  Freq=Y N.periodos=23 N.reg=46
2026-09-12 15:10:22   2448/ 3060  road_eqr_unlweig            0.4 s  Freq=Y N.periodos=49 N.reg=43
2026-09-12 15:10:23   2449/ 3060  ilc_mdsd18                  0.4 s  Freq=Y N.periodos=12 N.reg=417
2026-09-12 15:10:23   2450/ 3060  migr_eilretpc               0.6 s  Freq=Q N.periodos=21 N.reg=32
2026-09-12 15:10:24   2451/ 3060  sprt_emp_age                0.4 s  Freq=Y N.periodos=15 N.reg=37
2026-09-12 15:10:24   2452/ 3060  educ_uoe_perd03             0.4 s  Freq=Y N.periodos=12 N.reg=40
2026-09-12 15:10:24   2453/ 3060  isoc_ske_itspe              0.3 s  Freq=Y N.periodos=10 N.reg=41
2026-09-12 15:10:25   2454/ 3060  ilc_atsc01b                 0.3 s  Freq=Y N.periodos=2 N.reg=35
2026-09-12 15:10:25   2455/ 3060  ilc_lvhl17n                 0.2 s  Freq=Y N.periodos=12 N.reg=45
2026-09-12 15:10:25   2456/ 3060  rail_if_line_sp             0.2 s  Freq=Y N.periodos=35 N.reg=40
2026-09-12 15:10:25   2457/ 3060  sts_tot_prod_q              0.3 s  Freq=Q N.periodos=66 N.reg=21
2026-09-12 15:10:26   2458/ 3060  cult_emp_sex                0.2 s  Freq=Y N.periodos=15 N.reg=37
2026-09-12 15:10:26   2459/ 3060  nrg_ind_ren                 0.3 s  Freq=Y N.periodos=22 N.reg=38
2026-09-12 15:10:26   2460/ 3060  sdg_15_42                   0.2 s  Freq=Y N.periodos=25 N.reg=39
2026-09-12 15:10:26   2461/ 3060  nrg_ind_rcaebt              0.3 s  Freq=Y N.periodos=4 N.reg=38
2026-09-12 15:10:27   2462/ 3060  iww_eq_age                  0.3 s  Freq=Y N.periodos=35 N.reg=30
2026-09-12 15:10:27   2463/ 3060  mar_qg_qm_pwhc              0.2 s  Freq=Q N.periodos=83 N.reg=0
2026-09-12 15:10:27   2464/ 3060  mar_qg_qm_pvh               0.3 s  Freq=Q N.periodos=83 N.reg=0
2026-09-12 15:10:27   2465/ 3060  mar_qg_qm_pwh               0.2 s  Freq=Q N.periodos=83 N.reg=0
2026-09-12 15:10:28   2466/ 3060  mar_qg_qm_pwhl              0.3 s  Freq=Q N.periodos=83 N.reg=0
2026-09-12 15:10:28   2467/ 3060  ilc_lvho05c                 0.2 s  Freq=Y N.periodos=23 N.reg=46
2026-09-12 15:10:28   2468/ 3060  env_air_no2                 0.5 s  Freq=M N.periodos=102 N.reg=31
2026-09-12 15:10:29   2469/ 3060  gov_cl_ppp                  0.2 s  Freq=Y N.periodos=15 N.reg=27
2026-09-12 15:10:29   2470/ 3060  nrg_ind_eff                 0.2 s  Freq=Y N.periodos=20 N.reg=41
2026-09-12 15:10:29   2471/ 3060  rail_ec_expend              0.2 s  Freq=Y N.periodos=35 N.reg=35
2026-09-12 15:10:29   2472/ 3060  ilc_lvho04d                 0.2 s  Freq=Y N.periodos=23 N.reg=43
2026-09-12 15:10:30   2473/ 3060  ilc_li48                    0.3 s  Freq=Y N.periodos=23 N.reg=43
2026-09-12 15:10:30   2474/ 3060  gov_10a_nfbs                0.2 s  Freq=Y N.periodos=31 N.reg=7
2026-09-12 15:10:30   2475/ 3060  isoc_sks_itspe              0.2 s  Freq=Y N.periodos=22 N.reg=37
2026-09-12 15:10:30   2476/ 3060  ilc_pnp10                   0.3 s  Freq=Y N.periodos=23 N.reg=41
2026-09-12 15:10:31   2477/ 3060  sprt_emp_sex                0.3 s  Freq=Y N.periodos=15 N.reg=37
2026-09-12 15:10:31   2478/ 3060  migr_resspc                 0.2 s  Freq=Y N.periodos=18 N.reg=33
2026-09-12 15:10:31   2479/ 3060  prc_hicp_cow                0.3 s  Freq=Y N.periodos=30 N.reg=37
2026-09-12 15:10:31   2480/ 3060  sdg_17_20                   0.2 s  Freq=Y N.periodos=25 N.reg=36
2026-09-12 15:10:32   2481/ 3060  crim_pris_tri               0.2 s  Freq=Y N.periodos=17 N.reg=42
2026-09-12 15:10:32   2482/ 3060  isoc_cimobp_use             0.3 s  Freq=Y N.periodos=8 N.reg=40
2026-09-12 15:10:32   2483/ 3060  road_if_motorwa             0.2 s  Freq=Y N.periodos=62 N.reg=43
2026-09-12 15:10:32   2484/ 3060  env_ac_epneis1              0.2 s  Freq=Y N.periodos=19 N.reg=33
2026-09-12 15:10:32   2485/ 3060  prc_hpi_hsva                0.2 s  Freq=Y N.periodos=28 N.reg=24
2026-09-12 15:10:33   2486/ 3060  tour_lfsq3r21               0.3 s  Freq=Q N.periodos=2 N.reg=36
2026-09-12 15:10:33   2487/ 3060  road_eqs_motorc             0.2 s  Freq=Y N.periodos=56 N.reg=42
2026-09-12 15:10:33   2488/ 3060  for_eoutput                 0.2 s  Freq=Y N.periodos=39 N.reg=33
2026-09-12 15:10:33   2489/ 3060  avia_gor_me                 0.2 s  Freq=Q N.periodos=153 N.reg=0
2026-09-12 15:10:34   2490/ 3060  rail_if_tracks              0.3 s  Freq=Y N.periodos=35 N.reg=39
2026-09-12 15:10:34   2491/ 3060  road_pa_buscoa              0.2 s  Freq=Y N.periodos=13 N.reg=35
2026-09-12 15:10:34   2492/ 3060  sdg_17_31                   0.2 s  Freq=Y N.periodos=26 N.reg=28
2026-09-12 15:10:34   2493/ 3060  isoc_sks_itspa              0.3 s  Freq=Y N.periodos=22 N.reg=37
2026-09-12 15:10:35   2494/ 3060  isoc_sks_itsps              0.2 s  Freq=Y N.periodos=22 N.reg=37
2026-09-12 15:10:35   2495/ 3060  demo_popmdctz               0.2 s  Freq=Y N.periodos=5 N.reg=34
2026-09-12 15:10:35   2496/ 3060  tipsho20                    0.2 s  Freq=Y N.periodos=26 N.reg=30
2026-09-12 15:10:35   2497/ 3060  ilc_sbjp04                  0.2 s  Freq=Y N.periodos=16 N.reg=40
2026-09-12 15:10:36   2498/ 3060  ilc_li22                    0.2 s  Freq=Y N.periodos=7 N.reg=36
2026-09-12 15:10:36   2499/ 3060  nrg_chdd_a                  0.4 s  Freq=Y N.periodos=46 N.reg=31
2026-09-12 15:10:36   2500/ 3060  demo_popmdctb               0.2 s  Freq=Y N.periodos=5 N.reg=33
2026-09-12 15:10:37   2501/ 3060  educ_uoe_enra10             0.2 s  Freq=Y N.periodos=27 N.reg=38
2026-09-12 15:10:37   2502/ 3060  rail_tf_hautype             0.3 s  Freq=Y N.periodos=46 N.reg=35
2026-09-12 15:10:37   2503/ 3060  ilc_mdsd08                  0.2 s  Freq=Y N.periodos=12 N.reg=287
2026-09-12 15:10:38   2504/ 3060  crim_thb_vsage              0.2 s  Freq=Y N.periodos=12 N.reg=34
2026-09-12 15:10:38   2505/ 3060  earn_gr_gpgr2ag             0.3 s  Freq=Y N.periodos=18 N.reg=36
2026-09-12 15:10:38   2506/ 3060  avia_if_arp_co              0.2 s  Freq=Y N.periodos=22 N.reg=0
2026-09-12 15:10:38   2507/ 3060  gov_cl_npl                  0.3 s  Freq=Y N.periodos=15 N.reg=27
2026-09-12 15:10:39   2508/ 3060  prc_rem_cs                  0.2 s  Freq=S N.periodos=45 N.reg=31
2026-09-12 15:10:39   2509/ 3060  migr_eilpop                 0.3 s  Freq=Y N.periodos=18 N.reg=33
2026-09-12 15:10:39   2510/ 3060  pat_ep_tot                  0.3 s  Freq=Y N.periodos=22 N.reg=38
2026-09-12 15:10:39   2511/ 3060  mar_mg_am_cvh               0.2 s  Freq=Y N.periodos=28 N.reg=0
2026-09-12 15:10:40   2512/ 3060  apro_mt_lsorg               0.2 s  Freq=Y N.periodos=14 N.reg=39
2026-09-12 15:10:40   2513/ 3060  prc_colc_surf               0.2 s  Freq=Y N.periodos=13 N.reg=44
2026-09-12 15:10:40   2514/ 3060  road_eqs_carage             0.2 s  Freq=Y N.periodos=13 N.reg=42
2026-09-12 15:10:40   2515/ 3060  hlth_rs_bdltc               0.2 s  Freq=Y N.periodos=46 N.reg=37
2026-09-12 15:10:40   2516/ 3060  lfsi_dwl_a                  0.2 s  Freq=Y N.periodos=26 N.reg=37
2026-09-12 15:10:41   2517/ 3060  tran_sf_marvper             0.2 s  Freq=Y N.periodos=14 N.reg=0
2026-09-12 15:10:41   2518/ 3060  ilc_li13                    0.3 s  Freq=Y N.periodos=12 N.reg=37
2026-09-12 15:10:41   2519/ 3060  ilc_li71                    0.2 s  Freq=Y N.periodos=11 N.reg=37
2026-09-12 15:10:41   2520/ 3060  enps_apro_cpnh1             0.2 s  Freq=Y N.periodos=20 N.reg=9
2026-09-12 15:10:42   2521/ 3060  lfsi_jhh_a                  0.3 s  Freq=Y N.periodos=20 N.reg=36
2026-09-12 15:10:42   2522/ 3060  for_emsuw                   0.3 s  Freq=Y N.periodos=19 N.reg=14
2026-09-12 15:10:42   2523/ 3060  demo_minfedu                0.2 s  Freq=Y N.periodos=12 N.reg=50
2026-09-12 15:10:42   2524/ 3060  educ_uoe_grad06             0.2 s  Freq=Y N.periodos=12 N.reg=39
2026-09-12 15:10:43   2525/ 3060  rail_go_consgmt             0.2 s  Freq=Y N.periodos=23 N.reg=17
2026-09-12 15:10:43   2526/ 3060  road_eqs_unlweig            0.2 s  Freq=Y N.periodos=30 N.reg=42
2026-09-12 15:10:43   2527/ 3060  nrg_d_indcv                 0.2 s  Freq=Y N.periodos=8 N.reg=32
2026-09-12 15:10:43   2528/ 3060  road_eqs_trail              0.2 s  Freq=Y N.periodos=16 N.reg=36
2026-09-12 15:10:44   2529/ 3060  ilc_pnp2                    0.2 s  Freq=Y N.periodos=30 N.reg=41
2026-09-12 15:10:44   2530/ 3060  nrg_d_hhcv                  0.2 s  Freq=Y N.periodos=15 N.reg=39
2026-09-12 15:10:44   2531/ 3060  rail_eq_pa_csb              0.2 s  Freq=Y N.periodos=35 N.reg=38
2026-09-12 15:10:44   2532/ 3060  nrg_ind_psth2               0.3 s  Freq=Y N.periodos=3 N.reg=33
2026-09-12 15:10:45   2533/ 3060  apro_mk_strpd               0.3 s  Freq=Y N.periodos=11 N.reg=43
2026-09-12 15:10:45   2534/ 3060  ilc_li12                    0.2 s  Freq=Y N.periodos=12 N.reg=44
2026-09-12 15:10:45   2535/ 3060  tour_dem_sdva               0.2 s  Freq=Y N.periodos=11 N.reg=35
2026-09-12 15:10:46   2536/ 3060  mar_qg_qm_ewhk              0.4 s  Freq=Q N.periodos=83 N.reg=0
2026-09-12 15:10:46   2537/ 3060  educ_uoe_perd05             0.5 s  Freq=Y N.periodos=12 N.reg=40
2026-09-12 15:10:46   2538/ 3060  road_eqr_trail              0.2 s  Freq=Y N.periodos=14 N.reg=39
2026-09-12 15:10:47   2539/ 3060  ilc_atsc01                  0.2 s  Freq=Y N.periodos=2 N.reg=37
2026-09-12 15:10:47   2540/ 3060  isoc_e_envs                 0.3 s  Freq=Y N.periodos=2 N.reg=36
2026-09-12 15:10:47   2541/ 3060  ilc_iw04                    0.3 s  Freq=Y N.periodos=23 N.reg=46
2026-09-12 15:10:47   2542/ 3060  ilc_lvho50c                 0.4 s  Freq=Y N.periodos=23 N.reg=46
2026-09-12 15:10:48   2543/ 3060  crim_thb_vctzsex            0.2 s  Freq=Y N.periodos=12 N.reg=32
2026-09-12 15:10:48   2544/ 3060  crim_thb_vexp               0.2 s  Freq=Y N.periodos=17 N.reg=33
2026-09-12 15:10:48   2545/ 3060  tour_dem_sdvexa             0.4 s  Freq=Y N.periodos=11 N.reg=35
2026-09-12 15:10:49   2546/ 3060  tran_hv_ms_frmod6           0.2 s  Freq=Y N.periodos=17 N.reg=30
2026-09-12 15:10:49   2547/ 3060  ilc_ats19                   0.3 s  Freq=Y N.periodos=2 N.reg=35
2026-09-12 15:10:49   2548/ 3060  ilc_pnp14                   0.3 s  Freq=Y N.periodos=23 N.reg=46
2026-09-12 15:10:49   2549/ 3060  ilc_atsc01c                 0.3 s  Freq=Y N.periodos=2 N.reg=35
2026-09-12 15:10:50   2550/ 3060  mar_mg_am_pvh               0.2 s  Freq=Y N.periodos=20 N.reg=0
2026-09-12 15:10:50   2551/ 3060  tran_hv_ms_psmod            0.4 s  Freq=Y N.periodos=17 N.reg=30
2026-09-12 15:10:50   2552/ 3060  nrg_inf_h2stpc              0.2 s  Freq=Y N.periodos=3 N.reg=33
2026-09-12 15:10:50   2553/ 3060  crim_pris_cap               0.2 s  Freq=Y N.periodos=17 N.reg=41
2026-09-12 15:10:51   2554/ 3060  mar_tp_go                   0.4 s  Freq=Y N.periodos=20 N.reg=24
2026-09-12 15:10:51   2555/ 3060  mar_tp_sss                  0.2 s  Freq=Y N.periodos=20 N.reg=24
2026-09-12 15:10:51   2556/ 3060  demo_mexrt                  0.2 s  Freq=M N.periodos=75 N.reg=32
2026-09-12 15:10:51   2557/ 3060  road_tert_go                0.3 s  Freq=Y N.periodos=20 N.reg=32
2026-09-12 15:10:52   2558/ 3060  mar_mg_aa_cwh               0.2 s  Freq=Y N.periodos=28 N.reg=0
2026-09-12 15:10:52   2559/ 3060  tour_lfsq1r21               0.2 s  Freq=Q N.periodos=2 N.reg=36
2026-09-12 15:10:52   2560/ 3060  ilc_camnforall              0.2 s  Freq=Y N.periodos=21 N.reg=45
2026-09-12 15:10:53   2561/ 3060  ilc_camnothall              0.5 s  Freq=Y N.periodos=21 N.reg=45
2026-09-12 15:10:53   2562/ 3060  ilc_camdforg0               0.3 s  Freq=Y N.periodos=21 N.reg=45
2026-09-12 15:10:53   2563/ 3060  ilc_camnforg0               0.2 s  Freq=Y N.periodos=21 N.reg=45
2026-09-12 15:10:53   2564/ 3060  ilc_lvho05d                 0.2 s  Freq=Y N.periodos=23 N.reg=43
2026-09-12 15:10:54   2565/ 3060  ilc_peps13n                 0.2 s  Freq=Y N.periodos=11 N.reg=43
2026-09-12 15:10:54   2566/ 3060  ilc_lvho50d                 0.2 s  Freq=Y N.periodos=23 N.reg=43
2026-09-12 15:10:54   2567/ 3060  crim_thb_vctz               0.2 s  Freq=Y N.periodos=17 N.reg=32
2026-09-12 15:10:54   2568/ 3060  yth_demo_030                0.4 s  Freq=Y N.periodos=26 N.reg=36
2026-09-12 15:10:55   2569/ 3060  ilc_mdsd06                  0.2 s  Freq=Y N.periodos=12 N.reg=46
2026-09-12 15:10:55   2570/ 3060  ilc_di31                    0.3 s  Freq=Y N.periodos=16 N.reg=40
2026-09-12 15:10:55   2571/ 3060  ilc_sbjp02                  0.2 s  Freq=Y N.periodos=16 N.reg=40
2026-09-12 15:10:55   2572/ 3060  ilc_lvho07d                 0.2 s  Freq=Y N.periodos=23 N.reg=43
2026-09-12 15:10:56   2573/ 3060  ilc_lvhl23n                 0.3 s  Freq=Y N.periodos=12 N.reg=38
2026-09-12 15:10:56   2574/ 3060  sdg_14_40                   0.4 s  Freq=Y N.periodos=15 N.reg=31
2026-09-12 15:10:56   2575/ 3060  rail_pa_speed               0.2 s  Freq=Y N.periodos=17 N.reg=39
2026-09-12 15:10:56   2576/ 3060  ilc_pns2                    0.2 s  Freq=Y N.periodos=23 N.reg=41
2026-09-12 15:10:57   2577/ 3060  ilc_camnothg0               0.3 s  Freq=Y N.periodos=21 N.reg=45
2026-09-12 15:10:57   2578/ 3060  ilc_camdothg0               0.3 s  Freq=Y N.periodos=21 N.reg=45
2026-09-12 15:10:57   2579/ 3060  apro_mk_fatprot             0.3 s  Freq=Y N.periodos=65 N.reg=47
2026-09-12 15:10:57   2580/ 3060  ilc_lvho08b                 0.2 s  Freq=Y N.periodos=23 N.reg=43
2026-09-12 15:10:58   2581/ 3060  road_ec_invest              0.3 s  Freq=Y N.periodos=33 N.reg=37
2026-09-12 15:10:58   2582/ 3060  nrg_pc_206                  0.3 s  Freq=Y N.periodos=9 N.reg=38
2026-09-12 15:10:58   2583/ 3060  enpe_bop_c6_a               0.2 s  Freq=Y N.periodos=21 N.reg=6
2026-09-12 15:10:59   2584/ 3060  hlth_rs_bdsicu              0.2 s  Freq=Y N.periodos=11 N.reg=27
2026-09-12 15:10:59   2585/ 3060  iww_if_hordim               0.2 s  Freq=Y N.periodos=35 N.reg=32
2026-09-12 15:10:59   2586/ 3060  lc_lci_r2_cow               0.2 s  Freq=Y N.periodos=17 N.reg=39
2026-09-12 15:10:59   2587/ 3060  rd_e_gerdins                0.2 s  Freq=Y N.periodos=4 N.reg=43
2026-09-12 15:11:00   2588/ 3060  egr_mne_n2sc                0.4 s  Freq=Y N.periodos=7 N.reg=3
2026-09-12 15:11:00   2589/ 3060  road_pa_mov                 0.2 s  Freq=Y N.periodos=55 N.reg=38
2026-09-12 15:11:00   2590/ 3060  mar_sg_am_cv                0.2 s  Freq=Y N.periodos=20 N.reg=0
2026-09-12 15:11:00   2591/ 3060  road_eqs_semit              0.3 s  Freq=Y N.periodos=16 N.reg=32
2026-09-12 15:11:01   2592/ 3060  road_eqs_busveh             0.5 s  Freq=Y N.periodos=56 N.reg=43
2026-09-12 15:11:01   2593/ 3060  migr_resfpc                 0.3 s  Freq=Y N.periodos=18 N.reg=33
2026-09-12 15:11:01   2594/ 3060  ilc_enevt_02a               0.2 s  Freq=Y N.periodos=1 N.reg=32
2026-09-12 15:11:02   2595/ 3060  road_eqr_mopeds             0.2 s  Freq=Y N.periodos=14 N.reg=43
2026-09-12 15:11:02   2596/ 3060  avia_ec_emp_arp             0.4 s  Freq=Y N.periodos=22 N.reg=0
2026-09-12 15:11:02   2597/ 3060  nrg_ind_ep                  0.3 s  Freq=Y N.periodos=35 N.reg=38
2026-09-12 15:11:02   2598/ 3060  tran_hv_ms_frmod            0.2 s  Freq=Y N.periodos=17 N.reg=30
2026-09-12 15:11:03   2599/ 3060  educ_uoe_enra32             0.2 s  Freq=Y N.periodos=12 N.reg=40
2026-09-12 15:11:03   2600/ 3060  lfso_24tert01               0.3 s  Freq=Y N.periodos=1 N.reg=32
2026-09-12 15:11:04   2601/ 3060  tran_hv_frmod               0.2 s  Freq=Y N.periodos=20 N.reg=31
2026-09-12 15:11:04   2602/ 3060  road_eqr_semit              0.2 s  Freq=Y N.periodos=14 N.reg=34
2026-09-12 15:11:04   2603/ 3060  tipsho60                    0.3 s  Freq=Y N.periodos=25 N.reg=30
2026-09-12 15:11:04   2604/ 3060  rail_ec_ent                 0.3 s  Freq=Y N.periodos=55 N.reg=38
2026-09-12 15:11:05   2605/ 3060  avia_tppa                   0.4 s  Freq=Y N.periodos=17 N.reg=31
2026-09-12 15:11:05   2606/ 3060  avia_tpgo                   0.2 s  Freq=Y N.periodos=17 N.reg=31
2026-09-12 15:11:05   2607/ 3060  mar_tp_pa                   0.3 s  Freq=Y N.periodos=20 N.reg=24
2026-09-12 15:11:05   2608/ 3060  educ_uoe_lang03             0.3 s  Freq=Y N.periodos=13 N.reg=40
2026-09-12 15:11:06   2609/ 3060  ilc_caparents               0.2 s  Freq=Y N.periodos=21 N.reg=45
2026-09-12 15:11:06   2610/ 3060  nrg_pc_205_v                0.2 s  Freq=Y N.periodos=9 N.reg=41
2026-09-12 15:11:06   2611/ 3060  iww_if_infrastr             0.5 s  Freq=Y N.periodos=37 N.reg=34
2026-09-12 15:11:07   2612/ 3060  prc_hpi_inw                 0.3 s  Freq=Y N.periodos=22 N.reg=36
2026-09-12 15:11:07   2613/ 3060  road_eqr_motors             0.3 s  Freq=Y N.periodos=49 N.reg=42
2026-09-12 15:11:07   2614/ 3060  crim_crt_per                0.3 s  Freq=Y N.periodos=17 N.reg=38
2026-09-12 15:11:07   2615/ 3060  mar_qg_qm_ewht              0.2 s  Freq=Q N.periodos=83 N.reg=0
2026-09-12 15:11:08   2616/ 3060  road_eqr_busveh             0.4 s  Freq=Y N.periodos=47 N.reg=43
2026-09-12 15:11:08   2617/ 3060  sdg_16_40                   0.4 s  Freq=Y N.periodos=10 N.reg=34
2026-09-12 15:11:08   2618/ 3060  ilc_atsd02                  0.2 s  Freq=Y N.periodos=1 N.reg=35
2026-09-12 15:11:09   2619/ 3060  mar_sg_am_ewx               0.2 s  Freq=Y N.periodos=20 N.reg=0
2026-09-12 15:11:09   2620/ 3060  rail_eq_pa_cty              0.2 s  Freq=Y N.periodos=35 N.reg=38
2026-09-12 15:11:09   2621/ 3060  hrst_stem_occ               0.2 s  Freq=Y N.periodos=5 N.reg=31
2026-09-12 15:11:09   2622/ 3060  prc_colc_tot                0.3 s  Freq=S N.periodos=45 N.reg=33
2026-09-12 15:11:10   2623/ 3060  rail_tf_trainmv             0.4 s  Freq=Y N.periodos=22 N.reg=36
2026-09-12 15:11:10   2624/ 3060  tran_im_uroad               0.2 s  Freq=Y N.periodos=18 N.reg=28
2026-09-12 15:11:10   2625/ 3060  road_if_bsurfa              0.2 s  Freq=Y N.periodos=55 N.reg=42
2026-09-12 15:11:11   2626/ 3060  ert_bil_conv_a              0.4 s  Freq=Y N.periodos=55 N.reg=21
2026-09-12 15:11:11   2627/ 3060  hlth_cd_aperrto             0.5 s  Freq=Y N.periodos=14 N.reg=39
2026-09-12 15:11:12   2628/ 3060  ilc_mdsd17                  0.5 s  Freq=Y N.periodos=11 N.reg=40
2026-09-12 15:11:12   2629/ 3060  tran_im_urail               0.3 s  Freq=Y N.periodos=18 N.reg=31
2026-09-12 15:11:12   2630/ 3060  educ_uoe_grad09             0.3 s  Freq=Y N.periodos=12 N.reg=40
2026-09-12 15:11:13   2631/ 3060  prc_hpi_hsna                0.3 s  Freq=Y N.periodos=26 N.reg=21
2026-09-12 15:11:13   2632/ 3060  ert_h_eur_a                 0.3 s  Freq=Y N.periodos=55 N.reg=0
2026-09-12 15:11:13   2633/ 3060  ilc_mdes04_r                0.3 s  Freq=Y N.periodos=5 N.reg=385
2026-09-12 15:11:14   2634/ 3060  irt_lt_gby10_m              0.3 s  Freq=M N.periodos=920 N.reg=3
2026-09-12 15:11:14   2635/ 3060  isoc_ci_mvis                0.5 s  Freq=Y N.periodos=2 N.reg=36
2026-09-12 15:11:14   2636/ 3060  ilc_mdsd09                  0.3 s  Freq=Y N.periodos=12 N.reg=43
2026-09-12 15:11:15   2637/ 3060  crim_crt_case22             0.3 s  Freq=Y N.periodos=3 N.reg=27
2026-09-12 15:11:15   2638/ 3060  ilc_lvhl36                  0.4 s  Freq=Y N.periodos=18 N.reg=45
2026-09-12 15:11:15   2639/ 3060  nrg_pc_204_v                0.3 s  Freq=Y N.periodos=9 N.reg=42
2026-09-12 15:11:16   2640/ 3060  ilc_mdes03_r                0.3 s  Freq=Y N.periodos=5 N.reg=373
2026-09-12 15:11:16   2641/ 3060  ilc_mdes05_r                0.3 s  Freq=Y N.periodos=5 N.reg=373
2026-09-12 15:11:16   2642/ 3060  nrg_dhdc_n                  0.2 s  Freq=Y N.periodos=9 N.reg=30
2026-09-12 15:11:16   2643/ 3060  ilc_mdes01_r                0.2 s  Freq=Y N.periodos=5 N.reg=368
2026-09-12 15:11:17   2644/ 3060  ilc_pnp3                    0.3 s  Freq=Y N.periodos=16 N.reg=40
2026-09-12 15:11:17   2645/ 3060  road_tf_vehmov              0.2 s  Freq=Y N.periodos=17 N.reg=31
2026-09-12 15:11:17   2646/ 3060  rail_tf_passmov             0.3 s  Freq=Y N.periodos=55 N.reg=37
2026-09-12 15:11:17   2647/ 3060  road_go_ca_c                0.3 s  Freq=Y N.periodos=27 N.reg=0
2026-09-12 15:11:18   2648/ 3060  ilc_li70                    0.3 s  Freq=Y N.periodos=12 N.reg=44
2026-09-12 15:11:18   2649/ 3060  egi_tr3                     0.3 s  Freq=Y N.periodos=14 N.reg=41
2026-09-12 15:11:18   2650/ 3060  hlth_co_bedoc               0.2 s  Freq=Y N.periodos=64 N.reg=33
2026-09-12 15:11:18   2651/ 3060  apro_mt_porg                0.3 s  Freq=Y N.periodos=14 N.reg=36
2026-09-12 15:11:19   2652/ 3060  tour_lfsq5r21               0.3 s  Freq=Q N.periodos=2 N.reg=36
2026-09-12 15:11:19   2653/ 3060  ilc_pnp12                   0.2 s  Freq=Y N.periodos=23 N.reg=46
2026-09-12 15:11:19   2654/ 3060  ilc_iw06                    0.3 s  Freq=Y N.periodos=23 N.reg=46
2026-09-12 15:11:20   2655/ 3060  ilc_iw07                    0.3 s  Freq=Y N.periodos=23 N.reg=46
2026-09-12 15:11:20   2656/ 3060  rail_eq_trset               0.2 s  Freq=Y N.periodos=17 N.reg=29
2026-09-12 15:11:20   2657/ 3060  sdg_05_50                   0.4 s  Freq=Y N.periodos=23 N.reg=42
2026-09-12 15:11:20   2658/ 3060  ilc_sbjp05                  0.3 s  Freq=Y N.periodos=16 N.reg=37
2026-09-12 15:11:21   2659/ 3060  road_if_barea               0.3 s  Freq=Y N.periodos=55 N.reg=42
2026-09-12 15:11:21   2660/ 3060  ilc_hch12a                  0.3 s  Freq=Y N.periodos=3 N.reg=38
2026-09-12 15:11:21   2661/ 3060  ilc_lvho07_r                0.2 s  Freq=Y N.periodos=5 N.reg=333
2026-09-12 15:11:22   2662/ 3060  ilc_li34                    0.3 s  Freq=Y N.periodos=23 N.reg=46
2026-09-12 15:11:22   2663/ 3060  enps_demo_pjangry           0.3 s  Freq=Y N.periodos=20 N.reg=8
2026-09-12 15:11:22   2664/ 3060  ilc_ats21a                  0.5 s  Freq=Y N.periodos=2 N.reg=38
2026-09-12 15:11:23   2665/ 3060  migr_imm12prv               0.3 s  Freq=Y N.periodos=12 N.reg=36
2026-09-12 15:11:23   2666/ 3060  spr_ubr_benm                0.2 s  Freq=Y N.periodos=2 N.reg=15
2026-09-12 15:11:23   2667/ 3060  ilc_li33                    0.4 s  Freq=Y N.periodos=23 N.reg=46
2026-09-12 15:11:24   2668/ 3060  migr_emi5nxt                0.3 s  Freq=Y N.periodos=12 N.reg=36
2026-09-12 15:11:24   2669/ 3060  earn_nt_lowwtrp             0.2 s  Freq=Y N.periodos=25 N.reg=36
2026-09-12 15:11:24   2670/ 3060  nama_10_fte                 0.3 s  Freq=Y N.periodos=30 N.reg=28
2026-09-12 15:11:24   2671/ 3060  lfso_24lmk07                0.3 s  Freq=Y N.periodos=1 N.reg=34
2026-09-12 15:11:25   2672/ 3060  educ_uoe_perp05             0.3 s  Freq=Y N.periodos=12 N.reg=32
2026-09-12 15:11:25   2673/ 3060  ilc_pecs01                  0.2 s  Freq=Y N.periodos=12 N.reg=40
2026-09-12 15:11:25   2674/ 3060  isoc_r_ske_itspen2          0.3 s  Freq=Y N.periodos=1 N.reg=136
2026-09-12 15:11:25   2675/ 3060  hlth_ps_prev                0.3 s  Freq=Y N.periodos=26 N.reg=37
2026-09-12 15:11:26   2676/ 3060  mar_mp_aa_cph               0.3 s  Freq=Y N.periodos=28 N.reg=0
2026-09-12 15:11:26   2677/ 3060  mar_sg_am_pwl               0.3 s  Freq=Y N.periodos=20 N.reg=0
2026-09-12 15:11:26   2678/ 3060  egi_tr2                     0.3 s  Freq=Y N.periodos=9 N.reg=28
2026-09-12 15:11:27   2679/ 3060  irt_st_a                    0.4 s  Freq=Y N.periodos=56 N.reg=15
2026-09-12 15:11:27   2680/ 3060  ilc_enevt_02                0.3 s  Freq=Y N.periodos=1 N.reg=33
2026-09-12 15:11:27   2681/ 3060  ilc_mdsd19                  0.3 s  Freq=Y N.periodos=11 N.reg=37
2026-09-12 15:11:27   2682/ 3060  tipsho10                    0.3 s  Freq=Y N.periodos=26 N.reg=30
2026-09-12 15:11:28   2683/ 3060  tran_sf_raildg              0.3 s  Freq=Y N.periodos=19 N.reg=33
2026-09-12 15:11:28   2684/ 3060  isoc_sks_itspt              0.3 s  Freq=Y N.periodos=22 N.reg=37
2026-09-12 15:11:28   2685/ 3060  apro_ec_egghen              0.3 s  Freq=Y N.periodos=12 N.reg=26
2026-09-12 15:11:29   2686/ 3060  iww_tf_vetf                 0.3 s  Freq=Y N.periodos=19 N.reg=6
2026-09-12 15:11:29   2687/ 3060  mar_sg_am_pwb               0.3 s  Freq=Y N.periodos=20 N.reg=0
2026-09-12 15:11:29   2688/ 3060  hlth_hc_phys2               0.3 s  Freq=Y N.periodos=65 N.reg=35
2026-09-12 15:11:30   2689/ 3060  enpe_educ_uoe_enra02        0.5 s  Freq=Y N.periodos=21 N.reg=6
2026-09-12 15:11:30   2690/ 3060  mar_mg_am_cwt               0.3 s  Freq=Y N.periodos=28 N.reg=0
2026-09-12 15:11:30   2691/ 3060  isoc_cbs                    0.3 s  Freq=Y N.periodos=13 N.reg=32
2026-09-12 15:11:30   2692/ 3060  org_aqtspec                 0.3 s  Freq=Y N.periodos=13 N.reg=33
2026-09-12 15:11:31   2693/ 3060  prc_colc_nat                0.3 s  Freq=S N.periodos=30 N.reg=28
2026-09-12 15:11:31   2694/ 3060  rail_if_lvlcros             0.3 s  Freq=Y N.periodos=19 N.reg=28
2026-09-12 15:11:31   2695/ 3060  nrg_pc_203_v                0.3 s  Freq=Y N.periodos=9 N.reg=34
2026-09-12 15:11:31   2696/ 3060  nrg_inf_stcs                0.3 s  Freq=Y N.periodos=35 N.reg=43
2026-09-12 15:11:32   2697/ 3060  egr_emp                     0.3 s  Freq=Y N.periodos=7 N.reg=33
2026-09-12 15:11:32   2698/ 3060  sdg_17_10                   0.2 s  Freq=Y N.periodos=25 N.reg=31
2026-09-12 15:11:32   2699/ 3060  rail_go_total               0.3 s  Freq=Y N.periodos=22 N.reg=37
2026-09-12 15:11:33   2700/ 3060  nrg_ind_ffgae               0.3 s  Freq=Y N.periodos=35 N.reg=41
2026-09-12 15:11:33   2701/ 3060  educ_uoe_perd04             0.3 s  Freq=Y N.periodos=12 N.reg=33
2026-09-12 15:11:33   2702/ 3060  rail_pa_total               0.3 s  Freq=Y N.periodos=22 N.reg=37
2026-09-12 15:11:34   2703/ 3060  enps_nama_10_gdp_ea         0.3 s  Freq=Y N.periodos=20 N.reg=9
2026-09-12 15:11:34   2704/ 3060  road_eqs_carhab             0.3 s  Freq=Y N.periodos=36 N.reg=43
2026-09-12 15:11:34   2705/ 3060  educ_uoe_grad07             0.3 s  Freq=Y N.periodos=12 N.reg=39
2026-09-12 15:11:34   2706/ 3060  educ_uoe_enra19             0.2 s  Freq=Y N.periodos=12 N.reg=38
2026-09-12 15:11:35   2707/ 3060  ilc_hch14a                  0.3 s  Freq=Y N.periodos=3 N.reg=38
2026-09-12 15:11:35   2708/ 3060  educ_uoe_enra20             0.4 s  Freq=Y N.periodos=12 N.reg=38
2026-09-12 15:11:35   2709/ 3060  educ_uoe_enra21             0.3 s  Freq=Y N.periodos=12 N.reg=38
2026-09-12 15:11:36   2710/ 3060  naio_10_fggvce              0.3 s  Freq=Y N.periodos=15 N.reg=28
2026-09-12 15:11:36   2711/ 3060  env_bio3                    0.3 s  Freq=Y N.periodos=35 N.reg=1
2026-09-12 15:11:36   2712/ 3060  educ_uoe_enra18             0.2 s  Freq=Y N.periodos=12 N.reg=37
2026-09-12 15:11:36   2713/ 3060  road_tf_buscoa              0.3 s  Freq=Y N.periodos=13 N.reg=30
2026-09-12 15:11:37   2714/ 3060  naio_10_fggvcm              0.3 s  Freq=Y N.periodos=15 N.reg=27
2026-09-12 15:11:37   2715/ 3060  hlth_silc_08b_r             0.3 s  Freq=Y N.periodos=5 N.reg=277
2026-09-12 15:11:37   2716/ 3060  prc_colc_ppptot             0.3 s  Freq=S N.periodos=25 N.reg=33
2026-09-12 15:11:37   2717/ 3060  earn_mw_avgr2               0.3 s  Freq=Y N.periodos=19 N.reg=27
2026-09-12 15:11:38   2718/ 3060  mar_qg_qm_ewhd              0.3 s  Freq=Q N.periodos=83 N.reg=0
2026-09-12 15:11:38   2719/ 3060  ilc_li70b                   0.4 s  Freq=Y N.periodos=11 N.reg=40
2026-09-12 15:11:38   2720/ 3060  ilc_pnp13                   0.2 s  Freq=Y N.periodos=11 N.reg=40
2026-09-12 15:11:39   2721/ 3060  ilc_pnp13m                  0.2 s  Freq=Y N.periodos=11 N.reg=40
2026-09-12 15:11:39   2722/ 3060  educ_uoe_enra07             0.3 s  Freq=Y N.periodos=13 N.reg=38
2026-09-12 15:11:39   2723/ 3060  prc_rem_nr                  0.3 s  Freq=S N.periodos=22 N.reg=28
2026-09-12 15:11:39   2724/ 3060  ilc_chg02                   0.3 s  Freq=Y N.periodos=11 N.reg=39
2026-09-12 15:11:40   2725/ 3060  ilc_chg05                   0.2 s  Freq=Y N.periodos=11 N.reg=39
2026-09-12 15:11:40   2726/ 3060  ilc_chg06                   0.2 s  Freq=Y N.periodos=11 N.reg=39
2026-09-12 15:11:40   2727/ 3060  ilc_chg01                   0.3 s  Freq=Y N.periodos=11 N.reg=39
2026-09-12 15:11:40   2728/ 3060  ilc_chg04                   0.2 s  Freq=Y N.periodos=11 N.reg=39
2026-09-12 15:11:41   2729/ 3060  educ_uoe_enra28             0.3 s  Freq=Y N.periodos=12 N.reg=37
2026-09-12 15:11:41   2730/ 3060  mar_sg_am_pwr               0.3 s  Freq=Y N.periodos=20 N.reg=0
2026-09-12 15:11:41   2731/ 3060  ilc_chg03                   0.2 s  Freq=Y N.periodos=11 N.reg=39
2026-09-12 15:11:41   2732/ 3060  educ_uoe_enra29             0.3 s  Freq=Y N.periodos=12 N.reg=37
2026-09-12 15:11:42   2733/ 3060  crim_smu_sctz               0.3 s  Freq=Y N.periodos=9 N.reg=30
2026-09-12 15:11:42   2734/ 3060  ilc_enevh_02                0.3 s  Freq=Y N.periodos=1 N.reg=33
2026-09-12 15:11:42   2735/ 3060  ilc_enevh_03                0.2 s  Freq=Y N.periodos=1 N.reg=33
2026-09-12 15:11:43   2736/ 3060  mar_sg_am_pwc               0.4 s  Freq=Y N.periodos=20 N.reg=0
2026-09-12 15:11:43   2737/ 3060  sdg_10_60                   0.3 s  Freq=Y N.periodos=18 N.reg=33
2026-09-12 15:11:43   2738/ 3060  mar_mp_am_cft               0.3 s  Freq=Y N.periodos=21 N.reg=0
2026-09-12 15:11:43   2739/ 3060  iww_ec_invest               0.3 s  Freq=Y N.periodos=35 N.reg=24
2026-09-12 15:11:44   2740/ 3060  gba_nabste                  0.2 s  Freq=Y N.periodos=46 N.reg=40
2026-09-12 15:11:44   2741/ 3060  lfso_24tert02               0.5 s  Freq=Y N.periodos=1 N.reg=32
2026-09-12 15:11:44   2742/ 3060  educ_uoe_enra23             0.3 s  Freq=Y N.periodos=12 N.reg=38
2026-09-12 15:11:45   2743/ 3060  prc_colc_pppnat             0.3 s  Freq=S N.periodos=22 N.reg=28
2026-09-12 15:11:45   2744/ 3060  mar_pa_qm_me                0.4 s  Freq=Q N.periodos=26 N.reg=0
2026-09-12 15:11:45   2745/ 3060  prc_rem_avg                 0.3 s  Freq=S N.periodos=12 N.reg=31
2026-09-12 15:11:46   2746/ 3060  educ_uoe_enra25             0.3 s  Freq=Y N.periodos=12 N.reg=36
2026-09-12 15:11:46   2747/ 3060  tran_hv_pstra               0.2 s  Freq=Y N.periodos=35 N.reg=36
2026-09-12 15:11:46   2748/ 3060  irt_lt_mcby_a               0.3 s  Freq=Y N.periodos=77 N.reg=30
2026-09-12 15:11:46   2749/ 3060  enps_lfsa_urgan             0.2 s  Freq=Y N.periodos=20 N.reg=9
2026-09-12 15:11:47   2750/ 3060  gov_ev                      0.3 s  Freq=Y N.periodos=5 N.reg=28
2026-09-12 15:11:47   2751/ 3060  road_if_rchevpow            0.3 s  Freq=Y N.periodos=7 N.reg=28
2026-09-12 15:11:47   2752/ 3060  ei_bsci_m_r2                0.3 s  Freq=M N.periodos=500 N.reg=2
2026-09-12 15:11:48   2753/ 3060  prc_ppp_conv                0.3 s  Freq=Y N.periodos=31 N.reg=8
2026-09-12 15:11:48   2754/ 3060  tran_im_umar                0.3 s  Freq=Y N.periodos=18 N.reg=28
2026-09-12 15:11:48   2755/ 3060  edat_lfse_40                0.3 s  Freq=Y N.periodos=2 N.reg=36
2026-09-12 15:11:48   2756/ 3060  sbs_part_wtstck             0.3 s  Freq=Y N.periodos=4 N.reg=34
2026-09-12 15:11:49   2757/ 3060  nrg_ind_esr                 0.2 s  Freq=Y N.periodos=35 N.reg=27
2026-09-12 15:11:49   2758/ 3060  sdg_05_61                   0.3 s  Freq=Y N.periodos=14 N.reg=35
2026-09-12 15:11:49   2759/ 3060  enpe_nama_10_gdp_ea         0.3 s  Freq=Y N.periodos=20 N.reg=6
2026-09-12 15:11:49   2760/ 3060  enpe_lfsa_urgan             0.2 s  Freq=Y N.periodos=20 N.reg=6
2026-09-12 15:11:50   2761/ 3060  crim_hom_ocit               0.3 s  Freq=Y N.periodos=17 N.reg=0
2026-09-12 15:11:50   2762/ 3060  tran_im_mosp                0.2 s  Freq=Y N.periodos=18 N.reg=26
2026-09-12 15:11:50   2763/ 3060  tran_im_mospt               0.3 s  Freq=Y N.periodos=18 N.reg=26
2026-09-12 15:11:50   2764/ 3060  earn_gr_gpgr2ct             0.3 s  Freq=Y N.periodos=18 N.reg=34
2026-09-12 15:11:51   2765/ 3060  earn_nt_taxwedge            0.2 s  Freq=Y N.periodos=26 N.reg=40
2026-09-12 15:11:51   2766/ 3060  nrg_ind_di                  0.2 s  Freq=Y N.periodos=33 N.reg=27
2026-09-12 15:11:51   2767/ 3060  pipe_if_lenght              0.3 s  Freq=Y N.periodos=39 N.reg=33
2026-09-12 15:11:51   2768/ 3060  ilc_di12                    0.2 s  Freq=Y N.periodos=12 N.reg=40
2026-09-12 15:11:52   2769/ 3060  hlth_hc_dent                0.2 s  Freq=Y N.periodos=66 N.reg=31
2026-09-12 15:11:52   2770/ 3060  nrg_dhdc_c                  0.3 s  Freq=Y N.periodos=9 N.reg=29
2026-09-12 15:11:52   2771/ 3060  enps_apro_mt_ls             0.3 s  Freq=Y N.periodos=20 N.reg=9
2026-09-12 15:11:52   2772/ 3060  earn_nt_unemtrp             0.3 s  Freq=Y N.periodos=25 N.reg=40
2026-09-12 15:11:53   2773/ 3060  ilc_di12b                   0.3 s  Freq=Y N.periodos=23 N.reg=46
2026-09-12 15:11:53   2774/ 3060  ilc_di12c                   0.3 s  Freq=Y N.periodos=23 N.reg=46
2026-09-12 15:11:53   2775/ 3060  ilc_ats22                   0.2 s  Freq=Y N.periodos=2 N.reg=37
2026-09-12 15:11:54   2776/ 3060  for_awu                     0.3 s  Freq=Y N.periodos=39 N.reg=32
2026-09-12 15:11:54   2777/ 3060  nrg_pc_202_v                0.3 s  Freq=Y N.periodos=9 N.reg=34
2026-09-12 15:11:54   2778/ 3060  ilc_lvph01                  0.3 s  Freq=Y N.periodos=23 N.reg=46
2026-09-12 15:11:54   2779/ 3060  tour_lfsq4r21               0.3 s  Freq=Q N.periodos=2 N.reg=36
2026-09-12 15:11:55   2780/ 3060  earn_gr_gpgr2wt             0.3 s  Freq=Y N.periodos=18 N.reg=36
2026-09-12 15:11:55   2781/ 3060  enps_nrg_bal_c              0.3 s  Freq=Y N.periodos=20 N.reg=9
2026-09-12 15:11:55   2782/ 3060  lfst_r_edatd_22             0.3 s  Freq=Y N.periodos=22 N.reg=29
2026-09-12 15:11:55   2783/ 3060  iww_eq_age_loa              0.3 s  Freq=Y N.periodos=35 N.reg=25
2026-09-12 15:11:56   2784/ 3060  rail_if_traff               0.3 s  Freq=Y N.periodos=7 N.reg=28
2026-09-12 15:11:56   2785/ 3060  ilc_hch15                   0.3 s  Freq=Y N.periodos=3 N.reg=40
2026-09-12 15:11:56   2786/ 3060  ilc_ats21                   0.2 s  Freq=Y N.periodos=2 N.reg=37
2026-09-12 15:11:56   2787/ 3060  iww_eq_power_lo             0.3 s  Freq=Y N.periodos=35 N.reg=25
2026-09-12 15:11:57   2788/ 3060  tour_ce_oam                 0.2 s  Freq=Y N.periodos=8 N.reg=32
2026-09-12 15:11:57   2789/ 3060  tour_ce_oasc                0.3 s  Freq=Y N.periodos=8 N.reg=32
2026-09-12 15:11:57   2790/ 3060  rail_eq_vans                0.3 s  Freq=Y N.periodos=55 N.reg=36
2026-09-12 15:11:57   2791/ 3060  egi_tr1                     0.3 s  Freq=Y N.periodos=19 N.reg=39
2026-09-12 15:11:58   2792/ 3060  gov_eu_fa                   0.2 s  Freq=Y N.periodos=6 N.reg=1
2026-09-12 15:11:58   2793/ 3060  crim_hom_vcit               0.2 s  Freq=Y N.periodos=17 N.reg=0
2026-09-12 15:11:58   2794/ 3060  enps_educ_enrate            0.3 s  Freq=Y N.periodos=21 N.reg=8
2026-09-12 15:11:58   2795/ 3060  hlth_ps_immu                0.2 s  Freq=Y N.periodos=26 N.reg=39
2026-09-12 15:11:59   2796/ 3060  tran_sf_marv                0.3 s  Freq=Y N.periodos=14 N.reg=0
2026-09-12 15:11:59   2797/ 3060  sdg_13_31                   0.3 s  Freq=Y N.periodos=26 N.reg=30
2026-09-12 15:11:59   2798/ 3060  gov_10a_emp                 0.3 s  Freq=Y N.periodos=31 N.reg=9
2026-09-12 15:12:00   2799/ 3060  env_bio2                    0.3 s  Freq=Y N.periodos=35 N.reg=25
2026-09-12 15:12:00   2800/ 3060  enpe_lfsa_argaed            0.3 s  Freq=Y N.periodos=20 N.reg=6
2026-09-12 15:12:00   2801/ 3060  ilc_chmd01                  0.3 s  Freq=Y N.periodos=2 N.reg=37
2026-09-12 15:12:01   2802/ 3060  enps_road_eqs_car           0.3 s  Freq=Y N.periodos=21 N.reg=9
2026-09-12 15:12:01   2803/ 3060  nrg_stk_h2                  0.2 s  Freq=Y N.periodos=3 N.reg=33
2026-09-12 15:12:01   2804/ 3060  sdg_16_50                   0.2 s  Freq=Y N.periodos=14 N.reg=44
2026-09-12 15:12:01   2805/ 3060  env_wat_pop                 0.2 s  Freq=Y N.periodos=27 N.reg=33
2026-09-12 15:12:02   2806/ 3060  pipe_ec_invest              0.3 s  Freq=Y N.periodos=33 N.reg=20
2026-09-12 15:12:02   2807/ 3060  enpe_lfsa_ergan             0.2 s  Freq=Y N.periodos=20 N.reg=6
2026-09-12 15:12:02   2808/ 3060  enpe_apro_cpnh1             0.3 s  Freq=Y N.periodos=20 N.reg=6
2026-09-12 15:12:03   2809/ 3060  tran_hv_frtra               0.5 s  Freq=Y N.periodos=20 N.reg=30
2026-09-12 15:12:03   2810/ 3060  lfso_24tert03               0.2 s  Freq=Y N.periodos=1 N.reg=32
2026-09-12 15:12:03   2811/ 3060  road_eqs_bussea             0.2 s  Freq=Y N.periodos=36 N.reg=29
2026-09-12 15:12:03   2812/ 3060  enpe_apro_mt_ls             0.2 s  Freq=Y N.periodos=20 N.reg=6
2026-09-12 15:12:04   2813/ 3060  env_ac_epite1               0.3 s  Freq=Y N.periodos=19 N.reg=29
2026-09-12 15:12:04   2814/ 3060  ilc_pnp11                   0.3 s  Freq=Y N.periodos=16 N.reg=40
2026-09-12 15:12:04   2815/ 3060  ilc_di11g                   0.3 s  Freq=Y N.periodos=16 N.reg=40
2026-09-12 15:12:05   2816/ 3060  ilc_di11h                   0.3 s  Freq=Y N.periodos=16 N.reg=40
2026-09-12 15:12:05   2817/ 3060  ilc_di11i                   0.3 s  Freq=Y N.periodos=16 N.reg=40
2026-09-12 15:12:05   2818/ 3060  sdg_15_11                   0.3 s  Freq=Y N.periodos=10 N.reg=34
2026-09-12 15:12:05   2819/ 3060  migr_asydec1p               0.3 s  Freq=Y N.periodos=18 N.reg=33
2026-09-12 15:12:06   2820/ 3060  road_eqs_trams              0.2 s  Freq=Y N.periodos=39 N.reg=36
2026-09-12 15:12:06   2821/ 3060  migr_respop                 0.3 s  Freq=Y N.periodos=18 N.reg=33
2026-09-12 15:12:06   2822/ 3060  aei_hri                     0.3 s  Freq=Y N.periodos=14 N.reg=29
2026-09-12 15:12:06   2823/ 3060  inn_cis14_co                0.3 s  Freq=Y N.periodos=1 N.reg=23
2026-09-12 15:12:07   2824/ 3060  tran_sf_railsu              0.3 s  Freq=Y N.periodos=19 N.reg=30
2026-09-12 15:12:07   2825/ 3060  isoc_tmi                    0.3 s  Freq=Y N.periodos=16 N.reg=37
2026-09-12 15:12:07   2826/ 3060  inn_cis14_exp               0.2 s  Freq=Y N.periodos=1 N.reg=23
2026-09-12 15:12:07   2827/ 3060  rd_p_con                    0.3 s  Freq=Y N.periodos=4 N.reg=20
2026-09-12 15:12:08   2828/ 3060  demo_fabortind              0.4 s  Freq=Y N.periodos=12 N.reg=31
2026-09-12 15:12:08   2829/ 3060  apro_mt_lsavch_r            0.3 s  Freq=Y N.periodos=1 N.reg=195
2026-09-12 15:12:08   2830/ 3060  cult_emp_art                0.2 s  Freq=Y N.periodos=15 N.reg=37
2026-09-12 15:12:09   2831/ 3060  road_eqs_spurp              0.2 s  Freq=Y N.periodos=17 N.reg=39
2026-09-12 15:12:09   2832/ 3060  migr_asyapp1mp              0.3 s  Freq=Y N.periodos=18 N.reg=33
2026-09-12 15:12:09   2833/ 3060  migr_asyapp1pc              0.2 s  Freq=Y N.periodos=18 N.reg=33
2026-09-12 15:12:09   2834/ 3060  enps_apro_mt_p              0.3 s  Freq=Y N.periodos=20 N.reg=9
2026-09-12 15:12:10   2835/ 3060  tipsbd20                    0.3 s  Freq=Y N.periodos=19 N.reg=29
2026-09-12 15:12:10   2836/ 3060  tipsbd30                    0.3 s  Freq=Y N.periodos=19 N.reg=29
2026-09-12 15:12:10   2837/ 3060  tipsbd40                    0.2 s  Freq=Y N.periodos=19 N.reg=29
2026-09-12 15:12:10   2838/ 3060  enps_nrg_pprd               0.2 s  Freq=Y N.periodos=20 N.reg=9
2026-09-12 15:12:11   2839/ 3060  enps_nama_10_a10            0.3 s  Freq=Y N.periodos=21 N.reg=7
2026-09-12 15:12:11   2840/ 3060  ilc_di18                    0.4 s  Freq=Y N.periodos=15 N.reg=35
2026-09-12 15:12:11   2841/ 3060  enps_educ_ltr               0.3 s  Freq=Y N.periodos=20 N.reg=7
2026-09-12 15:12:11   2842/ 3060  ilc_chmd02                  0.2 s  Freq=Y N.periodos=2 N.reg=37
2026-09-12 15:12:12   2843/ 3060  enps_nama_10_gdp            0.3 s  Freq=Y N.periodos=21 N.reg=9
2026-09-12 15:12:12   2844/ 3060  road_eqr_spurp              0.4 s  Freq=Y N.periodos=17 N.reg=38
2026-09-12 15:12:12   2845/ 3060  env_epea_invte              0.3 s  Freq=Y N.periodos=14 N.reg=29
2026-09-12 15:12:13   2846/ 3060  lfst_r_lmdgeg               0.3 s  Freq=Y N.periodos=26 N.reg=29
2026-09-12 15:12:13   2847/ 3060  apro_ec_eggorg              0.3 s  Freq=Y N.periodos=14 N.reg=36
2026-09-12 15:12:13   2848/ 3060  road_eqr_bussea             0.4 s  Freq=Y N.periodos=37 N.reg=30
2026-09-12 15:12:14   2849/ 3060  enpe_nama_10_gdp            0.3 s  Freq=Y N.periodos=20 N.reg=6
2026-09-12 15:12:14   2850/ 3060  for_area                    0.3 s  Freq=Y N.periodos=6 N.reg=38
2026-09-12 15:12:14   2851/ 3060  enpe_apro_mt_p              0.3 s  Freq=Y N.periodos=20 N.reg=6
2026-09-12 15:12:15   2852/ 3060  enpe_mon_res                0.3 s  Freq=Y N.periodos=21 N.reg=6
2026-09-12 15:12:15   2853/ 3060  egi_tr4                     0.2 s  Freq=Y N.periodos=16 N.reg=28
2026-09-12 15:12:15   2854/ 3060  egi_tr5                     0.5 s  Freq=Y N.periodos=16 N.reg=28
2026-09-12 15:12:16   2855/ 3060  enps_demo_gind              0.4 s  Freq=Y N.periodos=20 N.reg=9
2026-09-12 15:12:16   2856/ 3060  enpe_nama_10_a10            0.3 s  Freq=Y N.periodos=20 N.reg=6
2026-09-12 15:12:16   2857/ 3060  tran_r_ptarea               0.3 s  Freq=Y N.periodos=1 N.reg=43
2026-09-12 15:12:16   2858/ 3060  tran_r_ptpop                0.3 s  Freq=Y N.periodos=1 N.reg=43
2026-09-12 15:12:17   2859/ 3060  lfst_r_lmdltu               0.3 s  Freq=Y N.periodos=26 N.reg=28
2026-09-12 15:12:17   2860/ 3060  enpe_gov_10dd               0.6 s  Freq=Y N.periodos=21 N.reg=6
2026-09-12 15:12:18   2861/ 3060  apri_aip_fs                 0.3 s  Freq=Y N.periodos=1 N.reg=25
2026-09-12 15:12:18   2862/ 3060  env_ac_cur                  0.2 s  Freq=Y N.periodos=21 N.reg=28
2026-09-12 15:12:18   2863/ 3060  enps_avia_pa                0.4 s  Freq=Y N.periodos=21 N.reg=9
2026-09-12 15:12:18   2864/ 3060  enps_tour_cap_nat           0.3 s  Freq=Y N.periodos=20 N.reg=9
2026-09-12 15:12:19   2865/ 3060  enpe_lfsa_act               0.3 s  Freq=Y N.periodos=20 N.reg=6
2026-09-12 15:12:19   2866/ 3060  gov_10dd_acd                0.3 s  Freq=Y N.periodos=31 N.reg=25
2026-09-12 15:12:19   2867/ 3060  enps_lfsa_argaed            0.3 s  Freq=Y N.periodos=20 N.reg=9
2026-09-12 15:12:20   2868/ 3060  road_if_rchev               0.3 s  Freq=Y N.periodos=7 N.reg=29
2026-09-12 15:12:20   2869/ 3060  env_chmhaz                  0.2 s  Freq=Y N.periodos=21 N.reg=1
2026-09-12 15:12:20   2870/ 3060  educ_uoe_enra08             0.3 s  Freq=Y N.periodos=13 N.reg=40
2026-09-12 15:12:20   2871/ 3060  ilc_li60a                   0.2 s  Freq=Y N.periodos=11 N.reg=38
2026-09-12 15:12:21   2872/ 3060  ilc_li60b                   0.3 s  Freq=Y N.periodos=11 N.reg=38
2026-09-12 15:12:21   2873/ 3060  educ_uoe_enra06             0.3 s  Freq=Y N.periodos=13 N.reg=37
2026-09-12 15:12:21   2874/ 3060  enpe_ef_lus_main            0.3 s  Freq=Y N.periodos=21 N.reg=6
2026-09-12 15:12:22   2875/ 3060  rd_p_sen                    0.3 s  Freq=Y N.periodos=4 N.reg=40
2026-09-12 15:12:22   2876/ 3060  lfst_r_edatd_16             0.3 s  Freq=Y N.periodos=22 N.reg=29
2026-09-12 15:12:22   2877/ 3060  ilc_atsc01a                 0.5 s  Freq=Y N.periodos=2 N.reg=37
2026-09-12 15:12:23   2878/ 3060  enps_nrg_bal_c1             0.2 s  Freq=Y N.periodos=20 N.reg=8
2026-09-12 15:12:23   2879/ 3060  enps_mar_frdir              0.3 s  Freq=Y N.periodos=20 N.reg=7
2026-09-12 15:12:23   2880/ 3060  apri_aip_ft                 0.3 s  Freq=Y N.periodos=1 N.reg=25
2026-09-12 15:12:24   2881/ 3060  enps_demo_mlexpec           0.3 s  Freq=Y N.periodos=21 N.reg=8
2026-09-12 15:12:24   2882/ 3060  sts_tot_prod_a              0.3 s  Freq=Y N.periodos=16 N.reg=21
2026-09-12 15:12:24   2883/ 3060  for_vol                     0.3 s  Freq=Y N.periodos=6 N.reg=37
2026-09-12 15:12:24   2884/ 3060  enps_mar_padir              0.2 s  Freq=Y N.periodos=20 N.reg=7
2026-09-12 15:12:25   2885/ 3060  enps_tour_occ_arnat         0.3 s  Freq=Y N.periodos=20 N.reg=7
2026-09-12 15:12:25   2886/ 3060  demo_urespop                0.2 s  Freq=Y N.periodos=12 N.reg=31
2026-09-12 15:12:25   2887/ 3060  isoc_tf                     0.3 s  Freq=Y N.periodos=16 N.reg=29
2026-09-12 15:12:25   2888/ 3060  enps_avia_typ               0.3 s  Freq=Y N.periodos=21 N.reg=8
2026-09-12 15:12:26   2889/ 3060  nrg_d_sercv                 0.3 s  Freq=Y N.periodos=5 N.reg=32
2026-09-12 15:12:26   2890/ 3060  educ_uoe_perp03             0.3 s  Freq=Y N.periodos=12 N.reg=38
2026-09-12 15:12:26   2891/ 3060  tipsbd10                    0.3 s  Freq=Y N.periodos=12 N.reg=29
2026-09-12 15:12:26   2892/ 3060  enps_lfsa_act               0.2 s  Freq=Y N.periodos=20 N.reg=7
2026-09-12 15:12:27   2893/ 3060  enpe_lfsa_urgan2            0.3 s  Freq=Y N.periodos=20 N.reg=6
2026-09-12 15:12:27   2894/ 3060  enps_env_air_emis           0.3 s  Freq=Y N.periodos=20 N.reg=6
2026-09-12 15:12:27   2895/ 3060  enps_rail_eq                0.3 s  Freq=Y N.periodos=21 N.reg=8
2026-09-12 15:12:27   2896/ 3060  sdg_13_50                   0.3 s  Freq=Y N.periodos=11 N.reg=30
2026-09-12 15:12:28   2897/ 3060  sdg_03_70                   0.3 s  Freq=Y N.periodos=12 N.reg=30
2026-09-12 15:12:28   2898/ 3060  hlth_co_icubedoc            0.3 s  Freq=Y N.periodos=11 N.reg=20
2026-09-12 15:12:28   2899/ 3060  enps_cpi                    0.2 s  Freq=Y N.periodos=21 N.reg=9
2026-09-12 15:12:29   2900/ 3060  ilc_chmd03                  0.3 s  Freq=Y N.periodos=2 N.reg=37
2026-09-12 15:12:29   2901/ 3060  sdg_13_70a                  0.3 s  Freq=Y N.periodos=11 N.reg=28
2026-09-12 15:12:29   2902/ 3060  mar_v_est                   0.3 s  Freq=Q N.periodos=38 N.reg=1
2026-09-12 15:12:30   2903/ 3060  enps_env_wat_abs            0.3 s  Freq=Y N.periodos=20 N.reg=8
2026-09-12 15:12:30   2904/ 3060  enps_fish_ca_main           0.3 s  Freq=Y N.periodos=20 N.reg=8
2026-09-12 15:12:30   2905/ 3060  enps_demo_infant            0.3 s  Freq=Y N.periodos=20 N.reg=9
2026-09-12 15:12:31   2906/ 3060  mar_pa_qm_ee                0.3 s  Freq=Q N.periodos=96 N.reg=0
2026-09-12 15:12:31   2907/ 3060  mar_go_qm_ee                0.3 s  Freq=Q N.periodos=96 N.reg=0
2026-09-12 15:12:31   2908/ 3060  enps_mar_eq1000             0.3 s  Freq=Y N.periodos=21 N.reg=7
2026-09-12 15:12:31   2909/ 3060  enps_lfsa_ergan             0.2 s  Freq=Y N.periodos=20 N.reg=8
2026-09-12 15:12:32   2910/ 3060  enpe_sts_nfemp              0.3 s  Freq=Y N.periodos=20 N.reg=5
2026-09-12 15:12:32   2911/ 3060  enpe_rd_e_gerdsec           0.3 s  Freq=Y N.periodos=20 N.reg=4
2026-09-12 15:12:32   2912/ 3060  tran_im_uiww                0.3 s  Freq=Y N.periodos=18 N.reg=16
2026-09-12 15:12:32   2913/ 3060  gov_eu_nfa                  0.2 s  Freq=Y N.periodos=5 N.reg=1
2026-09-12 15:12:33   2914/ 3060  apro_ec_eggcon              0.2 s  Freq=Y N.periodos=13 N.reg=34
2026-09-12 15:12:33   2915/ 3060  pipe_if_capac               0.3 s  Freq=Y N.periodos=33 N.reg=19
2026-09-12 15:12:33   2916/ 3060  rd_b_berdcon                0.3 s  Freq=Y N.periodos=4 N.reg=22
2026-09-12 15:12:33   2917/ 3060  egr_mne                     0.2 s  Freq=Y N.periodos=7 N.reg=38
2026-09-12 15:12:34   2918/ 3060  enpe_nrg_pprd               0.5 s  Freq=Y N.periodos=20 N.reg=3
2026-09-12 15:12:34   2919/ 3060  enps_road_if                0.3 s  Freq=Y N.periodos=20 N.reg=9
2026-09-12 15:12:34   2920/ 3060  iww_ac_nbac                 0.2 s  Freq=Y N.periodos=31 N.reg=9
2026-09-12 15:12:35   2921/ 3060  egr_conc                    0.3 s  Freq=Y N.periodos=7 N.reg=1
2026-09-12 15:12:35   2922/ 3060  enps_lfsa_urgan2            0.3 s  Freq=Y N.periodos=20 N.reg=8
2026-09-12 15:12:35   2923/ 3060  enps_demo_under5            0.3 s  Freq=Y N.periodos=20 N.reg=8
2026-09-12 15:12:35   2924/ 3060  enps_educ_comprate          0.2 s  Freq=Y N.periodos=20 N.reg=8
2026-09-12 15:12:36   2925/ 3060  enpe_sts_incopr             0.3 s  Freq=Y N.periodos=20 N.reg=4
2026-09-12 15:12:36   2926/ 3060  enpe_bop_iip6               0.3 s  Freq=Y N.periodos=21 N.reg=6
2026-09-12 15:12:36   2927/ 3060  enpe_irt_ld                 0.2 s  Freq=Y N.periodos=21 N.reg=6
2026-09-12 15:12:36   2928/ 3060  enps_educ_parity            0.3 s  Freq=Y N.periodos=21 N.reg=8
2026-09-12 15:12:37   2929/ 3060  enps_rail_fr                0.3 s  Freq=Y N.periodos=21 N.reg=8
2026-09-12 15:12:37   2930/ 3060  enps_rail_pa                0.3 s  Freq=Y N.periodos=21 N.reg=8
2026-09-12 15:12:37   2931/ 3060  enpe_cpi                    0.3 s  Freq=Y N.periodos=20 N.reg=6
2026-09-12 15:12:37   2932/ 3060  enps_edat_lfse3             0.3 s  Freq=Y N.periodos=20 N.reg=6
2026-09-12 15:12:38   2933/ 3060  enpe_reg_area3              0.4 s  Freq=Y N.periodos=21 N.reg=6
2026-09-12 15:12:38   2934/ 3060  enpe_ext_bal                0.3 s  Freq=Y N.periodos=21 N.reg=6
2026-09-12 15:12:38   2935/ 3060  ilc_chmd05                  0.3 s  Freq=Y N.periodos=2 N.reg=37
2026-09-12 15:12:39   2936/ 3060  ilc_chmd06                  0.2 s  Freq=Y N.periodos=2 N.reg=37
2026-09-12 15:12:39   2937/ 3060  ilc_chmd07                  0.2 s  Freq=Y N.periodos=2 N.reg=37
2026-09-12 15:12:39   2938/ 3060  ilc_chmd08                  0.4 s  Freq=Y N.periodos=2 N.reg=37
2026-09-12 15:12:40   2939/ 3060  enps_lfsa_pganws            0.3 s  Freq=Y N.periodos=20 N.reg=8
2026-09-12 15:12:40   2940/ 3060  enpe_educ_figdp             0.3 s  Freq=Y N.periodos=20 N.reg=6
2026-09-12 15:12:40   2941/ 3060  enps_nama_gdp_ext           0.3 s  Freq=Y N.periodos=20 N.reg=6
2026-09-12 15:12:40   2942/ 3060  enps_env_wat_cat            0.3 s  Freq=Y N.periodos=21 N.reg=7
2026-09-12 15:12:41   2943/ 3060  enpe_sts_trtu               0.3 s  Freq=Y N.periodos=20 N.reg=2
2026-09-12 15:12:41   2944/ 3060  enpe_isoc_penrt             0.2 s  Freq=Y N.periodos=20 N.reg=6
2026-09-12 15:12:41   2945/ 3060  isoc_tmo                    0.3 s  Freq=Y N.periodos=16 N.reg=26
2026-09-12 15:12:41   2946/ 3060  enpe_ext_intro              0.2 s  Freq=Y N.periodos=21 N.reg=5
2026-09-12 15:12:42   2947/ 3060  env_bio5                    0.3 s  Freq=Y N.periodos=22 N.reg=0
2026-09-12 15:12:42   2948/ 3060  enpe_road_if                0.2 s  Freq=Y N.periodos=20 N.reg=6
2026-09-12 15:12:42   2949/ 3060  enps_lfsa_egaps             0.3 s  Freq=Y N.periodos=20 N.reg=7
2026-09-12 15:12:42   2950/ 3060  enps_bop_fdi6               0.3 s  Freq=Y N.periodos=20 N.reg=5
2026-09-12 15:12:43   2951/ 3060  enps_tour_occ_ninat         0.3 s  Freq=Y N.periodos=20 N.reg=8
2026-09-12 15:12:43   2952/ 3060  enps_reg_area3              0.3 s  Freq=Y N.periodos=21 N.reg=8
2026-09-12 15:12:43   2953/ 3060  apri_aip_en                 0.3 s  Freq=Y N.periodos=1 N.reg=25
2026-09-12 15:12:44   2954/ 3060  enps_educ_compyr            0.2 s  Freq=Y N.periodos=21 N.reg=9
2026-09-12 15:12:44   2955/ 3060  enpe_nama_gdp_ext           0.2 s  Freq=Y N.periodos=20 N.reg=5
2026-09-12 15:12:44   2956/ 3060  enps_gov_10dd               0.3 s  Freq=Y N.periodos=21 N.reg=8
2026-09-12 15:12:45   2957/ 3060  enps_tran_sf_r              0.5 s  Freq=Y N.periodos=21 N.reg=9
2026-09-12 15:12:45   2958/ 3060  enps_mar_eqton              0.2 s  Freq=Y N.periodos=21 N.reg=6
2026-09-12 15:12:45   2959/ 3060  env_ac_landfp               0.3 s  Freq=Y N.periodos=11 N.reg=0
2026-09-12 15:12:46   2960/ 3060  enpe_isoc_ci_ifp_fu         0.5 s  Freq=Y N.periodos=21 N.reg=4
2026-09-12 15:12:46   2961/ 3060  enps_ilc_sanit              0.2 s  Freq=Y N.periodos=20 N.reg=8
2026-09-12 15:12:46   2962/ 3060  enps_nrg_imp                0.3 s  Freq=Y N.periodos=20 N.reg=9
2026-09-12 15:12:46   2963/ 3060  migr_asymrca                0.3 s  Freq=Y N.periodos=5 N.reg=33
2026-09-12 15:12:47   2964/ 3060  migr_asyapp1up              0.4 s  Freq=Y N.periodos=5 N.reg=31
2026-09-12 15:12:47   2965/ 3060  enps_nama_10_pc             0.3 s  Freq=Y N.periodos=21 N.reg=9
2026-09-12 15:12:47   2966/ 3060  enps_lfsa_ppsec             0.3 s  Freq=Y N.periodos=20 N.reg=6
2026-09-12 15:12:47   2967/ 3060  enps_avia_if                0.2 s  Freq=Y N.periodos=21 N.reg=8
2026-09-12 15:12:48   2968/ 3060  enps_ef_lus_main            0.4 s  Freq=Y N.periodos=20 N.reg=9
2026-09-12 15:12:48   2969/ 3060  enpe_edat_lfse_14           0.2 s  Freq=Y N.periodos=20 N.reg=5
2026-09-12 15:12:48   2970/ 3060  enpe_nrg_prchh              0.2 s  Freq=Y N.periodos=20 N.reg=5
2026-09-12 15:12:49   2971/ 3060  road_eqr_trams              0.2 s  Freq=Y N.periodos=12 N.reg=22
2026-09-12 15:12:49   2972/ 3060  enps_tour_cap_natb          0.3 s  Freq=Y N.periodos=20 N.reg=9
2026-09-12 15:12:49   2973/ 3060  enps_mar_por                0.3 s  Freq=Y N.periodos=21 N.reg=8
2026-09-12 15:12:49   2974/ 3060  enps_env_ww_con             0.2 s  Freq=Y N.periodos=20 N.reg=7
2026-09-12 15:12:50   2975/ 3060  enps_bop_iip6               0.3 s  Freq=Y N.periodos=20 N.reg=4
2026-09-12 15:12:50   2976/ 3060  enps_tour_border            0.3 s  Freq=Y N.periodos=20 N.reg=7
2026-09-12 15:12:50   2977/ 3060  enps_avia_fr                0.3 s  Freq=Y N.periodos=21 N.reg=7
2026-09-12 15:12:50   2978/ 3060  sdg_15_61                   0.2 s  Freq=Y N.periodos=34 N.reg=1
2026-09-12 15:12:51   2979/ 3060  enps_demo_dens              0.3 s  Freq=Y N.periodos=20 N.reg=9
2026-09-12 15:12:51   2980/ 3060  enps_rail_if                0.3 s  Freq=Y N.periodos=21 N.reg=9
2026-09-12 15:12:51   2981/ 3060  enps_fish_aq2a              0.2 s  Freq=Y N.periodos=20 N.reg=8
2026-09-12 15:12:51   2982/ 3060  irt_lt_gby10_a              0.3 s  Freq=Y N.periodos=64 N.reg=3
2026-09-12 15:12:52   2983/ 3060  tran_im_umod                0.3 s  Freq=Y N.periodos=18 N.reg=2
2026-09-12 15:12:52   2984/ 3060  enps_nrg_gic                0.2 s  Freq=Y N.periodos=20 N.reg=9
2026-09-12 15:12:52   2985/ 3060  enps_demo_frate1            0.3 s  Freq=Y N.periodos=20 N.reg=8
2026-09-12 15:12:53   2986/ 3060  enpe_ilc_li09               0.3 s  Freq=Y N.periodos=20 N.reg=3
2026-09-12 15:12:53   2987/ 3060  enpe_bop_iip6_serv          0.3 s  Freq=Y N.periodos=21 N.reg=6
2026-09-12 15:12:53   2988/ 3060  enpe_bop_fdi6               0.2 s  Freq=Y N.periodos=21 N.reg=6
2026-09-12 15:12:53   2989/ 3060  enpe_rail_go                0.3 s  Freq=Y N.periodos=20 N.reg=6
2026-09-12 15:12:54   2990/ 3060  enpe_road_pa                0.2 s  Freq=Y N.periodos=20 N.reg=6
2026-09-12 15:12:54   2991/ 3060  enpe_road_go                0.2 s  Freq=Y N.periodos=20 N.reg=6
2026-09-12 15:12:54   2992/ 3060  enps_lfsa_gap               0.3 s  Freq=Y N.periodos=20 N.reg=9
2026-09-12 15:12:54   2993/ 3060  enpe_wg_m                   0.2 s  Freq=Y N.periodos=20 N.reg=6
2026-09-12 15:12:55   2994/ 3060  enpe_nama_10_lp             0.2 s  Freq=Y N.periodos=20 N.reg=6
2026-09-12 15:12:55   2995/ 3060  enpe_tour_occ_arnat         0.3 s  Freq=Y N.periodos=20 N.reg=6
2026-09-12 15:12:55   2996/ 3060  nama_10_pp                  0.3 s  Freq=Y N.periodos=4 N.reg=28
2026-09-12 15:12:55   2997/ 3060  enpe_demo_r_d3dens          0.2 s  Freq=Y N.periodos=21 N.reg=6
2026-09-12 15:12:56   2998/ 3060  enpe_ilc_di11               0.3 s  Freq=Y N.periodos=20 N.reg=6
2026-09-12 15:12:56   2999/ 3060  enpe_ilc_li01               0.3 s  Freq=Y N.periodos=20 N.reg=6
2026-09-12 15:12:56   3000/ 3060  enpe_env_wat_use            0.3 s  Freq=Y N.periodos=20 N.reg=6
2026-09-12 15:12:57   3001/ 3060  enps_tour_dem_tttot         0.3 s  Freq=Y N.periodos=20 N.reg=7
2026-09-12 15:12:57   3002/ 3060  enpe_nama_10_pe             0.3 s  Freq=Y N.periodos=19 N.reg=6
2026-09-12 15:12:57   3003/ 3060  enpe_irt_st                 0.3 s  Freq=Y N.periodos=21 N.reg=5
2026-09-12 15:12:58   3004/ 3060  enpe_isoc_ci_in_h           0.2 s  Freq=Y N.periodos=21 N.reg=6
2026-09-12 15:12:58   3005/ 3060  sdg_13_11                   0.2 s  Freq=Y N.periodos=35 N.reg=1
2026-09-12 15:12:58   3006/ 3060  enpe_tour_dem_tttot         0.2 s  Freq=Y N.periodos=20 N.reg=6
2026-09-12 15:12:58   3007/ 3060  enpe_tour_cap_nat           0.4 s  Freq=Y N.periodos=20 N.reg=6
2026-09-12 15:12:59   3008/ 3060  enps_env_wat_cov            0.2 s  Freq=Y N.periodos=21 N.reg=8
2026-09-12 15:12:59   3009/ 3060  enps_nrg_prchh              0.3 s  Freq=Y N.periodos=20 N.reg=6
2026-09-12 15:12:59   3010/ 3060  enpe_nama_10_ulc            0.3 s  Freq=Y N.periodos=20 N.reg=5
2026-09-12 15:12:59   3011/ 3060  enpe_env_wasgenm            0.3 s  Freq=Y N.periodos=20 N.reg=6
2026-09-12 15:13:00   3012/ 3060  enpe_rd_e_gerdfund          0.3 s  Freq=Y N.periodos=20 N.reg=6
2026-09-12 15:13:00   3013/ 3060  enpe_nrg_rnew               0.2 s  Freq=Y N.periodos=20 N.reg=6
2026-09-12 15:13:00   3014/ 3060  enpe_ilc_di12               0.3 s  Freq=Y N.periodos=20 N.reg=5
2026-09-12 15:13:00   3015/ 3060  enpe_ilc_li09a              0.2 s  Freq=Y N.periodos=20 N.reg=5
2026-09-12 15:13:01   3016/ 3060  road_eqs_caremiss           0.3 s  Freq=Y N.periodos=1 N.reg=40
2026-09-12 15:13:01   3017/ 3060  enps_lfsa_gaplg             0.3 s  Freq=Y N.periodos=20 N.reg=7
2026-09-12 15:13:01   3018/ 3060  enpe_isoc_ci_it_h           0.3 s  Freq=Y N.periodos=20 N.reg=4
2026-09-12 15:13:01   3019/ 3060  enpe_isoc_sk_skl_i          0.2 s  Freq=Y N.periodos=13 N.reg=4
2026-09-12 15:13:02   3020/ 3060  enpe_road_eqs_car           0.2 s  Freq=Y N.periodos=20 N.reg=5
2026-09-12 15:13:02   3021/ 3060  enpe_nrg_gic                0.3 s  Freq=Y N.periodos=20 N.reg=6
2026-09-12 15:13:02   3022/ 3060  sdg_14_51                   0.3 s  Freq=Y N.periodos=41 N.reg=0
2026-09-12 15:13:03   3023/ 3060  env_ac_curm                 0.3 s  Freq=Y N.periodos=21 N.reg=1
2026-09-12 15:13:03   3024/ 3060  enps_env_wasgenm            0.2 s  Freq=Y N.periodos=21 N.reg=7
2026-09-12 15:13:03   3025/ 3060  enpe_edat_lfse_03           0.2 s  Freq=Y N.periodos=20 N.reg=5
2026-09-12 15:13:03   3026/ 3060  enpe_ilc_di03               0.3 s  Freq=Y N.periodos=20 N.reg=4
2026-09-12 15:13:04   3027/ 3060  enps_env_wastrt             0.3 s  Freq=Y N.periodos=21 N.reg=8
2026-09-12 15:13:04   3028/ 3060  enpe_spr_exp                0.3 s  Freq=Y N.periodos=20 N.reg=4
2026-09-12 15:13:04   3029/ 3060  mar_go_am_ee                0.2 s  Freq=Y N.periodos=23 N.reg=0
2026-09-12 15:13:04   3030/ 3060  ilc_chmd04                  0.3 s  Freq=Y N.periodos=2 N.reg=37
2026-09-12 15:13:05   3031/ 3060  enps_nrg_rnew               0.2 s  Freq=Y N.periodos=20 N.reg=5
2026-09-12 15:13:05   3032/ 3060  enps_env_wasgenp            0.2 s  Freq=Y N.periodos=21 N.reg=6
2026-09-12 15:13:05   3033/ 3060  apro_mt_lsavorg             0.3 s  Freq=Y N.periodos=1 N.reg=24
2026-09-12 15:13:05   3034/ 3060  sdg_14_21                   0.3 s  Freq=Y N.periodos=22 N.reg=0
2026-09-12 15:13:06   3035/ 3060  sdg_14_30                   0.3 s  Freq=Y N.periodos=22 N.reg=0
2026-09-12 15:13:06   3036/ 3060  enpe_env_wasacc             0.3 s  Freq=Y N.periodos=20 N.reg=4
2026-09-12 15:13:06   3037/ 3060  enps_gov_10dde              0.2 s  Freq=Y N.periodos=21 N.reg=4
2026-09-12 15:13:06   3038/ 3060  enpe_irt_lt_gby10           0.3 s  Freq=Y N.periodos=21 N.reg=5
2026-09-12 15:13:07   3039/ 3060  enpe_nrg_inten              0.3 s  Freq=Y N.periodos=20 N.reg=4
2026-09-12 15:13:07   3040/ 3060  gov_eu_debt                 0.3 s  Freq=Y N.periodos=6 N.reg=1
2026-09-12 15:13:07   3041/ 3060  enpe_env_wat_cov            0.3 s  Freq=Y N.periodos=20 N.reg=4
2026-09-12 15:13:08   3042/ 3060  enpe_rd_p_pers              0.3 s  Freq=Y N.periodos=18 N.reg=4
2026-09-12 15:13:08   3043/ 3060  enpe_isoc_ci_in_ens         0.3 s  Freq=Y N.periodos=21 N.reg=6
2026-09-12 15:13:08   3044/ 3060  enpe_rail_if                0.3 s  Freq=Y N.periodos=20 N.reg=3
2026-09-12 15:13:08   3045/ 3060  enpe_mar_go                 0.2 s  Freq=Y N.periodos=21 N.reg=4
2026-09-12 15:13:09   3046/ 3060  enpe_nrg_prod               0.3 s  Freq=Y N.periodos=20 N.reg=4
2026-09-12 15:13:09   3047/ 3060  enpe_isoc_ciweb             0.3 s  Freq=Y N.periodos=21 N.reg=6
2026-09-12 15:13:09   3048/ 3060  enps_educ_figdp             0.3 s  Freq=Y N.periodos=20 N.reg=3
2026-09-12 15:13:09   3049/ 3060  tran_r_ptstop               0.3 s  Freq=Y N.periodos=1 N.reg=51
2026-09-12 15:13:10   3050/ 3060  tran_r_ptline               0.2 s  Freq=Y N.periodos=1 N.reg=51
2026-09-12 15:13:10   3051/ 3060  demo_popep                  0.2 s  Freq=Y N.periodos=1 N.reg=27
2026-09-12 15:13:10   3052/ 3060  sdg_10_20                   0.3 s  Freq=Y N.periodos=25 N.reg=2
2026-09-12 15:13:10   3053/ 3060  enpe_sts_inppd              0.2 s  Freq=Y N.periodos=15 N.reg=5
2026-09-12 15:13:11   3054/ 3060  enpe_isoc_ci_cm_ps          0.2 s  Freq=Y N.periodos=21 N.reg=5
2026-09-12 15:13:11   3055/ 3060  enpe_nrg_imp                0.3 s  Freq=Y N.periodos=20 N.reg=3
2026-09-12 15:13:11   3056/ 3060  enpe_fish_ca_main           0.2 s  Freq=Y N.periodos=20 N.reg=4
2026-09-12 15:13:11   3057/ 3060  enps_env_wasacc             0.3 s  Freq=Y N.periodos=21 N.reg=6
2026-09-12 15:13:12   3058/ 3060  sdg_13_70                   0.3 s  Freq=Y N.periodos=11 N.reg=1
2026-09-12 15:13:12   3059/ 3060  enpe_sts_trtu1              0.3 s  Freq=Y N.periodos=20 N.reg=2
2026-09-12 15:13:12   3060/ 3060  prc_rem_idx                 0.3 s  Freq=S N.periodos=25 N.reg=1
